{
    "camera": {
        "location": [
            2.9437084197998047,
            62.136573791503906,
            13.540000915527344
        ],
        "view_vector": [
            0.0798950269818306,
            -0.9913075566291809,
            -0.10452841967344284
        ],
        "world": [
            [
                -0.9967679381370544,
                0.008397302590310574,
                -0.0798950269818306,
                2.9437084197998047
            ],
            [
                0.0,
                0.9945219159126282,
                0.10452841967344284,
                13.540000915527344
            ],
            [
                0.0803351104259491,
                0.10419058054685593,
                -0.9913075566291809,
                -62.136573791503906
            ],
            [
                0.0,
                0.0,
                0.0,
                1.0
            ]
        ],
        "flocal_length": 130.0,
        "film_x": 36.0,
        "film_y": 36.0,
        "angle_x": 0.27517348527908325,
        "angle_y": 0.18409369885921478,
        "near": 0.0010000000474974513,
        "far": 100.0,
        "project_mat": [
            [
                7.222221894264957,
                0,
                0,
                0
            ],
            [
                0,
                7.222221894264957,
                0,
                0
            ],
            [
                0,
                0,
                -1.000020000200952,
                -0.0020000200951968044
            ],
            [
                0,
                0,
                -1,
                0
            ]
        ]
    }
}