{
    "camera": {
        "location": [
            -47.45574188232422,
            -30.36750030517578,
            13.540000915527344
        ],
        "view_vector": [
            0.876262366771698,
            0.47035956382751465,
            -0.10452841967344284
        ],
        "world": [
            [
                0.47295042872428894,
                0.09209884703159332,
                -0.876262366771698,
                -47.45574188232422
            ],
            [
                0.0,
                0.9945219159126282,
                0.10452841967344284,
                13.540000915527344
            ],
            [
                0.8810890316963196,
                -0.04943675920367241,
                0.47035956382751465,
                30.36750030517578
            ],
            [
                0.0,
                0.0,
                0.0,
                1.0
            ]
        ],
        "flocal_length": 130.0,
        "film_x": 36.0,
        "film_y": 36.0,
        "angle_x": 0.27517348527908325,
        "angle_y": 0.18409369885921478,
        "near": 0.0010000000474974513,
        "far": 100.0,
        "project_mat": [
            [
                7.222221894264957,
                0,
                0,
                0
            ],
            [
                0,
                7.222221894264957,
                0,
                0
            ],
            [
                0,
                0,
                -1.000020000200952,
                -0.0020000200951968044
            ],
            [
                0,
                0,
                -1,
                0
            ]
        ]
    }
}