{
    "camera": {
        "location": [
            56.92808151245117,
            -40.191490173339844,
            13.540000915527344
        ],
        "view_vector": [
            -0.7731180787086487,
            0.6255895495414734,
            -0.10452841967344284
        ],
        "world": [
            [
                0.629035472869873,
                -0.08125794678926468,
                0.7731180787086487,
                56.92808151245117
            ],
            [
                0.0,
                0.9945219159126282,
                0.10452841967344284,
                13.540000915527344
            ],
            [
                -0.7773765921592712,
                -0.06575208157300949,
                0.6255895495414734,
                40.191490173339844
            ],
            [
                0.0,
                0.0,
                0.0,
                1.0
            ]
        ],
        "flocal_length": 130.0,
        "film_x": 36.0,
        "film_y": 36.0,
        "angle_x": 0.27517348527908325,
        "angle_y": 0.18409369885921478,
        "near": 0.0010000000474974513,
        "far": 100.0,
        "project_mat": [
            [
                7.222221894264957,
                0,
                0,
                0
            ],
            [
                0,
                7.222221894264957,
                0,
                0
            ],
            [
                0,
                0,
                -1.000020000200952,
                -0.0020000200951968044
            ],
            [
                0,
                0,
                -1,
                0
            ]
        ]
    }
}