{
    "camera": {
        "location": [
            49.74034118652344,
            46.50825119018555,
            13.540000915527344
        ],
        "view_vector": [
            -0.6595437526702881,
            -0.7443627119064331,
            -0.10452841967344284
        ],
        "world": [
            [
                -0.7484628558158875,
                -0.06932081282138824,
                0.6595437526702881,
                49.74034118652344
            ],
            [
                0.0,
                0.9945219159126282,
                0.10452841967344284,
                13.540000915527344
            ],
            [
                -0.6631767153739929,
                0.07823564112186432,
                -0.7443627119064331,
                -46.50825119018555
            ],
            [
                0.0,
                0.0,
                0.0,
                1.0
            ]
        ],
        "flocal_length": 130.0,
        "film_x": 36.0,
        "film_y": 36.0,
        "angle_x": 0.27517348527908325,
        "angle_y": 0.18409369885921478,
        "near": 0.0010000000474974513,
        "far": 100.0,
        "project_mat": [
            [
                7.222221894264957,
                0,
                0,
                0
            ],
            [
                0,
                7.222221894264957,
                0,
                0
            ],
            [
                0,
                0,
                -1.000020000200952,
                -0.0020000200951968044
            ],
            [
                0,
                0,
                -1,
                0
            ]
        ]
    }
}