{
    "camera": {
        "location": [
            1.105668544769287,
            61.961265563964844,
            13.540000915527344
        ],
        "view_vector": [
            0.10893809795379639,
            -0.9885374903678894,
            -0.10452841967344284
        ],
        "world": [
            [
                -0.9939826130867004,
                0.011449851095676422,
                -0.10893809795379639,
                1.105668544769287
            ],
            [
                0.0,
                0.9945219159126282,
                0.10452841967344284,
                13.540000915527344
            ],
            [
                0.10953816026449203,
                0.10389943420886993,
                -0.9885374903678894,
                -61.961265563964844
            ],
            [
                0.0,
                0.0,
                0.0,
                1.0
            ]
        ],
        "flocal_length": 130.0,
        "film_x": 36.0,
        "film_y": 36.0,
        "angle_x": 0.27517348527908325,
        "angle_y": 0.18409369885921478,
        "near": 0.0010000000474974513,
        "far": 100.0,
        "project_mat": [
            [
                7.222221894264957,
                0,
                0,
                0
            ],
            [
                0,
                7.222221894264957,
                0,
                0
            ],
            [
                0,
                0,
                -1.000020000200952,
                -0.0020000200951968044
            ],
            [
                0,
                0,
                -1,
                0
            ]
        ]
    }
}