{
    "camera": {
        "location": [
            12.195053100585938,
            62.200042724609375,
            13.540000915527344
        ],
        "view_vector": [
            -0.06628651171922684,
            -0.9923104047775269,
            -0.10452841967344284
        ],
        "world": [
            [
                -0.9977763295173645,
                -0.006966989953070879,
                0.06628651171922684,
                12.195053100585938
            ],
            [
                0.0,
                0.9945219159126282,
                0.10452841967344284,
                13.540000915527344
            ],
            [
                -0.06665163487195969,
                0.10429598391056061,
                -0.9923104047775269,
                -62.200042724609375
            ],
            [
                0.0,
                0.0,
                0.0,
                1.0
            ]
        ],
        "flocal_length": 130.0,
        "film_x": 36.0,
        "film_y": 36.0,
        "angle_x": 0.27517348527908325,
        "angle_y": 0.18409369885921478,
        "near": 0.0010000000474974513,
        "far": 100.0,
        "project_mat": [
            [
                7.222221894264957,
                0,
                0,
                0
            ],
            [
                0,
                7.222221894264957,
                0,
                0
            ],
            [
                0,
                0,
                -1.000020000200952,
                -0.0020000200951968044
            ],
            [
                0,
                0,
                -1,
                0
            ]
        ]
    }
}