{
    "camera": {
        "location": [
            68.97718811035156,
            14.995701789855957,
            13.540000915527344
        ],
        "view_vector": [
            -0.963507354259491,
            -0.2464294284582138,
            -0.10452841967344284
        ],
        "world": [
            [
                -0.24778681993484497,
                -0.10126866400241852,
                0.963507354259491,
                68.97718811035156
            ],
            [
                0.0,
                0.9945219159126282,
                0.10452841967344284,
                13.540000915527344
            ],
            [
                -0.9688146114349365,
                0.025900764390826225,
                -0.2464294284582138,
                -14.995701789855957
            ],
            [
                0.0,
                0.0,
                0.0,
                1.0
            ]
        ],
        "flocal_length": 130.0,
        "film_x": 36.0,
        "film_y": 36.0,
        "angle_x": 0.27517348527908325,
        "angle_y": 0.18409369885921478,
        "near": 0.0010000000474974513,
        "far": 100.0,
        "project_mat": [
            [
                7.222221894264957,
                0,
                0,
                0
            ],
            [
                0,
                7.222221894264957,
                0,
                0
            ],
            [
                0,
                0,
                -1.000020000200952,
                -0.0020000200951968044
            ],
            [
                0,
                0,
                -1,
                0
            ]
        ]
    }
}