{
    "camera": {
        "location": [
            0.4665398597717285,
            -63.087520599365234,
            13.540000915527344
        ],
        "view_vector": [
            0.11903703957796097,
            0.9873722791671753,
            -0.10452841967344284
        ],
        "world": [
            [
                0.9928109645843506,
                0.012511291541159153,
                -0.11903703957796097,
                0.4665398597717285
            ],
            [
                0.0,
                0.9945219159126282,
                0.10452841967344284,
                13.540000915527344
            ],
            [
                0.11969272792339325,
                -0.1037769615650177,
                0.9873722791671753,
                63.087520599365234
            ],
            [
                0.0,
                0.0,
                0.0,
                1.0
            ]
        ],
        "flocal_length": 130.0,
        "film_x": 36.0,
        "film_y": 36.0,
        "angle_x": 0.27517348527908325,
        "angle_y": 0.18409369885921478,
        "near": 0.0010000000474974513,
        "far": 100.0,
        "project_mat": [
            [
                7.222221894264957,
                0,
                0,
                0
            ],
            [
                0,
                7.222221894264957,
                0,
                0
            ],
            [
                0,
                0,
                -1.000020000200952,
                -0.0020000200951968044
            ],
            [
                0,
                0,
                -1,
                0
            ]
        ]
    }
}