{
    "camera": {
        "location": [
            70.627197265625,
            5.6671953201293945,
            13.540000915527344
        ],
        "view_vector": [
            -0.9895793199539185,
            -0.09902865439653397,
            -0.10452841967344284
        ],
        "world": [
            [
                -0.09957412630319595,
                -0.10400892794132233,
                0.9895793199539185,
                70.627197265625
            ],
            [
                0.0,
                0.9945219159126282,
                0.10452841967344284,
                13.540000915527344
            ],
            [
                -0.9950301647186279,
                0.010408326052129269,
                -0.09902865439653397,
                -5.6671953201293945
            ],
            [
                0.0,
                0.0,
                0.0,
                1.0
            ]
        ],
        "flocal_length": 130.0,
        "film_x": 36.0,
        "film_y": 36.0,
        "angle_x": 0.27517348527908325,
        "angle_y": 0.18409369885921478,
        "near": 0.0010000000474974513,
        "far": 100.0,
        "project_mat": [
            [
                7.222221894264957,
                0,
                0,
                0
            ],
            [
                0,
                7.222221894264957,
                0,
                0
            ],
            [
                0,
                0,
                -1.000020000200952,
                -0.0020000200951968044
            ],
            [
                0,
                0,
                -1,
                0
            ]
        ]
    }
}