{
    "camera": {
        "location": [
            70.86050415039062,
            -3.7622556686401367,
            13.540000915527344
        ],
        "view_vector": [
            -0.9932658672332764,
            0.04996715113520622,
            -0.10452841967344284
        ],
        "world": [
            [
                0.050242383033037186,
                -0.10439640283584595,
                0.9932658672332764,
                70.86050415039062
            ],
            [
                0.0,
                0.9945219159126282,
                0.10452841967344284,
                13.540000915527344
            ],
            [
                -0.9987370371818542,
                -0.005251756869256496,
                0.04996715113520622,
                3.7622556686401367
            ],
            [
                0.0,
                0.0,
                0.0,
                1.0
            ]
        ],
        "flocal_length": 130.0,
        "film_x": 36.0,
        "film_y": 36.0,
        "angle_x": 0.27517348527908325,
        "angle_y": 0.18409369885921478,
        "near": 0.0010000000474974513,
        "far": 100.0,
        "project_mat": [
            [
                7.222221894264957,
                0,
                0,
                0
            ],
            [
                0,
                7.222221894264957,
                0,
                0
            ],
            [
                0,
                0,
                -1.000020000200952,
                -0.0020000200951968044
            ],
            [
                0,
                0,
                -1,
                0
            ]
        ]
    }
}