{
    "camera": {
        "location": [
            -48.30571746826172,
            -28.72667121887207,
            13.540000915527344
        ],
        "view_vector": [
            0.8896929025650024,
            0.44443264603614807,
            -0.10452841967344284
        ],
        "world": [
            [
                0.4468806982040405,
                0.0935104489326477,
                -0.8896929025650024,
                -48.30571746826172
            ],
            [
                0.0,
                0.9945219159126282,
                0.10452841967344284,
                13.540000915527344
            ],
            [
                0.8945935368537903,
                -0.04671173170208931,
                0.44443264603614807,
                28.72667121887207
            ],
            [
                0.0,
                0.0,
                0.0,
                1.0
            ]
        ],
        "flocal_length": 130.0,
        "film_x": 36.0,
        "film_y": 36.0,
        "angle_x": 0.27517348527908325,
        "angle_y": 0.18409369885921478,
        "near": 0.0010000000474974513,
        "far": 100.0,
        "project_mat": [
            [
                7.222221894264957,
                0,
                0,
                0
            ],
            [
                0,
                7.222221894264957,
                0,
                0
            ],
            [
                0,
                0,
                -1.000020000200952,
                -0.0020000200951968044
            ],
            [
                0,
                0,
                -1,
                0
            ]
        ]
    }
}