{
    "camera": {
        "location": [
            -41.256065368652344,
            38.58269119262695,
            13.540000915527344
        ],
        "view_vector": [
            0.7783005833625793,
            -0.61913001537323,
            -0.10452841967344284
        ],
        "world": [
            [
                -0.6225403547286987,
                0.08180265128612518,
                -0.7783005833625793,
                -41.256065368652344
            ],
            [
                0.0,
                0.9945219159126282,
                0.10452841967344284,
                13.540000915527344
            ],
            [
                0.7825876474380493,
                0.065073162317276,
                -0.61913001537323,
                -38.58269119262695
            ],
            [
                0.0,
                0.0,
                0.0,
                1.0
            ]
        ],
        "flocal_length": 130.0,
        "film_x": 36.0,
        "film_y": 36.0,
        "angle_x": 0.27517348527908325,
        "angle_y": 0.18409369885921478,
        "near": 0.0010000000474974513,
        "far": 100.0,
        "project_mat": [
            [
                7.222221894264957,
                0,
                0,
                0
            ],
            [
                0,
                7.222221894264957,
                0,
                0
            ],
            [
                0,
                0,
                -1.000020000200952,
                -0.0020000200951968044
            ],
            [
                0,
                0,
                -1,
                0
            ]
        ]
    }
}