{
    "camera": {
        "location": [
            -8.947381973266602,
            60.01542663574219,
            13.540000915527344
        ],
        "view_vector": [
            0.26778748631477356,
            -0.9577910304069519,
            -0.10452841967344284
        ],
        "world": [
            [
                -0.963066816329956,
                0.02814558520913124,
                -0.26778748631477356,
                -8.947381973266602
            ],
            [
                0.0,
                0.9945219159126282,
                0.10452841967344284,
                13.540000915527344
            ],
            [
                0.26926252245903015,
                0.10066784918308258,
                -0.9577910304069519,
                -60.01542663574219
            ],
            [
                0.0,
                0.0,
                0.0,
                1.0
            ]
        ],
        "flocal_length": 130.0,
        "film_x": 36.0,
        "film_y": 36.0,
        "angle_x": 0.27517348527908325,
        "angle_y": 0.18409369885921478,
        "near": 0.0010000000474974513,
        "far": 100.0,
        "project_mat": [
            [
                7.222221894264957,
                0,
                0,
                0
            ],
            [
                0,
                7.222221894264957,
                0,
                0
            ],
            [
                0,
                0,
                -1.000020000200952,
                -0.0020000200951968044
            ],
            [
                0,
                0,
                -1,
                0
            ]
        ]
    }
}