{
    "camera": {
        "location": [
            -22.473411560058594,
            54.47100067138672,
            13.540000915527344
        ],
        "view_vector": [
            0.48151376843452454,
            -0.870182991027832,
            -0.10452841967344284
        ],
        "world": [
            [
                -0.8749761581420898,
                0.05060911178588867,
                -0.48151376843452454,
                -22.473411560058594
            ],
            [
                0.0,
                0.9945219159126282,
                0.10452841967344284,
                13.540000915527344
            ],
            [
                0.48416605591773987,
                0.09145987778902054,
                -0.870182991027832,
                -54.47100067138672
            ],
            [
                0.0,
                0.0,
                0.0,
                1.0
            ]
        ],
        "flocal_length": 130.0,
        "film_x": 36.0,
        "film_y": 36.0,
        "angle_x": 0.27517348527908325,
        "angle_y": 0.18409369885921478,
        "near": 0.0010000000474974513,
        "far": 100.0,
        "project_mat": [
            [
                7.222221894264957,
                0,
                0,
                0
            ],
            [
                0,
                7.222221894264957,
                0,
                0
            ],
            [
                0,
                0,
                -1.000020000200952,
                -0.0020000200951968044
            ],
            [
                0,
                0,
                -1,
                0
            ]
        ]
    }
}