{
    "camera": {
        "location": [
            60.38973617553711,
            34.282073974609375,
            13.540000915527344
        ],
        "view_vector": [
            -0.8278160691261292,
            -0.5511754751205444,
            -0.10452841967344284
        ],
        "world": [
            [
                -0.5542114973068237,
                -0.08700693398714066,
                0.8278160691261292,
                60.38973617553711
            ],
            [
                0.0,
                0.9945219159126282,
                0.10452841967344284,
                13.540000915527344
            ],
            [
                -0.8323758840560913,
                0.057930853217840195,
                -0.5511754751205444,
                -34.282073974609375
            ],
            [
                0.0,
                0.0,
                0.0,
                1.0
            ]
        ],
        "flocal_length": 130.0,
        "film_x": 36.0,
        "film_y": 36.0,
        "angle_x": 0.27517348527908325,
        "angle_y": 0.18409369885921478,
        "near": 0.0010000000474974513,
        "far": 100.0,
        "project_mat": [
            [
                7.222221894264957,
                0,
                0,
                0
            ],
            [
                0,
                7.222221894264957,
                0,
                0
            ],
            [
                0,
                0,
                -1.000020000200952,
                -0.0020000200951968044
            ],
            [
                0,
                0,
                -1,
                0
            ]
        ]
    }
}