{
    "camera": {
        "location": [
            63.6915168762207,
            -29.924020767211914,
            13.540000915527344
        ],
        "view_vector": [
            -0.8799878358840942,
            0.4633520841598511,
            -0.10452841967344284
        ],
        "world": [
            [
                0.4659043550491333,
                -0.09249041229486465,
                0.8799878358840942,
                63.6915168762207
            ],
            [
                0.0,
                0.9945219159126282,
                0.10452841967344284,
                13.540000915527344
            ],
            [
                -0.8848350644111633,
                -0.0487002469599247,
                0.4633520841598511,
                29.924020767211914
            ],
            [
                0.0,
                0.0,
                0.0,
                1.0
            ]
        ],
        "flocal_length": 130.0,
        "film_x": 36.0,
        "film_y": 36.0,
        "angle_x": 0.27517348527908325,
        "angle_y": 0.18409369885921478,
        "near": 0.0010000000474974513,
        "far": 100.0,
        "project_mat": [
            [
                7.222221894264957,
                0,
                0,
                0
            ],
            [
                0,
                7.222221894264957,
                0,
                0
            ],
            [
                0,
                0,
                -1.000020000200952,
                -0.0020000200951968044
            ],
            [
                0,
                0,
                -1,
                0
            ]
        ]
    }
}