{
    "camera": {
        "location": [
            64.81561279296875,
            -27.681901931762695,
            13.540000915527344
        ],
        "view_vector": [
            -0.8977498412132263,
            0.42792412638664246,
            -0.10452841967344284
        ],
        "world": [
            [
                0.43028125166893005,
                -0.09435726702213287,
                0.8977498412132263,
                64.81561279296875
            ],
            [
                0.0,
                0.9945219159126282,
                0.10452841967344284,
                13.540000915527344
            ],
            [
                -0.9026948809623718,
                -0.0449766181409359,
                0.42792412638664246,
                27.681901931762695
            ],
            [
                0.0,
                0.0,
                0.0,
                1.0
            ]
        ],
        "flocal_length": 130.0,
        "film_x": 36.0,
        "film_y": 36.0,
        "angle_x": 0.27517348527908325,
        "angle_y": 0.18409369885921478,
        "near": 0.0010000000474974513,
        "far": 100.0,
        "project_mat": [
            [
                7.222221894264957,
                0,
                0,
                0
            ],
            [
                0,
                7.222221894264957,
                0,
                0
            ],
            [
                0,
                0,
                -1.000020000200952,
                -0.0020000200951968044
            ],
            [
                0,
                0,
                -1,
                0
            ]
        ]
    }
}