{
    "camera": {
        "location": [
            69.34906005859375,
            13.46185302734375,
            13.540000915527344
        ],
        "view_vector": [
            -0.9693833589553833,
            -0.2221929132938385,
            -0.10452841967344284
        ],
        "world": [
            [
                -0.22341680526733398,
                -0.10188625007867813,
                0.9693833589553833,
                69.34906005859375
            ],
            [
                0.0,
                0.9945219159126282,
                0.10452841967344284,
                13.540000915527344
            ],
            [
                -0.9747229814529419,
                0.02335340529680252,
                -0.2221929132938385,
                -13.46185302734375
            ],
            [
                0.0,
                0.0,
                0.0,
                1.0
            ]
        ],
        "flocal_length": 130.0,
        "film_x": 36.0,
        "film_y": 36.0,
        "angle_x": 0.27517348527908325,
        "angle_y": 0.18409369885921478,
        "near": 0.0010000000474974513,
        "far": 100.0,
        "project_mat": [
            [
                7.222221894264957,
                0,
                0,
                0
            ],
            [
                0,
                7.222221894264957,
                0,
                0
            ],
            [
                0,
                0,
                -1.000020000200952,
                -0.0020000200951968044
            ],
            [
                0,
                0,
                -1,
                0
            ]
        ]
    }
}