{
    "camera": {
        "location": [
            -54.55263900756836,
            6.372154712677002,
            13.540000915527344
        ],
        "view_vector": [
            0.9884012341499329,
            -0.11016778647899628,
            -0.10452841967344284
        ],
        "world": [
            [
                -0.11077462136745453,
                0.10388510674238205,
                -0.9884012341499329,
                -54.55263900756836
            ],
            [
                0.0,
                0.9945219159126282,
                0.10452841967344284,
                13.540000915527344
            ],
            [
                0.9938455820083618,
                0.01157909631729126,
                -0.11016778647899628,
                -6.372154712677002
            ],
            [
                0.0,
                0.0,
                0.0,
                1.0
            ]
        ],
        "flocal_length": 130.0,
        "film_x": 36.0,
        "film_y": 36.0,
        "angle_x": 0.27517348527908325,
        "angle_y": 0.18409369885921478,
        "near": 0.0010000000474974513,
        "far": 100.0,
        "project_mat": [
            [
                7.222221894264957,
                0,
                0,
                0
            ],
            [
                0,
                7.222221894264957,
                0,
                0
            ],
            [
                0,
                0,
                -1.000020000200952,
                -0.0020000200951968044
            ],
            [
                0,
                0,
                -1,
                0
            ]
        ]
    }
}