{
    "camera": {
        "location": [
            7.860389232635498,
            -63.53984451293945,
            13.540000915527344
        ],
        "view_vector": [
            0.0022060039918869734,
            0.9945194721221924,
            -0.10452841967344284
        ],
        "world": [
            [
                0.9999975562095642,
                0.00023186026373878121,
                -0.0022060039918869734,
                7.860389232635498
            ],
            [
                0.0,
                0.9945219159126282,
                0.10452841967344284,
                13.540000915527344
            ],
            [
                0.002218155190348625,
                -0.10452816635370255,
                0.9945194721221924,
                63.53984451293945
            ],
            [
                0.0,
                0.0,
                0.0,
                1.0
            ]
        ],
        "flocal_length": 130.0,
        "film_x": 36.0,
        "film_y": 36.0,
        "angle_x": 0.27517348527908325,
        "angle_y": 0.18409369885921478,
        "near": 0.0010000000474974513,
        "far": 100.0,
        "project_mat": [
            [
                7.222221894264957,
                0,
                0,
                0
            ],
            [
                0,
                7.222221894264957,
                0,
                0
            ],
            [
                0,
                0,
                -1.000020000200952,
                -0.0020000200951968044
            ],
            [
                0,
                0,
                -1,
                0
            ]
        ]
    }
}