{
    "camera": {
        "location": [
            -54.87633514404297,
            2.230167865753174,
            13.540000915527344
        ],
        "view_vector": [
            0.9935159683227539,
            -0.044719796627759933,
            -0.10452841967344284
        ],
        "world": [
            [
                -0.04496612399816513,
                0.1044226884841919,
                -0.9935159683227539,
                -54.87633514404297
            ],
            [
                0.0,
                0.9945219159126282,
                0.10452841967344284,
                13.540000915527344
            ],
            [
                0.9989885091781616,
                0.004700237885117531,
                -0.044719796627759933,
                -2.230167865753174
            ],
            [
                0.0,
                0.0,
                0.0,
                1.0
            ]
        ],
        "flocal_length": 130.0,
        "film_x": 36.0,
        "film_y": 36.0,
        "angle_x": 0.27517348527908325,
        "angle_y": 0.18409369885921478,
        "near": 0.0010000000474974513,
        "far": 100.0,
        "project_mat": [
            [
                7.222221894264957,
                0,
                0,
                0
            ],
            [
                0,
                7.222221894264957,
                0,
                0
            ],
            [
                0,
                0,
                -1.000020000200952,
                -0.0020000200951968044
            ],
            [
                0,
                0,
                -1,
                0
            ]
        ]
    }
}