{
    "camera": {
        "location": [
            -52.4383659362793,
            16.968351364135742,
            13.540000915527344
        ],
        "view_vector": [
            0.9549933671951294,
            -0.2775994837284088,
            -0.10452841967344284
        ],
        "world": [
            [
                -0.2791285812854767,
                0.10037380456924438,
                -0.9549933671951294,
                -52.4383659362793
            ],
            [
                0.0,
                0.9945219159126282,
                0.10452841967344284,
                13.540000915527344
            ],
            [
                0.9602537155151367,
                0.029176870360970497,
                -0.2775994837284088,
                -16.968351364135742
            ],
            [
                0.0,
                0.0,
                0.0,
                1.0
            ]
        ],
        "flocal_length": 130.0,
        "film_x": 36.0,
        "film_y": 36.0,
        "angle_x": 0.27517348527908325,
        "angle_y": 0.18409369885921478,
        "near": 0.0010000000474974513,
        "far": 100.0,
        "project_mat": [
            [
                7.222221894264957,
                0,
                0,
                0
            ],
            [
                0,
                7.222221894264957,
                0,
                0
            ],
            [
                0,
                0,
                -1.000020000200952,
                -0.0020000200951968044
            ],
            [
                0,
                0,
                -1,
                0
            ]
        ]
    }
}