{
    "camera": {
        "location": [
            -35.13302993774414,
            -46.43650436401367,
            13.540000915527344
        ],
        "view_vector": [
            0.6815497875213623,
            0.7242677211761475,
            -0.10452841967344284
        ],
        "world": [
            [
                0.7282571792602539,
                0.0716337338089943,
                -0.6815497875213623,
                -35.13302993774414
            ],
            [
                0.0,
                0.9945219159126282,
                0.10452841967344284,
                13.540000915527344
            ],
            [
                0.6853039264678955,
                -0.07612357288599014,
                0.7242677211761475,
                46.43650436401367
            ],
            [
                0.0,
                0.0,
                0.0,
                1.0
            ]
        ],
        "flocal_length": 130.0,
        "film_x": 36.0,
        "film_y": 36.0,
        "angle_x": 0.27517348527908325,
        "angle_y": 0.18409369885921478,
        "near": 0.0010000000474974513,
        "far": 100.0,
        "project_mat": [
            [
                7.222221894264957,
                0,
                0,
                0
            ],
            [
                0,
                7.222221894264957,
                0,
                0
            ],
            [
                0,
                0,
                -1.000020000200952,
                -0.0020000200951968044
            ],
            [
                0,
                0,
                -1,
                0
            ]
        ]
    }
}