{
    "camera": {
        "location": [
            -3.090418815612793,
            61.35519790649414,
            13.540000915527344
        ],
        "view_vector": [
            0.17524094879627228,
            -0.9789609313011169,
            -0.10452841967344284
        ],
        "world": [
            [
                -0.9843533039093018,
                0.018418557941913605,
                -0.17524094879627228,
                -3.090418815612793
            ],
            [
                0.0,
                0.9945219159126282,
                0.10452841967344284,
                13.540000915527344
            ],
            [
                0.17620621621608734,
                0.10289289802312851,
                -0.9789609313011169,
                -61.35519790649414
            ],
            [
                0.0,
                0.0,
                0.0,
                1.0
            ]
        ],
        "flocal_length": 130.0,
        "film_x": 36.0,
        "film_y": 36.0,
        "angle_x": 0.27517348527908325,
        "angle_y": 0.18409369885921478,
        "near": 0.0010000000474974513,
        "far": 100.0,
        "project_mat": [
            [
                7.222221894264957,
                0,
                0,
                0
            ],
            [
                0,
                7.222221894264957,
                0,
                0
            ],
            [
                0,
                0,
                -1.000020000200952,
                -0.0020000200951968044
            ],
            [
                0,
                0,
                -1,
                0
            ]
        ]
    }
}