{
    "camera": {
        "location": [
            -54.796913146972656,
            -4.841619968414307,
            13.540000915527344
        ],
        "view_vector": [
            0.9922609925270081,
            0.06702230870723724,
            -0.10452841967344284
        ],
        "world": [
            [
                0.06739148497581482,
                0.10429078340530396,
                -0.9922609925270081,
                -54.796913146972656
            ],
            [
                0.0,
                0.9945219159126282,
                0.10452841967344284,
                13.540000915527344
            ],
            [
                0.9977266192436218,
                -0.007044325582683086,
                0.06702230870723724,
                4.841619968414307
            ],
            [
                0.0,
                0.0,
                0.0,
                1.0
            ]
        ],
        "flocal_length": 130.0,
        "film_x": 36.0,
        "film_y": 36.0,
        "angle_x": 0.27517348527908325,
        "angle_y": 0.18409369885921478,
        "near": 0.0010000000474974513,
        "far": 100.0,
        "project_mat": [
            [
                7.222221894264957,
                0,
                0,
                0
            ],
            [
                0,
                7.222221894264957,
                0,
                0
            ],
            [
                0,
                0,
                -1.000020000200952,
                -0.0020000200951968044
            ],
            [
                0,
                0,
                -1,
                0
            ]
        ]
    }
}