{
    "camera": {
        "location": [
            -38.60208511352539,
            -42.90471649169922,
            13.540000915527344
        ],
        "view_vector": [
            0.7363647222518921,
            0.6684615612030029,
            -0.10452841967344284
        ],
        "world": [
            [
                0.6721436381340027,
                0.0773950144648552,
                -0.7363647222518921,
                -38.60208511352539
            ],
            [
                0.0,
                0.9945219159126282,
                0.10452841967344284,
                13.540000915527344
            ],
            [
                0.7404208183288574,
                -0.07025811076164246,
                0.6684615612030029,
                42.90471649169922
            ],
            [
                0.0,
                0.0,
                0.0,
                1.0
            ]
        ],
        "flocal_length": 130.0,
        "film_x": 36.0,
        "film_y": 36.0,
        "angle_x": 0.27517348527908325,
        "angle_y": 0.18409369885921478,
        "near": 0.0010000000474974513,
        "far": 100.0,
        "project_mat": [
            [
                7.222221894264957,
                0,
                0,
                0
            ],
            [
                0,
                7.222221894264957,
                0,
                0
            ],
            [
                0,
                0,
                -1.000020000200952,
                -0.0020000200951968044
            ],
            [
                0,
                0,
                -1,
                0
            ]
        ]
    }
}