{
    "camera": {
        "location": [
            -38.28308868408203,
            -43.253475189208984,
            13.540000915527344
        ],
        "view_vector": [
            0.7313242554664612,
            0.6739723086357117,
            -0.10452841967344284
        ],
        "world": [
            [
                0.6776847243309021,
                0.07686524093151093,
                -0.7313242554664612,
                -38.28308868408203
            ],
            [
                0.0,
                0.9945219159126282,
                0.10452841967344284,
                13.540000915527344
            ],
            [
                0.7353525757789612,
                -0.07083731144666672,
                0.6739723086357117,
                43.253475189208984
            ],
            [
                0.0,
                0.0,
                0.0,
                1.0
            ]
        ],
        "flocal_length": 130.0,
        "film_x": 36.0,
        "film_y": 36.0,
        "angle_x": 0.27517348527908325,
        "angle_y": 0.18409369885921478,
        "near": 0.0010000000474974513,
        "far": 100.0,
        "project_mat": [
            [
                7.222221894264957,
                0,
                0,
                0
            ],
            [
                0,
                7.222221894264957,
                0,
                0
            ],
            [
                0,
                0,
                -1.000020000200952,
                -0.0020000200951968044
            ],
            [
                0,
                0,
                -1,
                0
            ]
        ]
    }
}