{
    "camera": {
        "location": [
            -44.07777786254883,
            34.746124267578125,
            13.540000915527344
        ],
        "view_vector": [
            0.8228867650032043,
            -0.5585079789161682,
            -0.10452841967344284
        ],
        "world": [
            [
                -0.5615844130516052,
                0.08648885041475296,
                -0.8228867650032043,
                -44.07777786254883
            ],
            [
                0.0,
                0.9945219159126282,
                0.10452841967344284,
                13.540000915527344
            ],
            [
                0.8274194598197937,
                0.0587015300989151,
                -0.5585079789161682,
                -34.746124267578125
            ],
            [
                0.0,
                0.0,
                0.0,
                1.0
            ]
        ],
        "flocal_length": 130.0,
        "film_x": 36.0,
        "film_y": 36.0,
        "angle_x": 0.27517348527908325,
        "angle_y": 0.18409369885921478,
        "near": 0.0010000000474974513,
        "far": 100.0,
        "project_mat": [
            [
                7.222221894264957,
                0,
                0,
                0
            ],
            [
                0,
                7.222221894264957,
                0,
                0
            ],
            [
                0,
                0,
                -1.000020000200952,
                -0.0020000200951968044
            ],
            [
                0,
                0,
                -1,
                0
            ]
        ]
    }
}