{
    "camera": {
        "location": [
            44.440818786621094,
            50.71773910522461,
            13.540000915527344
        ],
        "view_vector": [
            -0.5758054256439209,
            -0.81087726354599,
            -0.10452841967344284
        ],
        "world": [
            [
                -0.8153437972068787,
                -0.06051956117153168,
                0.5758054256439209,
                44.440818786621094
            ],
            [
                0.0,
                0.9945219159126282,
                0.10452841967344284,
                13.540000915527344
            ],
            [
                -0.578977108001709,
                0.08522659540176392,
                -0.81087726354599,
                -50.71773910522461
            ],
            [
                0.0,
                0.0,
                0.0,
                1.0
            ]
        ],
        "flocal_length": 130.0,
        "film_x": 36.0,
        "film_y": 36.0,
        "angle_x": 0.27517348527908325,
        "angle_y": 0.18409369885921478,
        "near": 0.0010000000474974513,
        "far": 100.0,
        "project_mat": [
            [
                7.222221894264957,
                0,
                0,
                0
            ],
            [
                0,
                7.222221894264957,
                0,
                0
            ],
            [
                0,
                0,
                -1.000020000200952,
                -0.0020000200951968044
            ],
            [
                0,
                0,
                -1,
                0
            ]
        ]
    }
}