{
    "camera": {
        "location": [
            -48.104026794433594,
            27.926855087280273,
            13.540000915527344
        ],
        "view_vector": [
            0.8865059614181519,
            -0.4507560133934021,
            -0.10452841967344284
        ],
        "world": [
            [
                -0.45323890447616577,
                0.0931754931807518,
                -0.8865059614181519,
                -48.104026794433594
            ],
            [
                0.0,
                0.9945219159126282,
                0.10452841967344284,
                13.540000915527344
            ],
            [
                0.8913890719413757,
                0.047376345843076706,
                -0.4507560133934021,
                -27.926855087280273
            ],
            [
                0.0,
                0.0,
                0.0,
                1.0
            ]
        ],
        "flocal_length": 130.0,
        "film_x": 36.0,
        "film_y": 36.0,
        "angle_x": 0.27517348527908325,
        "angle_y": 0.18409369885921478,
        "near": 0.0010000000474974513,
        "far": 100.0,
        "project_mat": [
            [
                7.222221894264957,
                0,
                0,
                0
            ],
            [
                0,
                7.222221894264957,
                0,
                0
            ],
            [
                0,
                0,
                -1.000020000200952,
                -0.0020000200951968044
            ],
            [
                0,
                0,
                -1,
                0
            ]
        ]
    }
}