{
    "camera": {
        "location": [
            33.541419982910156,
            56.92459487915039,
            13.540000915527344
        ],
        "view_vector": [
            -0.4035828411579132,
            -0.908952534198761,
            -0.10452841967344284
        ],
        "world": [
            [
                -0.913959264755249,
                -0.04241824895143509,
                0.4035828411579132,
                33.541419982910156
            ],
            [
                0.0,
                0.9945219159126282,
                0.10452841967344284,
                13.540000915527344
            ],
            [
                -0.40580588579177856,
                0.09553471952676773,
                -0.908952534198761,
                -56.92459487915039
            ],
            [
                0.0,
                0.0,
                0.0,
                1.0
            ]
        ],
        "flocal_length": 130.0,
        "film_x": 36.0,
        "film_y": 36.0,
        "angle_x": 0.27517348527908325,
        "angle_y": 0.18409369885921478,
        "near": 0.0010000000474974513,
        "far": 100.0,
        "project_mat": [
            [
                7.222221894264957,
                0,
                0,
                0
            ],
            [
                0,
                7.222221894264957,
                0,
                0
            ],
            [
                0,
                0,
                -1.000020000200952,
                -0.0020000200951968044
            ],
            [
                0,
                0,
                -1,
                0
            ]
        ]
    }
}