{
    "camera": {
        "location": [
            60.30447006225586,
            -35.60979461669922,
            13.540000915527344
        ],
        "view_vector": [
            -0.8264687061309814,
            0.5531936883926392,
            -0.10452841967344284
        ],
        "world": [
            [
                0.5562407970428467,
                -0.08686532825231552,
                0.8264687061309814,
                60.30447006225586
            ],
            [
                0.0,
                0.9945219159126282,
                0.10452841967344284,
                13.540000915527344
            ],
            [
                -0.8310211300849915,
                -0.058142971247434616,
                0.5531936883926392,
                35.60979461669922
            ],
            [
                0.0,
                0.0,
                0.0,
                1.0
            ]
        ],
        "flocal_length": 130.0,
        "film_x": 36.0,
        "film_y": 36.0,
        "angle_x": 0.27517348527908325,
        "angle_y": 0.18409369885921478,
        "near": 0.0010000000474974513,
        "far": 100.0,
        "project_mat": [
            [
                7.222221894264957,
                0,
                0,
                0
            ],
            [
                0,
                7.222221894264957,
                0,
                0
            ],
            [
                0,
                0,
                -1.000020000200952,
                -0.0020000200951968044
            ],
            [
                0,
                0,
                -1,
                0
            ]
        ]
    }
}