{
    "camera": {
        "location": [
            -51.49482345581055,
            -21.138002395629883,
            13.540000915527344
        ],
        "view_vector": [
            0.9400843381881714,
            0.32452327013015747,
            -0.10452841967344284
        ],
        "world": [
            [
                0.32631081342697144,
                0.09880679845809937,
                -0.9400843381881714,
                -51.49482345581055
            ],
            [
                0.0,
                0.9945219159126282,
                0.10452841967344284,
                13.540000915527344
            ],
            [
                0.9452625513076782,
                -0.03410875424742699,
                0.32452327013015747,
                21.138002395629883
            ],
            [
                0.0,
                0.0,
                0.0,
                1.0
            ]
        ],
        "flocal_length": 130.0,
        "film_x": 36.0,
        "film_y": 36.0,
        "angle_x": 0.27517348527908325,
        "angle_y": 0.18409369885921478,
        "near": 0.0010000000474974513,
        "far": 100.0,
        "project_mat": [
            [
                7.222221894264957,
                0,
                0,
                0
            ],
            [
                0,
                7.222221894264957,
                0,
                0
            ],
            [
                0,
                0,
                -1.000020000200952,
                -0.0020000200951968044
            ],
            [
                0,
                0,
                -1,
                0
            ]
        ]
    }
}