{
    "camera": {
        "location": [
            -25.7615966796875,
            -53.718711853027344,
            13.540000915527344
        ],
        "view_vector": [
            0.5334707498550415,
            0.8393346667289734,
            -0.10452841967344284
        ],
        "world": [
            [
                0.8439579606056213,
                0.05607001110911369,
                -0.5334707498550415,
                -25.7615966796875
            ],
            [
                0.0,
                0.9945219159126282,
                0.10452841967344284,
                13.540000915527344
            ],
            [
                0.5364092588424683,
                -0.088217593729496,
                0.8393346667289734,
                53.718711853027344
            ],
            [
                0.0,
                0.0,
                0.0,
                1.0
            ]
        ],
        "flocal_length": 130.0,
        "film_x": 36.0,
        "film_y": 36.0,
        "angle_x": 0.27517348527908325,
        "angle_y": 0.18409369885921478,
        "near": 0.0010000000474974513,
        "far": 100.0,
        "project_mat": [
            [
                7.222221894264957,
                0,
                0,
                0
            ],
            [
                0,
                7.222221894264957,
                0,
                0
            ],
            [
                0,
                0,
                -1.000020000200952,
                -0.0020000200951968044
            ],
            [
                0,
                0,
                -1,
                0
            ]
        ]
    }
}