{
    "camera": {
        "location": [
            -52.197540283203125,
            -18.976613998413086,
            13.540000915527344
        ],
        "view_vector": [
            0.9511880278587341,
            0.290370911359787,
            -0.10452841967344284
        ],
        "world": [
            [
                0.2919703423976898,
                0.09997384250164032,
                -0.9511880278587341,
                -52.197540283203125
            ],
            [
                0.0,
                0.9945219159126282,
                0.10452841967344284,
                13.540000915527344
            ],
            [
                0.9564273953437805,
                -0.03051919862627983,
                0.290370911359787,
                18.976613998413086
            ],
            [
                0.0,
                0.0,
                0.0,
                1.0
            ]
        ],
        "flocal_length": 130.0,
        "film_x": 36.0,
        "film_y": 36.0,
        "angle_x": 0.27517348527908325,
        "angle_y": 0.18409369885921478,
        "near": 0.0010000000474974513,
        "far": 100.0,
        "project_mat": [
            [
                7.222221894264957,
                0,
                0,
                0
            ],
            [
                0,
                7.222221894264957,
                0,
                0
            ],
            [
                0,
                0,
                -1.000020000200952,
                -0.0020000200951968044
            ],
            [
                0,
                0,
                -1,
                0
            ]
        ]
    }
}