{
    "camera": {
        "location": [
            -54.35480880737305,
            7.962792873382568,
            13.540000915527344
        ],
        "view_vector": [
            0.9852752685546875,
            -0.1353016346693039,
            -0.10452841967344284
        ],
        "world": [
            [
                -0.13604691624641418,
                0.1035565584897995,
                -0.9852752685546875,
                -54.35480880737305
            ],
            [
                0.0,
                0.9945219159126282,
                0.10452841967344284,
                13.540000915527344
            ],
            [
                0.9907023906707764,
                0.0142207695171237,
                -0.1353016346693039,
                -7.962792873382568
            ],
            [
                0.0,
                0.0,
                0.0,
                1.0
            ]
        ],
        "flocal_length": 130.0,
        "film_x": 36.0,
        "film_y": 36.0,
        "angle_x": 0.27517348527908325,
        "angle_y": 0.18409369885921478,
        "near": 0.0010000000474974513,
        "far": 100.0,
        "project_mat": [
            [
                7.222221894264957,
                0,
                0,
                0
            ],
            [
                0,
                7.222221894264957,
                0,
                0
            ],
            [
                0,
                0,
                -1.000020000200952,
                -0.0020000200951968044
            ],
            [
                0,
                0,
                -1,
                0
            ]
        ]
    }
}