{
    "camera": {
        "location": [
            -54.28807067871094,
            8.435457229614258,
            13.540000915527344
        ],
        "view_vector": [
            0.9842207431793213,
            -0.14277027547359467,
            -0.10452841967344284
        ],
        "world": [
            [
                -0.14355668425559998,
                0.10344572365283966,
                -0.9842207431793213,
                -54.28807067871094
            ],
            [
                0.0,
                0.9945219159126282,
                0.10452841967344284,
                13.540000915527344
            ],
            [
                0.9896420836448669,
                0.015005753375589848,
                -0.14277027547359467,
                -8.435457229614258
            ],
            [
                0.0,
                0.0,
                0.0,
                1.0
            ]
        ],
        "flocal_length": 130.0,
        "film_x": 36.0,
        "film_y": 36.0,
        "angle_x": 0.27517348527908325,
        "angle_y": 0.18409369885921478,
        "near": 0.0010000000474974513,
        "far": 100.0,
        "project_mat": [
            [
                7.222221894264957,
                0,
                0,
                0
            ],
            [
                0,
                7.222221894264957,
                0,
                0
            ],
            [
                0,
                0,
                -1.000020000200952,
                -0.0020000200951968044
            ],
            [
                0,
                0,
                -1,
                0
            ]
        ]
    }
}