{
    "camera": {
        "location": [
            -40.0364875793457,
            -41.268646240234375,
            13.540000915527344
        ],
        "view_vector": [
            0.7590299248695374,
            0.6426098346710205,
            -0.10452841967344284
        ],
        "world": [
            [
                0.6461495161056519,
                0.07977722585201263,
                -0.7590299248695374,
                -40.0364875793457
            ],
            [
                0.0,
                0.9945219159126282,
                0.10452841967344284,
                13.540000915527344
            ],
            [
                0.7632108330726624,
                -0.06754098832607269,
                0.6426098346710205,
                41.268646240234375
            ],
            [
                0.0,
                0.0,
                0.0,
                1.0
            ]
        ],
        "flocal_length": 130.0,
        "film_x": 36.0,
        "film_y": 36.0,
        "angle_x": 0.27517348527908325,
        "angle_y": 0.18409369885921478,
        "near": 0.0010000000474974513,
        "far": 100.0,
        "project_mat": [
            [
                7.222221894264957,
                0,
                0,
                0
            ],
            [
                0,
                7.222221894264957,
                0,
                0
            ],
            [
                0,
                0,
                -1.000020000200952,
                -0.0020000200951968044
            ],
            [
                0,
                0,
                -1,
                0
            ]
        ]
    }
}