{
    "camera": {
        "location": [
            -27.324241638183594,
            51.49262237548828,
            13.540000915527344
        ],
        "view_vector": [
            0.558162271976471,
            -0.8231213092803955,
            -0.10452841967344284
        ],
        "world": [
            [
                -0.8276552557945251,
                0.0586651973426342,
                -0.558162271976471,
                -27.324241638183594
            ],
            [
                0.0,
                0.9945219159126282,
                0.10452841967344284,
                13.540000915527344
            ],
            [
                0.5612367987632751,
                0.08651349693536758,
                -0.8231213092803955,
                -51.49262237548828
            ],
            [
                0.0,
                0.0,
                0.0,
                1.0
            ]
        ],
        "flocal_length": 130.0,
        "film_x": 36.0,
        "film_y": 36.0,
        "angle_x": 0.27517348527908325,
        "angle_y": 0.18409369885921478,
        "near": 0.0010000000474974513,
        "far": 100.0,
        "project_mat": [
            [
                7.222221894264957,
                0,
                0,
                0
            ],
            [
                0,
                7.222221894264957,
                0,
                0
            ],
            [
                0,
                0,
                -1.000020000200952,
                -0.0020000200951968044
            ],
            [
                0,
                0,
                -1,
                0
            ]
        ]
    }
}