{
    "camera": {
        "location": [
            -47.187896728515625,
            -30.861188888549805,
            13.540000915527344
        ],
        "view_vector": [
            0.8720300793647766,
            0.47816038131713867,
            -0.10452841967344284
        ],
        "world": [
            [
                0.480794221162796,
                0.09165401011705399,
                -0.8720300793647766,
                -47.187896728515625
            ],
            [
                0.0,
                0.9945219159126282,
                0.10452841967344284,
                13.540000915527344
            ],
            [
                0.876833438873291,
                -0.05025665834546089,
                0.47816038131713867,
                30.861188888549805
            ],
            [
                0.0,
                0.0,
                0.0,
                1.0
            ]
        ],
        "flocal_length": 130.0,
        "film_x": 36.0,
        "film_y": 36.0,
        "angle_x": 0.27517348527908325,
        "angle_y": 0.18409369885921478,
        "near": 0.0010000000474974513,
        "far": 100.0,
        "project_mat": [
            [
                7.222221894264957,
                0,
                0,
                0
            ],
            [
                0,
                7.222221894264957,
                0,
                0
            ],
            [
                0,
                0,
                -1.000020000200952,
                -0.0020000200951968044
            ],
            [
                0,
                0,
                -1,
                0
            ]
        ]
    }
}