{
    "camera": {
        "location": [
            -53.196983337402344,
            -15.309615135192871,
            13.540000915527344
        ],
        "view_vector": [
            0.9669803380966187,
            0.23242825269699097,
            -0.10452841967344284
        ],
        "world": [
            [
                0.23370853066444397,
                0.10163368284702301,
                -0.9669803380966187,
                -53.196983337402344
            ],
            [
                0.0,
                0.9945219159126282,
                0.10452841967344284,
                13.540000915527344
            ],
            [
                0.9723067283630371,
                -0.024429183453321457,
                0.23242825269699097,
                15.309615135192871
            ],
            [
                0.0,
                0.0,
                0.0,
                1.0
            ]
        ],
        "flocal_length": 130.0,
        "film_x": 36.0,
        "film_y": 36.0,
        "angle_x": 0.27517348527908325,
        "angle_y": 0.18409369885921478,
        "near": 0.0010000000474974513,
        "far": 100.0,
        "project_mat": [
            [
                7.222221894264957,
                0,
                0,
                0
            ],
            [
                0,
                7.222221894264957,
                0,
                0
            ],
            [
                0,
                0,
                -1.000020000200952,
                -0.0020000200951968044
            ],
            [
                0,
                0,
                -1,
                0
            ]
        ]
    }
}