{
    "camera": {
        "location": [
            70.9278793334961,
            0.6352001428604126,
            13.540000915527344
        ],
        "view_vector": [
            -0.9943304061889648,
            -0.019517535343766212,
            -0.10452841967344284
        ],
        "world": [
            [
                -0.019625043496489525,
                -0.10450828820466995,
                0.9943304061889648,
                70.9278793334961
            ],
            [
                0.0,
                0.9945219159126282,
                0.10452841967344284,
                13.540000915527344
            ],
            [
                -0.9998074173927307,
                0.00205137487500906,
                -0.019517535343766212,
                -0.6352001428604126
            ],
            [
                0.0,
                0.0,
                0.0,
                1.0
            ]
        ],
        "flocal_length": 130.0,
        "film_x": 36.0,
        "film_y": 36.0,
        "angle_x": 0.27517348527908325,
        "angle_y": 0.18409369885921478,
        "near": 0.0010000000474974513,
        "far": 100.0,
        "project_mat": [
            [
                7.222221894264957,
                0,
                0,
                0
            ],
            [
                0,
                7.222221894264957,
                0,
                0
            ],
            [
                0,
                0,
                -1.000020000200952,
                -0.0020000200951968044
            ],
            [
                0,
                0,
                -1,
                0
            ]
        ]
    }
}