{
    "camera": {
        "location": [
            70.93999481201172,
            -0.6222777962684631,
            13.540000915527344
        ],
        "view_vector": [
            -0.9945218563079834,
            0.00035201324499212205,
            -0.10452841967344284
        ],
        "world": [
            [
                0.000353952229488641,
                -0.10452841222286224,
                0.9945218563079834,
                70.93999481201172
            ],
            [
                0.0,
                0.9945219159126282,
                0.10452841967344284,
                13.540000915527344
            ],
            [
                -0.9999999403953552,
                -3.699806620716117e-05,
                0.00035201324499212205,
                0.6222777962684631
            ],
            [
                0.0,
                0.0,
                0.0,
                1.0
            ]
        ],
        "flocal_length": 130.0,
        "film_x": 36.0,
        "film_y": 36.0,
        "angle_x": 0.27517348527908325,
        "angle_y": 0.18409369885921478,
        "near": 0.0010000000474974513,
        "far": 100.0,
        "project_mat": [
            [
                7.222221894264957,
                0,
                0,
                0
            ],
            [
                0,
                7.222221894264957,
                0,
                0
            ],
            [
                0,
                0,
                -1.000020000200952,
                -0.0020000200951968044
            ],
            [
                0,
                0,
                -1,
                0
            ]
        ]
    }
}