{
    "camera": {
        "location": [
            -8.720518112182617,
            -61.27839660644531,
            13.540000915527344
        ],
        "view_vector": [
            0.264202743768692,
            0.9587860703468323,
            -0.10452841967344284
        ],
        "world": [
            [
                0.9640673398971558,
                0.0277688167989254,
                -0.264202743768692,
                -8.720518112182617
            ],
            [
                0.0,
                0.9945219159126282,
                0.10452841967344284,
                13.540000915527344
            ],
            [
                0.26565805077552795,
                -0.1007724329829216,
                0.9587860703468323,
                61.27839660644531
            ],
            [
                0.0,
                0.0,
                0.0,
                1.0
            ]
        ],
        "flocal_length": 130.0,
        "film_x": 36.0,
        "film_y": 36.0,
        "angle_x": 0.27517348527908325,
        "angle_y": 0.18409369885921478,
        "near": 0.0010000000474974513,
        "far": 100.0,
        "project_mat": [
            [
                7.222221894264957,
                0,
                0,
                0
            ],
            [
                0,
                7.222221894264957,
                0,
                0
            ],
            [
                0,
                0,
                -1.000020000200952,
                -0.0020000200951968044
            ],
            [
                0,
                0,
                -1,
                0
            ]
        ]
    }
}