{
    "camera": {
        "location": [
            -45.293148040771484,
            -34.085575103759766,
            13.540000915527344
        ],
        "view_vector": [
            0.8420909643173218,
            0.5291092991828918,
            -0.10452841967344284
        ],
        "world": [
            [
                0.5320237874984741,
                0.0885072872042656,
                -0.8420909643173218,
                -45.293148040771484
            ],
            [
                0.0,
                0.9945219159126282,
                0.10452841967344284,
                13.540000915527344
            ],
            [
                0.8467293977737427,
                -0.05561160668730736,
                0.5291092991828918,
                34.085575103759766
            ],
            [
                0.0,
                0.0,
                0.0,
                1.0
            ]
        ],
        "flocal_length": 130.0,
        "film_x": 36.0,
        "film_y": 36.0,
        "angle_x": 0.27517348527908325,
        "angle_y": 0.18409369885921478,
        "near": 0.0010000000474974513,
        "far": 100.0,
        "project_mat": [
            [
                7.222221894264957,
                0,
                0,
                0
            ],
            [
                0,
                7.222221894264957,
                0,
                0
            ],
            [
                0,
                0,
                -1.000020000200952,
                -0.0020000200951968044
            ],
            [
                0,
                0,
                -1,
                0
            ]
        ]
    }
}