{
    "camera": {
        "location": [
            -46.9786376953125,
            -31.239728927612305,
            13.540000915527344
        ],
        "view_vector": [
            0.8687235116958618,
            0.4841417670249939,
            -0.10452841967344284
        ],
        "world": [
            [
                0.48680853843688965,
                0.09130648523569107,
                -0.8687235116958618,
                -46.9786376953125
            ],
            [
                0.0,
                0.9945219159126282,
                0.10452841967344284,
                13.540000915527344
            ],
            [
                0.8735086917877197,
                -0.05088532716035843,
                0.4841417670249939,
                31.239728927612305
            ],
            [
                0.0,
                0.0,
                0.0,
                1.0
            ]
        ],
        "flocal_length": 130.0,
        "film_x": 36.0,
        "film_y": 36.0,
        "angle_x": 0.27517348527908325,
        "angle_y": 0.18409369885921478,
        "near": 0.0010000000474974513,
        "far": 100.0,
        "project_mat": [
            [
                7.222221894264957,
                0,
                0,
                0
            ],
            [
                0,
                7.222221894264957,
                0,
                0
            ],
            [
                0,
                0,
                -1.000020000200952,
                -0.0020000200951968044
            ],
            [
                0,
                0,
                -1,
                0
            ]
        ]
    }
}