{
    "camera": {
        "location": [
            69.99220275878906,
            10.281664848327637,
            13.540000915527344
        ],
        "view_vector": [
            -0.9795456528663635,
            -0.17194239795207977,
            -0.10452841967344284
        ],
        "world": [
            [
                -0.17288950085639954,
                -0.10295435041189194,
                0.9795456528663635,
                69.99220275878906
            ],
            [
                0.0,
                0.9945219159126282,
                0.10452841967344284,
                13.540000915527344
            ],
            [
                -0.9849412441253662,
                0.018071865662932396,
                -0.17194239795207977,
                -10.281664848327637
            ],
            [
                0.0,
                0.0,
                0.0,
                1.0
            ]
        ],
        "flocal_length": 130.0,
        "film_x": 36.0,
        "film_y": 36.0,
        "angle_x": 0.27517348527908325,
        "angle_y": 0.18409369885921478,
        "near": 0.0010000000474974513,
        "far": 100.0,
        "project_mat": [
            [
                7.222221894264957,
                0,
                0,
                0
            ],
            [
                0,
                7.222221894264957,
                0,
                0
            ],
            [
                0,
                0,
                -1.000020000200952,
                -0.0020000200951968044
            ],
            [
                0,
                0,
                -1,
                0
            ]
        ]
    }
}