{
    "camera": {
        "location": [
            -50.79180908203125,
            -23.071460723876953,
            13.540000915527344
        ],
        "view_vector": [
            0.9289758801460266,
            0.35507404804229736,
            -0.10452841967344284
        ],
        "world": [
            [
                0.35702988505363464,
                0.09763925522565842,
                -0.9289758801460266,
                -50.79180908203125
            ],
            [
                0.0,
                0.9945219159126282,
                0.10452841967344284,
                13.540000915527344
            ],
            [
                0.9340929388999939,
                -0.037319768220186234,
                0.35507404804229736,
                23.071460723876953
            ],
            [
                0.0,
                0.0,
                0.0,
                1.0
            ]
        ],
        "flocal_length": 130.0,
        "film_x": 36.0,
        "film_y": 36.0,
        "angle_x": 0.27517348527908325,
        "angle_y": 0.18409369885921478,
        "near": 0.0010000000474974513,
        "far": 100.0,
        "project_mat": [
            [
                7.222221894264957,
                0,
                0,
                0
            ],
            [
                0,
                7.222221894264957,
                0,
                0
            ],
            [
                0,
                0,
                -1.000020000200952,
                -0.0020000200951968044
            ],
            [
                0,
                0,
                -1,
                0
            ]
        ]
    }
}