{
    "camera": {
        "location": [
            20.900043487548828,
            -62.20383071899414,
            13.540000915527344
        ],
        "view_vector": [
            -0.20383502542972565,
            0.9734089970588684,
            -0.10452841967344284
        ],
        "world": [
            [
                0.9787707924842834,
                -0.021423915401101112,
                0.20383502542972565,
                20.900043487548828
            ],
            [
                0.0,
                0.9945219159126282,
                0.10452841967344284,
                13.540000915527344
            ],
            [
                -0.20495779812335968,
                -0.10230936110019684,
                0.9734089970588684,
                62.20383071899414
            ],
            [
                0.0,
                0.0,
                0.0,
                1.0
            ]
        ],
        "flocal_length": 130.0,
        "film_x": 36.0,
        "film_y": 36.0,
        "angle_x": 0.27517348527908325,
        "angle_y": 0.18409369885921478,
        "near": 0.0010000000474974513,
        "far": 100.0,
        "project_mat": [
            [
                7.222221894264957,
                0,
                0,
                0
            ],
            [
                0,
                7.222221894264957,
                0,
                0
            ],
            [
                0,
                0,
                -1.000020000200952,
                -0.0020000200951968044
            ],
            [
                0,
                0,
                -1,
                0
            ]
        ]
    }
}