{
    "camera": {
        "location": [
            -46.37484359741211,
            -32.29888916015625,
            13.540000915527344
        ],
        "view_vector": [
            0.8591829538345337,
            0.5008776783943176,
            -0.10452841967344284
        ],
        "world": [
            [
                0.5036366581916809,
                0.09030372649431229,
                -0.8591829538345337,
                -46.37484359741211
            ],
            [
                0.0,
                0.9945219159126282,
                0.10452841967344284,
                13.540000915527344
            ],
            [
                0.8639155626296997,
                -0.05264434218406677,
                0.5008776783943176,
                32.29888916015625
            ],
            [
                0.0,
                0.0,
                0.0,
                1.0
            ]
        ],
        "flocal_length": 130.0,
        "film_x": 36.0,
        "film_y": 36.0,
        "angle_x": 0.27517348527908325,
        "angle_y": 0.18409369885921478,
        "near": 0.0010000000474974513,
        "far": 100.0,
        "project_mat": [
            [
                7.222221894264957,
                0,
                0,
                0
            ],
            [
                0,
                7.222221894264957,
                0,
                0
            ],
            [
                0,
                0,
                -1.000020000200952,
                -0.0020000200951968044
            ],
            [
                0,
                0,
                -1,
                0
            ]
        ]
    }
}