{
    "camera": {
        "location": [
            56.50660705566406,
            39.50676727294922,
            13.540000915527344
        ],
        "view_vector": [
            -0.76645827293396,
            -0.633731484413147,
            -0.10452841967344284
        ],
        "world": [
            [
                -0.6372222304344177,
                -0.08055797964334488,
                0.76645827293396,
                56.50660705566406
            ],
            [
                0.0,
                0.9945219159126282,
                0.10452841967344284,
                13.540000915527344
            ],
            [
                -0.7706801295280457,
                0.06660783290863037,
                -0.633731484413147,
                -39.50676727294922
            ],
            [
                0.0,
                0.0,
                0.0,
                1.0
            ]
        ],
        "flocal_length": 130.0,
        "film_x": 36.0,
        "film_y": 36.0,
        "angle_x": 0.27517348527908325,
        "angle_y": 0.18409369885921478,
        "near": 0.0010000000474974513,
        "far": 100.0,
        "project_mat": [
            [
                7.222221894264957,
                0,
                0,
                0
            ],
            [
                0,
                7.222221894264957,
                0,
                0
            ],
            [
                0,
                0,
                -1.000020000200952,
                -0.0020000200951968044
            ],
            [
                0,
                0,
                -1,
                0
            ]
        ]
    }
}