{
    "camera": {
        "location": [
            -24.943275451660156,
            53.030067443847656,
            13.540000915527344
        ],
        "view_vector": [
            0.5205403566360474,
            -0.8474146723747253,
            -0.10452841967344284
        ],
        "world": [
            [
                -0.8520824313163757,
                0.05471097305417061,
                -0.5205403566360474,
                -24.943275451660156
            ],
            [
                0.0,
                0.9945219159126282,
                0.10452841967344284,
                13.540000915527344
            ],
            [
                0.5234076380729675,
                0.08906683325767517,
                -0.8474146723747253,
                -53.030067443847656
            ],
            [
                0.0,
                0.0,
                0.0,
                1.0
            ]
        ],
        "flocal_length": 130.0,
        "film_x": 36.0,
        "film_y": 36.0,
        "angle_x": 0.27517348527908325,
        "angle_y": 0.18409369885921478,
        "near": 0.0010000000474974513,
        "far": 100.0,
        "project_mat": [
            [
                7.222221894264957,
                0,
                0,
                0
            ],
            [
                0,
                7.222221894264957,
                0,
                0
            ],
            [
                0,
                0,
                -1.000020000200952,
                -0.0020000200951968044
            ],
            [
                0,
                0,
                -1,
                0
            ]
        ]
    }
}