{
    "camera": {
        "location": [
            58.56772994995117,
            -38.07463073730469,
            13.540000915527344
        ],
        "view_vector": [
            -0.7990263104438782,
            0.592140793800354,
            -0.10452841967344284
        ],
        "world": [
            [
                0.5954024791717529,
                -0.08398101478815079,
                0.7990263104438782,
                58.56772994995117
            ],
            [
                0.0,
                0.9945219159126282,
                0.10452841967344284,
                13.540000915527344
            ],
            [
                -0.8034275770187378,
                -0.0622364804148674,
                0.592140793800354,
                38.07463073730469
            ],
            [
                0.0,
                0.0,
                0.0,
                1.0
            ]
        ],
        "flocal_length": 130.0,
        "film_x": 36.0,
        "film_y": 36.0,
        "angle_x": 0.27517348527908325,
        "angle_y": 0.18409369885921478,
        "near": 0.0010000000474974513,
        "far": 100.0,
        "project_mat": [
            [
                7.222221894264957,
                0,
                0,
                0
            ],
            [
                0,
                7.222221894264957,
                0,
                0
            ],
            [
                0,
                0,
                -1.000020000200952,
                -0.0020000200951968044
            ],
            [
                0,
                0,
                -1,
                0
            ]
        ]
    }
}