{
    "camera": {
        "location": [
            -46.85150909423828,
            -31.46673583984375,
            13.540000915527344
        ],
        "view_vector": [
            0.8667147755622864,
            0.48772871494293213,
            -0.10452841967344284
        ],
        "world": [
            [
                0.4904152452945709,
                0.09109535068273544,
                -0.8667147755622864,
                -46.85150909423828
            ],
            [
                0.0,
                0.9945219159126282,
                0.10452841967344284,
                13.540000915527344
            ],
            [
                0.8714888691902161,
                -0.05126233026385307,
                0.48772871494293213,
                31.46673583984375
            ],
            [
                0.0,
                0.0,
                0.0,
                1.0
            ]
        ],
        "flocal_length": 130.0,
        "film_x": 36.0,
        "film_y": 36.0,
        "angle_x": 0.27517348527908325,
        "angle_y": 0.18409369885921478,
        "near": 0.0010000000474974513,
        "far": 100.0,
        "project_mat": [
            [
                7.222221894264957,
                0,
                0,
                0
            ],
            [
                0,
                7.222221894264957,
                0,
                0
            ],
            [
                0,
                0,
                -1.000020000200952,
                -0.0020000200951968044
            ],
            [
                0,
                0,
                -1,
                0
            ]
        ]
    }
}