{
    "camera": {
        "location": [
            -47.43893814086914,
            -30.39878273010254,
            13.540000915527344
        ],
        "view_vector": [
            0.8759968280792236,
            0.47085389494895935,
            -0.10452841967344284
        ],
        "world": [
            [
                0.4734474718570709,
                0.09207093715667725,
                -0.8759968280792236,
                -47.43893814086914
            ],
            [
                0.0,
                0.9945219159126282,
                0.10452841967344284,
                13.540000915527344
            ],
            [
                0.8808220624923706,
                -0.04948871582746506,
                0.47085389494895935,
                30.39878273010254
            ],
            [
                0.0,
                0.0,
                0.0,
                1.0
            ]
        ],
        "flocal_length": 130.0,
        "film_x": 36.0,
        "film_y": 36.0,
        "angle_x": 0.27517348527908325,
        "angle_y": 0.18409369885921478,
        "near": 0.0010000000474974513,
        "far": 100.0,
        "project_mat": [
            [
                7.222221894264957,
                0,
                0,
                0
            ],
            [
                0,
                7.222221894264957,
                0,
                0
            ],
            [
                0,
                0,
                -1.000020000200952,
                -0.0020000200951968044
            ],
            [
                0,
                0,
                -1,
                0
            ]
        ]
    }
}