{
    "camera": {
        "location": [
            -43.93869400024414,
            -36.15018081665039,
            13.540000915527344
        ],
        "view_vector": [
            0.8206890225410461,
            0.5617323517799377,
            -0.10452841967344284
        ],
        "world": [
            [
                0.5648265480995178,
                0.08625786006450653,
                -0.8206890225410461,
                -43.93869400024414
            ],
            [
                0.0,
                0.9945219159126282,
                0.10452841967344284,
                13.540000915527344
            ],
            [
                0.8252096176147461,
                -0.05904042720794678,
                0.5617323517799377,
                36.15018081665039
            ],
            [
                0.0,
                0.0,
                0.0,
                1.0
            ]
        ],
        "flocal_length": 130.0,
        "film_x": 36.0,
        "film_y": 36.0,
        "angle_x": 0.27517348527908325,
        "angle_y": 0.18409369885921478,
        "near": 0.0010000000474974513,
        "far": 100.0,
        "project_mat": [
            [
                7.222221894264957,
                0,
                0,
                0
            ],
            [
                0,
                7.222221894264957,
                0,
                0
            ],
            [
                0,
                0,
                -1.000020000200952,
                -0.0020000200951968044
            ],
            [
                0,
                0,
                -1,
                0
            ]
        ]
    }
}