{
    "camera": {
        "location": [
            -49.17790603637695,
            -26.908374786376953,
            13.540000915527344
        ],
        "view_vector": [
            0.9034744501113892,
            0.4157015383243561,
            -0.10452841967344284
        ],
        "world": [
            [
                0.4179913401603699,
                0.09495894610881805,
                -0.9034744501113892,
                -49.17790603637695
            ],
            [
                0.0,
                0.9945219159126282,
                0.10452841967344284,
                13.540000915527344
            ],
            [
                0.9084510207176208,
                -0.0436919741332531,
                0.4157015383243561,
                26.908374786376953
            ],
            [
                0.0,
                0.0,
                0.0,
                1.0
            ]
        ],
        "flocal_length": 130.0,
        "film_x": 36.0,
        "film_y": 36.0,
        "angle_x": 0.27517348527908325,
        "angle_y": 0.18409369885921478,
        "near": 0.0010000000474974513,
        "far": 100.0,
        "project_mat": [
            [
                7.222221894264957,
                0,
                0,
                0
            ],
            [
                0,
                7.222221894264957,
                0,
                0
            ],
            [
                0,
                0,
                -1.000020000200952,
                -0.0020000200951968044
            ],
            [
                0,
                0,
                -1,
                0
            ]
        ]
    }
}