{
    "camera": {
        "location": [
            -47.89508056640625,
            -29.534128189086914,
            13.540000915527344
        ],
        "view_vector": [
            0.8832043409347534,
            0.4571913778781891,
            -0.10452841967344284
        ],
        "world": [
            [
                0.45970970392227173,
                0.09282847493886948,
                -0.8832043409347534,
                -47.89508056640625
            ],
            [
                0.0,
                0.9945219159126282,
                0.10452841967344284,
                13.540000915527344
            ],
            [
                0.8880692720413208,
                -0.04805272817611694,
                0.4571913778781891,
                29.534128189086914
            ],
            [
                0.0,
                0.0,
                0.0,
                1.0
            ]
        ],
        "flocal_length": 130.0,
        "film_x": 36.0,
        "film_y": 36.0,
        "angle_x": 0.27517348527908325,
        "angle_y": 0.18409369885921478,
        "near": 0.0010000000474974513,
        "far": 100.0,
        "project_mat": [
            [
                7.222221894264957,
                0,
                0,
                0
            ],
            [
                0,
                7.222221894264957,
                0,
                0
            ],
            [
                0,
                0,
                -1.000020000200952,
                -0.0020000200951968044
            ],
            [
                0,
                0,
                -1,
                0
            ]
        ]
    }
}