{
    "camera": {
        "location": [
            -48.640323638916016,
            -28.04662322998047,
            13.540000915527344
        ],
        "view_vector": [
            0.8949800729751587,
            0.43368712067604065,
            -0.10452841967344284
        ],
        "world": [
            [
                0.43607598543167114,
                0.09406615793704987,
                -0.8949800729751587,
                -48.640323638916016
            ],
            [
                0.0,
                0.9945219159126282,
                0.10452841967344284,
                13.540000915527344
            ],
            [
                0.8999098539352417,
                -0.04558233544230461,
                0.43368712067604065,
                28.04662322998047
            ],
            [
                0.0,
                0.0,
                0.0,
                1.0
            ]
        ],
        "flocal_length": 130.0,
        "film_x": 36.0,
        "film_y": 36.0,
        "angle_x": 0.27517348527908325,
        "angle_y": 0.18409369885921478,
        "near": 0.0010000000474974513,
        "far": 100.0,
        "project_mat": [
            [
                7.222221894264957,
                0,
                0,
                0
            ],
            [
                0,
                7.222221894264957,
                0,
                0
            ],
            [
                0,
                0,
                -1.000020000200952,
                -0.0020000200951968044
            ],
            [
                0,
                0,
                -1,
                0
            ]
        ]
    }
}