{
    "camera": {
        "location": [
            -45.89922332763672,
            -33.10103225708008,
            13.540000915527344
        ],
        "view_vector": [
            0.8516676425933838,
            0.5135524272918701,
            -0.10452841967344284
        ],
        "world": [
            [
                0.5163812041282654,
                0.08951383829116821,
                -0.8516676425933838,
                -45.89922332763672
            ],
            [
                0.0,
                0.9945219159126282,
                0.10452841967344284,
                13.540000915527344
            ],
            [
                0.8563588261604309,
                -0.05397650972008705,
                0.5135524272918701,
                33.10103225708008
            ],
            [
                0.0,
                0.0,
                0.0,
                1.0
            ]
        ],
        "flocal_length": 130.0,
        "film_x": 36.0,
        "film_y": 36.0,
        "angle_x": 0.27517348527908325,
        "angle_y": 0.18409369885921478,
        "near": 0.0010000000474974513,
        "far": 100.0,
        "project_mat": [
            [
                7.222221894264957,
                0,
                0,
                0
            ],
            [
                0,
                7.222221894264957,
                0,
                0
            ],
            [
                0,
                0,
                -1.000020000200952,
                -0.0020000200951968044
            ],
            [
                0,
                0,
                -1,
                0
            ]
        ]
    }
}