{
    "camera": {
        "location": [
            -53.227962493896484,
            13.980111122131348,
            13.540000915527344
        ],
        "view_vector": [
            0.9674698710441589,
            -0.23038196563720703,
            -0.10452841967344284
        ],
        "world": [
            [
                -0.2316509634256363,
                0.10168513655662537,
                -0.9674698710441589,
                -53.227962493896484
            ],
            [
                0.0,
                0.9945219159126282,
                0.10452841967344284,
                13.540000915527344
            ],
            [
                0.9727989435195923,
                0.024214109405875206,
                -0.23038196563720703,
                -13.980111122131348
            ],
            [
                0.0,
                0.0,
                0.0,
                1.0
            ]
        ],
        "flocal_length": 130.0,
        "film_x": 36.0,
        "film_y": 36.0,
        "angle_x": 0.27517348527908325,
        "angle_y": 0.18409369885921478,
        "near": 0.0010000000474974513,
        "far": 100.0,
        "project_mat": [
            [
                7.222221894264957,
                0,
                0,
                0
            ],
            [
                0,
                7.222221894264957,
                0,
                0
            ],
            [
                0,
                0,
                -1.000020000200952,
                -0.0020000200951968044
            ],
            [
                0,
                0,
                -1,
                0
            ]
        ]
    }
}