{
    "camera": {
        "location": [
            -33.8484992980957,
            -47.6121940612793,
            13.540000915527344
        ],
        "view_vector": [
            0.6612527370452881,
            0.7428449392318726,
            -0.10452841967344284
        ],
        "world": [
            [
                0.7469367384910583,
                0.06950043886899948,
                -0.6612527370452881,
                -33.8484992980957
            ],
            [
                0.0,
                0.9945219159126282,
                0.10452841967344284,
                13.540000915527344
            ],
            [
                0.6648951172828674,
                -0.07807611674070358,
                0.7428449392318726,
                47.6121940612793
            ],
            [
                0.0,
                0.0,
                0.0,
                1.0
            ]
        ],
        "flocal_length": 130.0,
        "film_x": 36.0,
        "film_y": 36.0,
        "angle_x": 0.27517348527908325,
        "angle_y": 0.18409369885921478,
        "near": 0.0010000000474974513,
        "far": 100.0,
        "project_mat": [
            [
                7.222221894264957,
                0,
                0,
                0
            ],
            [
                0,
                7.222221894264957,
                0,
                0
            ],
            [
                0,
                0,
                -1.000020000200952,
                -0.0020000200951968044
            ],
            [
                0,
                0,
                -1,
                0
            ]
        ]
    }
}