{
    "camera": {
        "location": [
            -19.9185791015625,
            55.80918884277344,
            13.540000915527344
        ],
        "view_vector": [
            0.44114458560943604,
            -0.8913278579711914,
            -0.10452841967344284
        ],
        "world": [
            [
                -0.8962374925613403,
                0.046366143971681595,
                -0.44114458560943604,
                -19.9185791015625
            ],
            [
                0.0,
                0.9945219159126282,
                0.10452841967344284,
                13.540000915527344
            ],
            [
                0.4435745179653168,
                0.09368228912353516,
                -0.8913278579711914,
                -55.80918884277344
            ],
            [
                0.0,
                0.0,
                0.0,
                1.0
            ]
        ],
        "flocal_length": 130.0,
        "film_x": 36.0,
        "film_y": 36.0,
        "angle_x": 0.27517348527908325,
        "angle_y": 0.18409369885921478,
        "near": 0.0010000000474974513,
        "far": 100.0,
        "project_mat": [
            [
                7.222221894264957,
                0,
                0,
                0
            ],
            [
                0,
                7.222221894264957,
                0,
                0
            ],
            [
                0,
                0,
                -1.000020000200952,
                -0.0020000200951968044
            ],
            [
                0,
                0,
                -1,
                0
            ]
        ]
    }
}