{
    "camera": {
        "location": [
            0.47579050064086914,
            -63.0886344909668,
            13.540000915527344
        ],
        "view_vector": [
            0.11889086663722992,
            0.987389862537384,
            -0.10452841967344284
        ],
        "world": [
            [
                0.9928286671638489,
                0.012495928443968296,
                -0.11889086663722992,
                0.47579050064086914
            ],
            [
                0.0,
                0.9945219159126282,
                0.10452841967344284,
                13.540000915527344
            ],
            [
                0.11954575031995773,
                -0.10377880930900574,
                0.987389862537384,
                63.0886344909668
            ],
            [
                0.0,
                0.0,
                0.0,
                1.0
            ]
        ],
        "flocal_length": 130.0,
        "film_x": 36.0,
        "film_y": 36.0,
        "angle_x": 0.27517348527908325,
        "angle_y": 0.18409369885921478,
        "near": 0.0010000000474974513,
        "far": 100.0,
        "project_mat": [
            [
                7.222221894264957,
                0,
                0,
                0
            ],
            [
                0,
                7.222221894264957,
                0,
                0
            ],
            [
                0,
                0,
                -1.000020000200952,
                -0.0020000200951968044
            ],
            [
                0,
                0,
                -1,
                0
            ]
        ]
    }
}