{
    "camera": {
        "location": [
            -47.595027923583984,
            -30.10654640197754,
            13.540000915527344
        ],
        "view_vector": [
            0.8784632086753845,
            0.4662362039089203,
            -0.10452841967344284
        ],
        "world": [
            [
                0.46880435943603516,
                0.09233016520738602,
                -0.8784632086753845,
                -47.595027923583984
            ],
            [
                0.0,
                0.9945219159126282,
                0.10452841967344284,
                13.540000915527344
            ],
            [
                0.8833020329475403,
                -0.04900337755680084,
                0.4662362039089203,
                30.10654640197754
            ],
            [
                0.0,
                0.0,
                0.0,
                1.0
            ]
        ],
        "flocal_length": 130.0,
        "film_x": 36.0,
        "film_y": 36.0,
        "angle_x": 0.27517348527908325,
        "angle_y": 0.18409369885921478,
        "near": 0.0010000000474974513,
        "far": 100.0,
        "project_mat": [
            [
                7.222221894264957,
                0,
                0,
                0
            ],
            [
                0,
                7.222221894264957,
                0,
                0
            ],
            [
                0,
                0,
                -1.000020000200952,
                -0.0020000200951968044
            ],
            [
                0,
                0,
                -1,
                0
            ]
        ]
    }
}