{
    "camera": {
        "location": [
            70.72559356689453,
            -5.790725231170654,
            13.540000915527344
        ],
        "view_vector": [
            -0.9911340475082397,
            0.08201923221349716,
            -0.10452841967344284
        ],
        "world": [
            [
                0.08247101306915283,
                -0.10417234152555466,
                0.9911340475082397,
                70.72559356689453
            ],
            [
                0.0,
                0.9945219159126282,
                0.10452841967344284,
                13.540000915527344
            ],
            [
                -0.9965934753417969,
                -0.008620564825832844,
                0.08201923221349716,
                5.790725231170654
            ],
            [
                0.0,
                0.0,
                0.0,
                1.0
            ]
        ],
        "flocal_length": 130.0,
        "film_x": 36.0,
        "film_y": 36.0,
        "angle_x": 0.27517348527908325,
        "angle_y": 0.18409369885921478,
        "near": 0.0010000000474974513,
        "far": 100.0,
        "project_mat": [
            [
                7.222221894264957,
                0,
                0,
                0
            ],
            [
                0,
                7.222221894264957,
                0,
                0
            ],
            [
                0,
                0,
                -1.000020000200952,
                -0.0020000200951968044
            ],
            [
                0,
                0,
                -1,
                0
            ]
        ]
    }
}