{
    "camera": {
        "location": [
            70.23556518554688,
            -9.990338325500488,
            13.540000915527344
        ],
        "view_vector": [
            -0.9833910465240479,
            0.14837777614593506,
            -0.10452841967344284
        ],
        "world": [
            [
                0.14919507503509521,
                -0.10335851460695267,
                0.9833910465240479,
                70.23556518554688
            ],
            [
                0.0,
                0.9945219159126282,
                0.10452841967344284,
                13.540000915527344
            ],
            [
                -0.9888077974319458,
                -0.015595125034451485,
                0.14837777614593506,
                9.990338325500488
            ],
            [
                0.0,
                0.0,
                0.0,
                1.0
            ]
        ],
        "flocal_length": 130.0,
        "film_x": 36.0,
        "film_y": 36.0,
        "angle_x": 0.27517348527908325,
        "angle_y": 0.18409369885921478,
        "near": 0.0010000000474974513,
        "far": 100.0,
        "project_mat": [
            [
                7.222221894264957,
                0,
                0,
                0
            ],
            [
                0,
                7.222221894264957,
                0,
                0
            ],
            [
                0,
                0,
                -1.000020000200952,
                -0.0020000200951968044
            ],
            [
                0,
                0,
                -1,
                0
            ]
        ]
    }
}