{
    "camera": {
        "location": [
            -53.026554107666016,
            14.801401138305664,
            13.540000915527344
        ],
        "view_vector": [
            0.9642873406410217,
            -0.2433592677116394,
            -0.10452841967344284
        ],
        "world": [
            [
                -0.24469974637031555,
                0.10135064274072647,
                -0.9642873406410217,
                -53.026554107666016
            ],
            [
                0.0,
                0.9945219159126282,
                0.10452841967344284,
                13.540000915527344
            ],
            [
                0.9695988893508911,
                0.025578077882528305,
                -0.2433592677116394,
                -14.801401138305664
            ],
            [
                0.0,
                0.0,
                0.0,
                1.0
            ]
        ],
        "flocal_length": 130.0,
        "film_x": 36.0,
        "film_y": 36.0,
        "angle_x": 0.27517348527908325,
        "angle_y": 0.18409369885921478,
        "near": 0.0010000000474974513,
        "far": 100.0,
        "project_mat": [
            [
                7.222221894264957,
                0,
                0,
                0
            ],
            [
                0,
                7.222221894264957,
                0,
                0
            ],
            [
                0,
                0,
                -1.000020000200952,
                -0.0020000200951968044
            ],
            [
                0,
                0,
                -1,
                0
            ]
        ]
    }
}