{
    "camera": {
        "location": [
            -54.76395034790039,
            4.1042304039001465,
            13.540000915527344
        ],
        "view_vector": [
            0.9917401671409607,
            -0.07433206588029861,
            -0.10452841967344284
        ],
        "world": [
            [
                -0.07474150508642197,
                0.10423604398965836,
                -0.9917401671409607,
                -54.76395034790039
            ],
            [
                0.0,
                0.9945219159126282,
                0.10452841967344284,
                13.540000915527344
            ],
            [
                0.9972029328346252,
                0.007812611758708954,
                -0.07433206588029861,
                -4.1042304039001465
            ],
            [
                0.0,
                0.0,
                0.0,
                1.0
            ]
        ],
        "flocal_length": 130.0,
        "film_x": 36.0,
        "film_y": 36.0,
        "angle_x": 0.27517348527908325,
        "angle_y": 0.18409369885921478,
        "near": 0.0010000000474974513,
        "far": 100.0,
        "project_mat": [
            [
                7.222221894264957,
                0,
                0,
                0
            ],
            [
                0,
                7.222221894264957,
                0,
                0
            ],
            [
                0,
                0,
                -1.000020000200952,
                -0.0020000200951968044
            ],
            [
                0,
                0,
                -1,
                0
            ]
        ]
    }
}