{
    "camera": {
        "location": [
            -50.633975982666016,
            22.280132293701172,
            13.540000915527344
        ],
        "view_vector": [
            0.9264819622039795,
            -0.36153149604797363,
            -0.10452841967344284
        ],
        "world": [
            [
                -0.3635229170322418,
                0.09737713634967804,
                -0.9264819622039795,
                -50.633975982666016
            ],
            [
                0.0,
                0.9945219159126282,
                0.10452841967344284,
                13.540000915527344
            ],
            [
                0.9315852522850037,
                0.03799847513437271,
                -0.36153149604797363,
                -22.280132293701172
            ],
            [
                0.0,
                0.0,
                0.0,
                1.0
            ]
        ],
        "flocal_length": 130.0,
        "film_x": 36.0,
        "film_y": 36.0,
        "angle_x": 0.27517348527908325,
        "angle_y": 0.18409369885921478,
        "near": 0.0010000000474974513,
        "far": 100.0,
        "project_mat": [
            [
                7.222221894264957,
                0,
                0,
                0
            ],
            [
                0,
                7.222221894264957,
                0,
                0
            ],
            [
                0,
                0,
                -1.000020000200952,
                -0.0020000200951968044
            ],
            [
                0,
                0,
                -1,
                0
            ]
        ]
    }
}