{
    "camera": {
        "location": [
            -28.04399871826172,
            -52.19722366333008,
            13.540000915527344
        ],
        "view_vector": [
            0.5695351958274841,
            0.8152934908866882,
            -0.10452841967344284
        ],
        "world": [
            [
                0.8197843432426453,
                0.05986053869128227,
                -0.5695351958274841,
                -28.04399871826172
            ],
            [
                0.0,
                0.9945219159126282,
                0.10452841967344284,
                13.540000915527344
            ],
            [
                0.5726723670959473,
                -0.08569075912237167,
                0.8152934908866882,
                52.19722366333008
            ],
            [
                0.0,
                0.0,
                0.0,
                1.0
            ]
        ],
        "flocal_length": 130.0,
        "film_x": 36.0,
        "film_y": 36.0,
        "angle_x": 0.27517348527908325,
        "angle_y": 0.18409369885921478,
        "near": 0.0010000000474974513,
        "far": 100.0,
        "project_mat": [
            [
                7.222221894264957,
                0,
                0,
                0
            ],
            [
                0,
                7.222221894264957,
                0,
                0
            ],
            [
                0,
                0,
                -1.000020000200952,
                -0.0020000200951968044
            ],
            [
                0,
                0,
                -1,
                0
            ]
        ]
    }
}