{
    "camera": {
        "location": [
            -49.78617477416992,
            -25.54397201538086,
            13.540000915527344
        ],
        "view_vector": [
            0.9130857586860657,
            0.3941424787044525,
            -0.10452841967344284
        ],
        "world": [
            [
                0.39631351828575134,
                0.09596914052963257,
                -0.9130857586860657,
                -49.78617477416992
            ],
            [
                0.0,
                0.9945219159126282,
                0.10452841967344284,
                13.540000915527344
            ],
            [
                0.9181152582168579,
                -0.041426025331020355,
                0.3941424787044525,
                25.54397201538086
            ],
            [
                0.0,
                0.0,
                0.0,
                1.0
            ]
        ],
        "flocal_length": 130.0,
        "film_x": 36.0,
        "film_y": 36.0,
        "angle_x": 0.27517348527908325,
        "angle_y": 0.18409369885921478,
        "near": 0.0010000000474974513,
        "far": 100.0,
        "project_mat": [
            [
                7.222221894264957,
                0,
                0,
                0
            ],
            [
                0,
                7.222221894264957,
                0,
                0
            ],
            [
                0,
                0,
                -1.000020000200952,
                -0.0020000200951968044
            ],
            [
                0,
                0,
                -1,
                0
            ]
        ]
    }
}