{
    "camera": {
        "location": [
            -54.66352844238281,
            -6.492863178253174,
            13.540000915527344
        ],
        "view_vector": [
            0.9901533722877502,
            0.09311378747224808,
            -0.10452841967344284
        ],
        "world": [
            [
                0.09362668544054031,
                0.10406926274299622,
                -0.9901533722877502,
                -54.66352844238281
            ],
            [
                0.0,
                0.9945219159126282,
                0.10452841967344284,
                13.540000915527344
            ],
            [
                0.9956073760986328,
                -0.009786649607121944,
                0.09311378747224808,
                6.492863178253174
            ],
            [
                0.0,
                0.0,
                0.0,
                1.0
            ]
        ],
        "flocal_length": 130.0,
        "film_x": 36.0,
        "film_y": 36.0,
        "angle_x": 0.27517348527908325,
        "angle_y": 0.18409369885921478,
        "near": 0.0010000000474974513,
        "far": 100.0,
        "project_mat": [
            [
                7.222221894264957,
                0,
                0,
                0
            ],
            [
                0,
                7.222221894264957,
                0,
                0
            ],
            [
                0,
                0,
                -1.000020000200952,
                -0.0020000200951968044
            ],
            [
                0,
                0,
                -1,
                0
            ]
        ]
    }
}