{
    "camera": {
        "location": [
            51.68950653076172,
            44.70640563964844,
            13.540000915527344
        ],
        "view_vector": [
            -0.6903427243232727,
            -0.7158915400505066,
            -0.10452841967344284
        ],
        "world": [
            [
                -0.7198348641395569,
                -0.07255791127681732,
                0.6903427243232727,
                51.68950653076172
            ],
            [
                0.0,
                0.9945219159126282,
                0.10452841967344284,
                13.540000915527344
            ],
            [
                -0.6941453218460083,
                0.07524319738149643,
                -0.7158915400505066,
                -44.70640563964844
            ],
            [
                0.0,
                0.0,
                0.0,
                1.0
            ]
        ],
        "flocal_length": 130.0,
        "film_x": 36.0,
        "film_y": 36.0,
        "angle_x": 0.27517348527908325,
        "angle_y": 0.18409369885921478,
        "near": 0.0010000000474974513,
        "far": 100.0,
        "project_mat": [
            [
                7.222221894264957,
                0,
                0,
                0
            ],
            [
                0,
                7.222221894264957,
                0,
                0
            ],
            [
                0,
                0,
                -1.000020000200952,
                -0.0020000200951968044
            ],
            [
                0,
                0,
                -1,
                0
            ]
        ]
    }
}