{
    "camera": {
        "location": [
            -43.18647384643555,
            -37.22496795654297,
            13.540000915527344
        ],
        "view_vector": [
            0.8088032007217407,
            0.5787152051925659,
            -0.10452841967344284
        ],
        "world": [
            [
                0.5819029211997986,
                0.08500860631465912,
                -0.8088032007217407,
                -43.18647384643555
            ],
            [
                0.0,
                0.9945219159126282,
                0.10452841967344284,
                13.540000915527344
            ],
            [
                0.8132582902908325,
                -0.06082539260387421,
                0.5787152051925659,
                37.22496795654297
            ],
            [
                0.0,
                0.0,
                0.0,
                1.0
            ]
        ],
        "flocal_length": 130.0,
        "film_x": 36.0,
        "film_y": 36.0,
        "angle_x": 0.27517348527908325,
        "angle_y": 0.18409369885921478,
        "near": 0.0010000000474974513,
        "far": 100.0,
        "project_mat": [
            [
                7.222221894264957,
                0,
                0,
                0
            ],
            [
                0,
                7.222221894264957,
                0,
                0
            ],
            [
                0,
                0,
                -1.000020000200952,
                -0.0020000200951968044
            ],
            [
                0,
                0,
                -1,
                0
            ]
        ]
    }
}