{
    "camera": {
        "location": [
            21.4893798828125,
            60.877479553222656,
            13.540000915527344
        ],
        "view_vector": [
            -0.21314719319343567,
            -0.9714124798774719,
            -0.10452841967344284
        ],
        "world": [
            [
                -0.9767632484436035,
                -0.02240266464650631,
                0.21314719319343567,
                21.4893798828125
            ],
            [
                0.0,
                0.9945219159126282,
                0.10452841967344284,
                13.540000915527344
            ],
            [
                -0.21432127058506012,
                0.10209951549768448,
                -0.9714124798774719,
                -60.877479553222656
            ],
            [
                0.0,
                0.0,
                0.0,
                1.0
            ]
        ],
        "flocal_length": 130.0,
        "film_x": 36.0,
        "film_y": 36.0,
        "angle_x": 0.27517348527908325,
        "angle_y": 0.18409369885921478,
        "near": 0.0010000000474974513,
        "far": 100.0,
        "project_mat": [
            [
                7.222221894264957,
                0,
                0,
                0
            ],
            [
                0,
                7.222221894264957,
                0,
                0
            ],
            [
                0,
                0,
                -1.000020000200952,
                -0.0020000200951968044
            ],
            [
                0,
                0,
                -1,
                0
            ]
        ]
    }
}