{
    "camera": {
        "location": [
            -34.0737419128418,
            46.210723876953125,
            13.540000915527344
        ],
        "view_vector": [
            0.664811909198761,
            -0.7396613955497742,
            -0.10452841967344284
        ],
        "world": [
            [
                -0.743735671043396,
                0.06987451761960983,
                -0.664811909198761,
                -34.0737419128418
            ],
            [
                0.0,
                0.9945219159126282,
                0.10452841967344284,
                13.540000915527344
            ],
            [
                0.6684738397598267,
                0.07774151116609573,
                -0.7396613955497742,
                -46.210723876953125
            ],
            [
                0.0,
                0.0,
                0.0,
                1.0
            ]
        ],
        "flocal_length": 130.0,
        "film_x": 36.0,
        "film_y": 36.0,
        "angle_x": 0.27517348527908325,
        "angle_y": 0.18409369885921478,
        "near": 0.0010000000474974513,
        "far": 100.0,
        "project_mat": [
            [
                7.222221894264957,
                0,
                0,
                0
            ],
            [
                0,
                7.222221894264957,
                0,
                0
            ],
            [
                0,
                0,
                -1.000020000200952,
                -0.0020000200951968044
            ],
            [
                0,
                0,
                -1,
                0
            ]
        ]
    }
}