{
    "camera": {
        "location": [
            63.71464157104492,
            28.68006706237793,
            13.540000915527344
        ],
        "view_vector": [
            -0.8803532719612122,
            -0.4626576006412506,
            -0.10452841967344284
        ],
        "world": [
            [
                -0.4652060270309448,
                -0.0925288125872612,
                0.8803532719612122,
                63.71464157104492
            ],
            [
                0.0,
                0.9945219159126282,
                0.10452841967344284,
                13.540000915527344
            ],
            [
                -0.8852024674415588,
                0.04862724989652634,
                -0.4626576006412506,
                -28.68006706237793
            ],
            [
                0.0,
                0.0,
                0.0,
                1.0
            ]
        ],
        "flocal_length": 130.0,
        "film_x": 36.0,
        "film_y": 36.0,
        "angle_x": 0.27517348527908325,
        "angle_y": 0.18409369885921478,
        "near": 0.0010000000474974513,
        "far": 100.0,
        "project_mat": [
            [
                7.222221894264957,
                0,
                0,
                0
            ],
            [
                0,
                7.222221894264957,
                0,
                0
            ],
            [
                0,
                0,
                -1.000020000200952,
                -0.0020000200951968044
            ],
            [
                0,
                0,
                -1,
                0
            ]
        ]
    }
}