{
    "camera": {
        "location": [
            10.492795944213867,
            -63.4906120300293,
            13.540000915527344
        ],
        "view_vector": [
            -0.039388954639434814,
            0.9937415719032288,
            -0.10452841967344284
        ],
        "world": [
            [
                0.9992153644561768,
                -0.004139943979680538,
                0.039388954639434814,
                10.492795944213867
            ],
            [
                0.0,
                0.9945219159126282,
                0.10452841967344284,
                13.540000915527344
            ],
            [
                -0.039605919271707535,
                -0.1044464036822319,
                0.9937415719032288,
                63.4906120300293
            ],
            [
                0.0,
                0.0,
                0.0,
                1.0
            ]
        ],
        "flocal_length": 130.0,
        "film_x": 36.0,
        "film_y": 36.0,
        "angle_x": 0.27517348527908325,
        "angle_y": 0.18409369885921478,
        "near": 0.0010000000474974513,
        "far": 100.0,
        "project_mat": [
            [
                7.222221894264957,
                0,
                0,
                0
            ],
            [
                0,
                7.222221894264957,
                0,
                0
            ],
            [
                0,
                0,
                -1.000020000200952,
                -0.0020000200951968044
            ],
            [
                0,
                0,
                -1,
                0
            ]
        ]
    }
}