{
    "camera": {
        "location": [
            -54.286781311035156,
            -9.6443510055542,
            13.540000915527344
        ],
        "view_vector": [
            0.9842003583908081,
            0.14291079342365265,
            -0.10452841967344284
        ],
        "world": [
            [
                0.14369797706604004,
                0.10344357788562775,
                -0.9842003583908081,
                -54.286781311035156
            ],
            [
                0.0,
                0.9945219159126282,
                0.10452841967344284,
                13.540000915527344
            ],
            [
                0.9896215796470642,
                -0.0150205222889781,
                0.14291079342365265,
                9.6443510055542
            ],
            [
                0.0,
                0.0,
                0.0,
                1.0
            ]
        ],
        "flocal_length": 130.0,
        "film_x": 36.0,
        "film_y": 36.0,
        "angle_x": 0.27517348527908325,
        "angle_y": 0.18409369885921478,
        "near": 0.0010000000474974513,
        "far": 100.0,
        "project_mat": [
            [
                7.222221894264957,
                0,
                0,
                0
            ],
            [
                0,
                7.222221894264957,
                0,
                0
            ],
            [
                0,
                0,
                -1.000020000200952,
                -0.0020000200951968044
            ],
            [
                0,
                0,
                -1,
                0
            ]
        ]
    }
}