{
    "camera": {
        "location": [
            24.556652069091797,
            60.123313903808594,
            13.540000915527344
        ],
        "view_vector": [
            -0.26161348819732666,
            -0.9594958424568176,
            -0.10452841967344284
        ],
        "world": [
            [
                -0.9647809863090515,
                -0.02749667316675186,
                0.26161348819732666,
                24.556652069091797
            ],
            [
                0.0,
                0.9945219159126282,
                0.10452841967344284,
                13.540000915527344
            ],
            [
                -0.2630545198917389,
                0.100847028195858,
                -0.9594958424568176,
                -60.123313903808594
            ],
            [
                0.0,
                0.0,
                0.0,
                1.0
            ]
        ],
        "flocal_length": 130.0,
        "film_x": 36.0,
        "film_y": 36.0,
        "angle_x": 0.27517348527908325,
        "angle_y": 0.18409369885921478,
        "near": 0.0010000000474974513,
        "far": 100.0,
        "project_mat": [
            [
                7.222221894264957,
                0,
                0,
                0
            ],
            [
                0,
                7.222221894264957,
                0,
                0
            ],
            [
                0,
                0,
                -1.000020000200952,
                -0.0020000200951968044
            ],
            [
                0,
                0,
                -1,
                0
            ]
        ]
    }
}