{
    "camera": {
        "location": [
            9.095216751098633,
            62.33047103881836,
            13.540000915527344
        ],
        "view_vector": [
            -0.01730564422905445,
            -0.9943713545799255,
            -0.10452841967344284
        ],
        "world": [
            [
                -0.9998486042022705,
                -0.0018188958056271076,
                0.01730564422905445,
                9.095216751098633
            ],
            [
                0.0,
                0.9945219159126282,
                0.10452841967344284,
                13.540000915527344
            ],
            [
                -0.017400968819856644,
                0.10451259464025497,
                -0.9943713545799255,
                -62.33047103881836
            ],
            [
                0.0,
                0.0,
                0.0,
                1.0
            ]
        ],
        "flocal_length": 130.0,
        "film_x": 36.0,
        "film_y": 36.0,
        "angle_x": 0.27517348527908325,
        "angle_y": 0.18409369885921478,
        "near": 0.0010000000474974513,
        "far": 100.0,
        "project_mat": [
            [
                7.222221894264957,
                0,
                0,
                0
            ],
            [
                0,
                7.222221894264957,
                0,
                0
            ],
            [
                0,
                0,
                -1.000020000200952,
                -0.0020000200951968044
            ],
            [
                0,
                0,
                -1,
                0
            ]
        ]
    }
}