{
    "camera": {
        "location": [
            26.14008903503418,
            -60.869232177734375,
            13.540000915527344
        ],
        "view_vector": [
            -0.28663358092308044,
            0.9523208737373352,
            -0.10452841967344284
        ],
        "world": [
            [
                0.957566499710083,
                -0.030126389116048813,
                0.28663358092308044,
                26.14008903503418
            ],
            [
                0.0,
                0.9945219159126282,
                0.10452841967344284,
                13.540000915527344
            ],
            [
                -0.2882124185562134,
                -0.10009291023015976,
                0.9523208737373352,
                60.869232177734375
            ],
            [
                0.0,
                0.0,
                0.0,
                1.0
            ]
        ],
        "flocal_length": 130.0,
        "film_x": 36.0,
        "film_y": 36.0,
        "angle_x": 0.27517348527908325,
        "angle_y": 0.18409369885921478,
        "near": 0.0010000000474974513,
        "far": 100.0,
        "project_mat": [
            [
                7.222221894264957,
                0,
                0,
                0
            ],
            [
                0,
                7.222221894264957,
                0,
                0
            ],
            [
                0,
                0,
                -1.000020000200952,
                -0.0020000200951968044
            ],
            [
                0,
                0,
                -1,
                0
            ]
        ]
    }
}