{
    "camera": {
        "location": [
            -52.70232391357422,
            16.033435821533203,
            13.540000915527344
        ],
        "view_vector": [
            0.9591642022132874,
            -0.2628267705440521,
            -0.10452841967344284
        ],
        "world": [
            [
                -0.2642744779586792,
                0.10081217437982559,
                -0.9591642022132874,
                -52.70232391357422
            ],
            [
                0.0,
                0.9945219159126282,
                0.10452841967344284,
                13.540000915527344
            ],
            [
                0.9644474983215332,
                0.02762419357895851,
                -0.2628267705440521,
                -16.033435821533203
            ],
            [
                0.0,
                0.0,
                0.0,
                1.0
            ]
        ],
        "flocal_length": 130.0,
        "film_x": 36.0,
        "film_y": 36.0,
        "angle_x": 0.27517348527908325,
        "angle_y": 0.18409369885921478,
        "near": 0.0010000000474974513,
        "far": 100.0,
        "project_mat": [
            [
                7.222221894264957,
                0,
                0,
                0
            ],
            [
                0,
                7.222221894264957,
                0,
                0
            ],
            [
                0,
                0,
                -1.000020000200952,
                -0.0020000200951968044
            ],
            [
                0,
                0,
                -1,
                0
            ]
        ]
    }
}