{
    "camera": {
        "location": [
            66.44213104248047,
            22.76580810546875,
            13.540000915527344
        ],
        "view_vector": [
            -0.9234505891799927,
            -0.3692057430744171,
            -0.10452841967344284
        ],
        "world": [
            [
                -0.37123942375183105,
                -0.09705852717161179,
                0.9234505891799927,
                66.44213104248047
            ],
            [
                0.0,
                0.9945219159126282,
                0.10452841967344284,
                13.540000915527344
            ],
            [
                -0.9285371899604797,
                0.038805071264505386,
                -0.3692057430744171,
                -22.76580810546875
            ],
            [
                0.0,
                0.0,
                0.0,
                1.0
            ]
        ],
        "flocal_length": 130.0,
        "film_x": 36.0,
        "film_y": 36.0,
        "angle_x": 0.27517348527908325,
        "angle_y": 0.18409369885921478,
        "near": 0.0010000000474974513,
        "far": 100.0,
        "project_mat": [
            [
                7.222221894264957,
                0,
                0,
                0
            ],
            [
                0,
                7.222221894264957,
                0,
                0
            ],
            [
                0,
                0,
                -1.000020000200952,
                -0.0020000200951968044
            ],
            [
                0,
                0,
                -1,
                0
            ]
        ]
    }
}