{
    "camera": {
        "location": [
            41.393489837646484,
            -53.95089340209961,
            13.540000915527344
        ],
        "view_vector": [
            -0.5276542901992798,
            0.8430033922195435,
            -0.10452841967344284
        ],
        "world": [
            [
                0.8476468920707703,
                -0.0554586760699749,
                0.5276542901992798,
                41.393489837646484
            ],
            [
                0.0,
                0.9945219159126282,
                0.10452841967344284,
                13.540000915527344
            ],
            [
                -0.5305607318878174,
                -0.0886031910777092,
                0.8430033922195435,
                53.95089340209961
            ],
            [
                0.0,
                0.0,
                0.0,
                1.0
            ]
        ],
        "flocal_length": 130.0,
        "film_x": 36.0,
        "film_y": 36.0,
        "angle_x": 0.27517348527908325,
        "angle_y": 0.18409369885921478,
        "near": 0.0010000000474974513,
        "far": 100.0,
        "project_mat": [
            [
                7.222221894264957,
                0,
                0,
                0
            ],
            [
                0,
                7.222221894264957,
                0,
                0
            ],
            [
                0,
                0,
                -1.000020000200952,
                -0.0020000200951968044
            ],
            [
                0,
                0,
                -1,
                0
            ]
        ]
    }
}