{
    "camera": {
        "location": [
            -14.99757194519043,
            -59.188011169433594,
            13.540000915527344
        ],
        "view_vector": [
            0.36338716745376587,
            0.9257556796073914,
            -0.10452841967344284
        ],
        "world": [
            [
                0.9308549761772156,
                0.03819351643323898,
                -0.36338716745376587,
                -14.99757194519043
            ],
            [
                0.0,
                0.9945219159126282,
                0.10452841967344284,
                13.540000915527344
            ],
            [
                0.36538881063461304,
                -0.09730079770088196,
                0.9257556796073914,
                59.188011169433594
            ],
            [
                0.0,
                0.0,
                0.0,
                1.0
            ]
        ],
        "flocal_length": 130.0,
        "film_x": 36.0,
        "film_y": 36.0,
        "angle_x": 0.27517348527908325,
        "angle_y": 0.18409369885921478,
        "near": 0.0010000000474974513,
        "far": 100.0,
        "project_mat": [
            [
                7.222221894264957,
                0,
                0,
                0
            ],
            [
                0,
                7.222221894264957,
                0,
                0
            ],
            [
                0,
                0,
                -1.000020000200952,
                -0.0020000200951968044
            ],
            [
                0,
                0,
                -1,
                0
            ]
        ]
    }
}