{
    "camera": {
        "location": [
            -39.572792053222656,
            40.610107421875,
            13.540000915527344
        ],
        "view_vector": [
            0.7517030239105225,
            -0.6511654853820801,
            -0.10452841967344284
        ],
        "world": [
            [
                -0.654752254486084,
                0.07900713384151459,
                -0.7517030239105225,
                -39.572792053222656
            ],
            [
                0.0,
                0.9945219159126282,
                0.10452841967344284,
                13.540000915527344
            ],
            [
                0.7558435797691345,
                0.06844022125005722,
                -0.6511654853820801,
                -40.610107421875
            ],
            [
                0.0,
                0.0,
                0.0,
                1.0
            ]
        ],
        "flocal_length": 130.0,
        "film_x": 36.0,
        "film_y": 36.0,
        "angle_x": 0.27517348527908325,
        "angle_y": 0.18409369885921478,
        "near": 0.0010000000474974513,
        "far": 100.0,
        "project_mat": [
            [
                7.222221894264957,
                0,
                0,
                0
            ],
            [
                0,
                7.222221894264957,
                0,
                0
            ],
            [
                0,
                0,
                -1.000020000200952,
                -0.0020000200951968044
            ],
            [
                0,
                0,
                -1,
                0
            ]
        ]
    }
}