{
    "camera": {
        "location": [
            -51.82350158691406,
            -20.15996742248535,
            13.540000915527344
        ],
        "view_vector": [
            0.9452778100967407,
            0.3090692162513733,
            -0.10452841967344284
        ],
        "world": [
            [
                0.310771644115448,
                0.09935265779495239,
                -0.9452778100967407,
                -51.82350158691406
            ],
            [
                0.0,
                0.9945219159126282,
                0.10452841967344284,
                13.540000915527344
            ],
            [
                0.9504846334457397,
                -0.03248446807265282,
                0.3090692162513733,
                20.15996742248535
            ],
            [
                0.0,
                0.0,
                0.0,
                1.0
            ]
        ],
        "flocal_length": 130.0,
        "film_x": 36.0,
        "film_y": 36.0,
        "angle_x": 0.27517348527908325,
        "angle_y": 0.18409369885921478,
        "near": 0.0010000000474974513,
        "far": 100.0,
        "project_mat": [
            [
                7.222221894264957,
                0,
                0,
                0
            ],
            [
                0,
                7.222221894264957,
                0,
                0
            ],
            [
                0,
                0,
                -1.000020000200952,
                -0.0020000200951968044
            ],
            [
                0,
                0,
                -1,
                0
            ]
        ]
    }
}