{
    "camera": {
        "location": [
            65.93706512451172,
            23.991455078125,
            13.540000915527344
        ],
        "view_vector": [
            -0.9154700040817261,
            -0.3885723352432251,
            -0.10452841967344284
        ],
        "world": [
            [
                -0.3907126784324646,
                -0.0962197333574295,
                0.9154700040817261,
                65.93706512451172
            ],
            [
                0.0,
                0.9945219159126282,
                0.10452841967344284,
                13.540000915527344
            ],
            [
                -0.9205126762390137,
                0.04084057733416557,
                -0.3885723352432251,
                -23.991455078125
            ],
            [
                0.0,
                0.0,
                0.0,
                1.0
            ]
        ],
        "flocal_length": 130.0,
        "film_x": 36.0,
        "film_y": 36.0,
        "angle_x": 0.27517348527908325,
        "angle_y": 0.18409369885921478,
        "near": 0.0010000000474974513,
        "far": 100.0,
        "project_mat": [
            [
                7.222221894264957,
                0,
                0,
                0
            ],
            [
                0,
                7.222221894264957,
                0,
                0
            ],
            [
                0,
                0,
                -1.000020000200952,
                -0.0020000200951968044
            ],
            [
                0,
                0,
                -1,
                0
            ]
        ]
    }
}