{
    "camera": {
        "location": [
            -47.776126861572266,
            28.562768936157227,
            13.540000915527344
        ],
        "view_vector": [
            0.8813247680664062,
            -0.46080416440963745,
            -0.10452841967344284
        ],
        "world": [
            [
                -0.4633423984050751,
                0.09263092279434204,
                -0.8813247680664062,
                -47.776126861572266
            ],
            [
                0.0,
                0.9945219159126282,
                0.10452841967344284,
                13.540000915527344
            ],
            [
                0.8861793279647827,
                0.048432447016239166,
                -0.46080416440963745,
                -28.562768936157227
            ],
            [
                0.0,
                0.0,
                0.0,
                1.0
            ]
        ],
        "flocal_length": 130.0,
        "film_x": 36.0,
        "film_y": 36.0,
        "angle_x": 0.27517348527908325,
        "angle_y": 0.18409369885921478,
        "near": 0.0010000000474974513,
        "far": 100.0,
        "project_mat": [
            [
                7.222221894264957,
                0,
                0,
                0
            ],
            [
                0,
                7.222221894264957,
                0,
                0
            ],
            [
                0,
                0,
                -1.000020000200952,
                -0.0020000200951968044
            ],
            [
                0,
                0,
                -1,
                0
            ]
        ]
    }
}