{
    "camera": {
        "location": [
            67.43415069580078,
            -21.312925338745117,
            13.540000915527344
        ],
        "view_vector": [
            -0.9391255974769592,
            0.3272872269153595,
            -0.10452841967344284
        ],
        "world": [
            [
                0.3290899991989136,
                -0.09870603680610657,
                0.9391255974769592,
                67.43415069580078
            ],
            [
                0.0,
                0.9945219159126282,
                0.10452841967344284,
                13.540000915527344
            ],
            [
                -0.9442985653877258,
                -0.034399256110191345,
                0.3272872269153595,
                21.312925338745117
            ],
            [
                0.0,
                0.0,
                0.0,
                1.0
            ]
        ],
        "flocal_length": 130.0,
        "film_x": 36.0,
        "film_y": 36.0,
        "angle_x": 0.27517348527908325,
        "angle_y": 0.18409369885921478,
        "near": 0.0010000000474974513,
        "far": 100.0,
        "project_mat": [
            [
                7.222221894264957,
                0,
                0,
                0
            ],
            [
                0,
                7.222221894264957,
                0,
                0
            ],
            [
                0,
                0,
                -1.000020000200952,
                -0.0020000200951968044
            ],
            [
                0,
                0,
                -1,
                0
            ]
        ]
    }
}