{
    "camera": {
        "location": [
            -12.986631393432617,
            58.73805618286133,
            13.540000915527344
        ],
        "view_vector": [
            0.33161208033561707,
            -0.9376072287559509,
            -0.10452841967344284
        ],
        "world": [
            [
                -0.9427717924118042,
                0.034853819757699966,
                -0.33161208033561707,
                -12.986631393432617
            ],
            [
                0.0,
                0.9945219159126282,
                0.10452841967344284,
                13.540000915527344
            ],
            [
                0.3334386944770813,
                0.09854644536972046,
                -0.9376072287559509,
                -58.73805618286133
            ],
            [
                0.0,
                0.0,
                0.0,
                1.0
            ]
        ],
        "flocal_length": 130.0,
        "film_x": 36.0,
        "film_y": 36.0,
        "angle_x": 0.27517348527908325,
        "angle_y": 0.18409369885921478,
        "near": 0.0010000000474974513,
        "far": 100.0,
        "project_mat": [
            [
                7.222221894264957,
                0,
                0,
                0
            ],
            [
                0,
                7.222221894264957,
                0,
                0
            ],
            [
                0,
                0,
                -1.000020000200952,
                -0.0020000200951968044
            ],
            [
                0,
                0,
                -1,
                0
            ]
        ]
    }
}