{
    "camera": {
        "location": [
            15.558813095092773,
            -63.08445739746094,
            13.540000915527344
        ],
        "view_vector": [
            -0.11943764984607697,
            0.9873238801956177,
            -0.10452841967344284
        ],
        "world": [
            [
                0.9927623271942139,
                -0.012553397566080093,
                0.11943764984607697,
                15.558813095092773
            ],
            [
                0.0,
                0.9945219159126282,
                0.10452841967344284,
                13.540000915527344
            ],
            [
                -0.12009554356336594,
                -0.1037718802690506,
                0.9873238801956177,
                63.08445739746094
            ],
            [
                0.0,
                0.0,
                0.0,
                1.0
            ]
        ],
        "flocal_length": 130.0,
        "film_x": 36.0,
        "film_y": 36.0,
        "angle_x": 0.27517348527908325,
        "angle_y": 0.18409369885921478,
        "near": 0.0010000000474974513,
        "far": 100.0,
        "project_mat": [
            [
                7.222221894264957,
                0,
                0,
                0
            ],
            [
                0,
                7.222221894264957,
                0,
                0
            ],
            [
                0,
                0,
                -1.000020000200952,
                -0.0020000200951968044
            ],
            [
                0,
                0,
                -1,
                0
            ]
        ]
    }
}