{
    "camera": {
        "location": [
            70.23419189453125,
            8.79940128326416,
            13.540000915527344
        ],
        "view_vector": [
            -0.9833694100379944,
            -0.14852099120616913,
            -0.10452841967344284
        ],
        "world": [
            [
                -0.14933907985687256,
                -0.1033562421798706,
                0.9833694100379944,
                70.23419189453125
            ],
            [
                0.0,
                0.9945219159126282,
                0.10452841967344284,
                13.540000915527344
            ],
            [
                -0.9887860417366028,
                0.015610178001224995,
                -0.14852099120616913,
                -8.79940128326416
            ],
            [
                0.0,
                0.0,
                0.0,
                1.0
            ]
        ],
        "flocal_length": 130.0,
        "film_x": 36.0,
        "film_y": 36.0,
        "angle_x": 0.27517348527908325,
        "angle_y": 0.18409369885921478,
        "near": 0.0010000000474974513,
        "far": 100.0,
        "project_mat": [
            [
                7.222221894264957,
                0,
                0,
                0
            ],
            [
                0,
                7.222221894264957,
                0,
                0
            ],
            [
                0,
                0,
                -1.000020000200952,
                -0.0020000200951968044
            ],
            [
                0,
                0,
                -1,
                0
            ]
        ]
    }
}