{
    "camera": {
        "location": [
            -15.638931274414062,
            57.73219299316406,
            13.540000915527344
        ],
        "view_vector": [
            0.3735213577747345,
            -0.9217134118080139,
            -0.10452841967344284
        ],
        "world": [
            [
                -0.9267904758453369,
                0.03925865888595581,
                -0.3735213577747345,
                -15.638931274414062
            ],
            [
                0.0,
                0.9945219159126282,
                0.10452841967344284,
                13.540000915527344
            ],
            [
                0.3755788207054138,
                0.09687594324350357,
                -0.9217134118080139,
                -57.73219299316406
            ],
            [
                0.0,
                0.0,
                0.0,
                1.0
            ]
        ],
        "flocal_length": 130.0,
        "film_x": 36.0,
        "film_y": 36.0,
        "angle_x": 0.27517348527908325,
        "angle_y": 0.18409369885921478,
        "near": 0.0010000000474974513,
        "far": 100.0,
        "project_mat": [
            [
                7.222221894264957,
                0,
                0,
                0
            ],
            [
                0,
                7.222221894264957,
                0,
                0
            ],
            [
                0,
                0,
                -1.000020000200952,
                -0.0020000200951968044
            ],
            [
                0,
                0,
                -1,
                0
            ]
        ]
    }
}