{
    "camera": {
        "location": [
            44.68306350708008,
            50.54485321044922,
            13.540000915527344
        ],
        "view_vector": [
            -0.5796331763267517,
            -0.8081455230712891,
            -0.10452841967344284
        ],
        "world": [
            [
                -0.8125969767570496,
                -0.06092187762260437,
                0.5796331763267517,
                44.68306350708008
            ],
            [
                0.0,
                0.9945219159126282,
                0.10452841967344284,
                13.540000915527344
            ],
            [
                -0.5828259587287903,
                0.08493947982788086,
                -0.8081455230712891,
                -50.54485321044922
            ],
            [
                0.0,
                0.0,
                0.0,
                1.0
            ]
        ],
        "flocal_length": 130.0,
        "film_x": 36.0,
        "film_y": 36.0,
        "angle_x": 0.27517348527908325,
        "angle_y": 0.18409369885921478,
        "near": 0.0010000000474974513,
        "far": 100.0,
        "project_mat": [
            [
                7.222221894264957,
                0,
                0,
                0
            ],
            [
                0,
                7.222221894264957,
                0,
                0
            ],
            [
                0,
                0,
                -1.000020000200952,
                -0.0020000200951968044
            ],
            [
                0,
                0,
                -1,
                0
            ]
        ]
    }
}