{
    "camera": {
        "location": [
            -49.456844329833984,
            -26.29346466064453,
            13.540000915527344
        ],
        "view_vector": [
            0.907882034778595,
            0.4059852957725525,
            -0.10452841967344284
        ],
        "world": [
            [
                0.408221572637558,
                0.09542220085859299,
                -0.907882034778595,
                -49.456844329833984
            ],
            [
                0.0,
                0.9945219159126282,
                0.10452841967344284,
                13.540000915527344
            ],
            [
                0.9128828644752502,
                -0.042670756578445435,
                0.4059852957725525,
                26.29346466064453
            ],
            [
                0.0,
                0.0,
                0.0,
                1.0
            ]
        ],
        "flocal_length": 130.0,
        "film_x": 36.0,
        "film_y": 36.0,
        "angle_x": 0.27517348527908325,
        "angle_y": 0.18409369885921478,
        "near": 0.0010000000474974513,
        "far": 100.0,
        "project_mat": [
            [
                7.222221894264957,
                0,
                0,
                0
            ],
            [
                0,
                7.222221894264957,
                0,
                0
            ],
            [
                0,
                0,
                -1.000020000200952,
                -0.0020000200951968044
            ],
            [
                0,
                0,
                -1,
                0
            ]
        ]
    }
}