{
    "camera": {
        "location": [
            -31.80536651611328,
            48.15424728393555,
            13.540000915527344
        ],
        "view_vector": [
            0.6289690136909485,
            -0.7703711986541748,
            -0.10452841967344284
        ],
        "world": [
            [
                -0.7746146321296692,
                0.06610728055238724,
                -0.6289690136909485,
                -31.80536651611328
            ],
            [
                0.0,
                0.9945219159126282,
                0.10452841967344284,
                13.540000915527344
            ],
            [
                0.6324335336685181,
                0.08096924424171448,
                -0.7703711986541748,
                -48.15424728393555
            ],
            [
                0.0,
                0.0,
                0.0,
                1.0
            ]
        ],
        "flocal_length": 130.0,
        "film_x": 36.0,
        "film_y": 36.0,
        "angle_x": 0.27517348527908325,
        "angle_y": 0.18409369885921478,
        "near": 0.0010000000474974513,
        "far": 100.0,
        "project_mat": [
            [
                7.222221894264957,
                0,
                0,
                0
            ],
            [
                0,
                7.222221894264957,
                0,
                0
            ],
            [
                0,
                0,
                -1.000020000200952,
                -0.0020000200951968044
            ],
            [
                0,
                0,
                -1,
                0
            ]
        ]
    }
}