{
    "camera": {
        "location": [
            70.62513732910156,
            -6.887698173522949,
            13.540000915527344
        ],
        "view_vector": [
            -0.9895468354225159,
            0.09935262054204941,
            -0.10452841967344284
        ],
        "world": [
            [
                0.09989988058805466,
                -0.10400551557540894,
                0.9895468354225159,
                70.62513732910156
            ],
            [
                0.0,
                0.9945219159126282,
                0.10452841967344284,
                13.540000915527344
            ],
            [
                -0.994997501373291,
                -0.01044237706810236,
                0.09935262054204941,
                6.887698173522949
            ],
            [
                0.0,
                0.0,
                0.0,
                1.0
            ]
        ],
        "flocal_length": 130.0,
        "film_x": 36.0,
        "film_y": 36.0,
        "angle_x": 0.27517348527908325,
        "angle_y": 0.18409369885921478,
        "near": 0.0010000000474974513,
        "far": 100.0,
        "project_mat": [
            [
                7.222221894264957,
                0,
                0,
                0
            ],
            [
                0,
                7.222221894264957,
                0,
                0
            ],
            [
                0,
                0,
                -1.000020000200952,
                -0.0020000200951968044
            ],
            [
                0,
                0,
                -1,
                0
            ]
        ]
    }
}