{
    "camera": {
        "location": [
            -47.51801681518555,
            -30.251190185546875,
            13.540000915527344
        ],
        "view_vector": [
            0.8772463798522949,
            0.46852174401283264,
            -0.10452841967344284
        ],
        "world": [
            [
                0.4711024761199951,
                0.09220226854085922,
                -0.8772463798522949,
                -47.51801681518555
            ],
            [
                0.0,
                0.9945219159126282,
                0.10452841967344284,
                13.540000915527344
            ],
            [
                0.8820784687995911,
                -0.04924359917640686,
                0.46852174401283264,
                30.251190185546875
            ],
            [
                0.0,
                0.0,
                0.0,
                1.0
            ]
        ],
        "flocal_length": 130.0,
        "film_x": 36.0,
        "film_y": 36.0,
        "angle_x": 0.27517348527908325,
        "angle_y": 0.18409369885921478,
        "near": 0.0010000000474974513,
        "far": 100.0,
        "project_mat": [
            [
                7.222221894264957,
                0,
                0,
                0
            ],
            [
                0,
                7.222221894264957,
                0,
                0
            ],
            [
                0,
                0,
                -1.000020000200952,
                -0.0020000200951968044
            ],
            [
                0,
                0,
                -1,
                0
            ]
        ]
    }
}