{
    "camera": {
        "location": [
            -51.42674255371094,
            -21.33416748046875,
            13.540000915527344
        ],
        "view_vector": [
            0.9390085339546204,
            0.3276228904724121,
            -0.10452841967344284
        ],
        "world": [
            [
                0.3294275104999542,
                0.09869372844696045,
                -0.9390085339546204,
                -51.42674255371094
            ],
            [
                0.0,
                0.9945219159126282,
                0.10452841967344284,
                13.540000915527344
            ],
            [
                0.9441808462142944,
                -0.03443453833460808,
                0.3276228904724121,
                21.33416748046875
            ],
            [
                0.0,
                0.0,
                0.0,
                1.0
            ]
        ],
        "flocal_length": 130.0,
        "film_x": 36.0,
        "film_y": 36.0,
        "angle_x": 0.27517348527908325,
        "angle_y": 0.18409369885921478,
        "near": 0.0010000000474974513,
        "far": 100.0,
        "project_mat": [
            [
                7.222221894264957,
                0,
                0,
                0
            ],
            [
                0,
                7.222221894264957,
                0,
                0
            ],
            [
                0,
                0,
                -1.000020000200952,
                -0.0020000200951968044
            ],
            [
                0,
                0,
                -1,
                0
            ]
        ]
    }
}