{
    "camera": {
        "location": [
            -53.628273010253906,
            -13.38277530670166,
            13.540000915527344
        ],
        "view_vector": [
            0.9737951755523682,
            0.2019820511341095,
            -0.10452841967344284
        ],
        "world": [
            [
                0.20309461653232574,
                0.10234995186328888,
                -0.9737951755523682,
                -53.628273010253906
            ],
            [
                0.0,
                0.9945219159126282,
                0.10452841967344284,
                13.540000915527344
            ],
            [
                0.9791591167449951,
                -0.021229159086942673,
                0.2019820511341095,
                13.38277530670166
            ],
            [
                0.0,
                0.0,
                0.0,
                1.0
            ]
        ],
        "flocal_length": 130.0,
        "film_x": 36.0,
        "film_y": 36.0,
        "angle_x": 0.27517348527908325,
        "angle_y": 0.18409369885921478,
        "near": 0.0010000000474974513,
        "far": 100.0,
        "project_mat": [
            [
                7.222221894264957,
                0,
                0,
                0
            ],
            [
                0,
                7.222221894264957,
                0,
                0
            ],
            [
                0,
                0,
                -1.000020000200952,
                -0.0020000200951968044
            ],
            [
                0,
                0,
                -1,
                0
            ]
        ]
    }
}