{
    "camera": {
        "location": [
            -31.561824798583984,
            -49.55207061767578,
            13.540000915527344
        ],
        "view_vector": [
            0.6251208186149597,
            0.7734971642494202,
            -0.10452841967344284
        ],
        "world": [
            [
                0.7777577638626099,
                0.06570281088352203,
                -0.6251208186149597,
                -31.561824798583984
            ],
            [
                0.0,
                0.9945219159126282,
                0.10452841967344284,
                13.540000915527344
            ],
            [
                0.6285641193389893,
                -0.08129779249429703,
                0.7734971642494202,
                49.55207061767578
            ],
            [
                0.0,
                0.0,
                0.0,
                1.0
            ]
        ],
        "flocal_length": 130.0,
        "film_x": 36.0,
        "film_y": 36.0,
        "angle_x": 0.27517348527908325,
        "angle_y": 0.18409369885921478,
        "near": 0.0010000000474974513,
        "far": 100.0,
        "project_mat": [
            [
                7.222221894264957,
                0,
                0,
                0
            ],
            [
                0,
                7.222221894264957,
                0,
                0
            ],
            [
                0,
                0,
                -1.000020000200952,
                -0.0020000200951968044
            ],
            [
                0,
                0,
                -1,
                0
            ]
        ]
    }
}