{
    "camera": {
        "location": [
            62.178558349609375,
            -32.63322448730469,
            13.540000915527344
        ],
        "view_vector": [
            -0.8560814261436462,
            0.50616055727005,
            -0.10452841967344284
        ],
        "world": [
            [
                0.5089486241340637,
                -0.08997774124145508,
                0.8560814261436462,
                62.178558349609375
            ],
            [
                0.0,
                0.9945219159126282,
                0.10452841967344284,
                13.540000915527344
            ],
            [
                -0.8607969284057617,
                -0.05319959670305252,
                0.50616055727005,
                32.63322448730469
            ],
            [
                0.0,
                0.0,
                0.0,
                1.0
            ]
        ],
        "flocal_length": 130.0,
        "film_x": 36.0,
        "film_y": 36.0,
        "angle_x": 0.27517348527908325,
        "angle_y": 0.18409369885921478,
        "near": 0.0010000000474974513,
        "far": 100.0,
        "project_mat": [
            [
                7.222221894264957,
                0,
                0,
                0
            ],
            [
                0,
                7.222221894264957,
                0,
                0
            ],
            [
                0,
                0,
                -1.000020000200952,
                -0.0020000200951968044
            ],
            [
                0,
                0,
                -1,
                0
            ]
        ]
    }
}