{
    "camera": {
        "location": [
            -37.784969329833984,
            42.58773422241211,
            13.540000915527344
        ],
        "view_vector": [
            0.7234533429145813,
            -0.682414174079895,
            -0.10452841967344284
        ],
        "world": [
            [
                -0.6861730813980103,
                0.07603798061609268,
                -0.7234533429145813,
                -37.784969329833984
            ],
            [
                0.0,
                0.9945219159126282,
                0.10452841967344284,
                13.540000915527344
            ],
            [
                0.7274383306503296,
                0.07172458618879318,
                -0.682414174079895,
                -42.58773422241211
            ],
            [
                0.0,
                0.0,
                0.0,
                1.0
            ]
        ],
        "flocal_length": 130.0,
        "film_x": 36.0,
        "film_y": 36.0,
        "angle_x": 0.27517348527908325,
        "angle_y": 0.18409369885921478,
        "near": 0.0010000000474974513,
        "far": 100.0,
        "project_mat": [
            [
                7.222221894264957,
                0,
                0,
                0
            ],
            [
                0,
                7.222221894264957,
                0,
                0
            ],
            [
                0,
                0,
                -1.000020000200952,
                -0.0020000200951968044
            ],
            [
                0,
                0,
                -1,
                0
            ]
        ]
    }
}