{
    "camera": {
        "location": [
            -48.402984619140625,
            -28.53110694885254,
            13.540000915527344
        ],
        "view_vector": [
            0.8912298679351807,
            0.4413425028324127,
            -0.10452841967344284
        ],
        "world": [
            [
                0.4437735378742218,
                0.09367199242115021,
                -0.8912298679351807,
                -48.402984619140625
            ],
            [
                0.0,
                0.9945219159126282,
                0.10452841967344284,
                13.540000915527344
            ],
            [
                0.8961389660835266,
                -0.046386945992708206,
                0.4413425028324127,
                28.53110694885254
            ],
            [
                0.0,
                0.0,
                0.0,
                1.0
            ]
        ],
        "flocal_length": 130.0,
        "film_x": 36.0,
        "film_y": 36.0,
        "angle_x": 0.27517348527908325,
        "angle_y": 0.18409369885921478,
        "near": 0.0010000000474974513,
        "far": 100.0,
        "project_mat": [
            [
                7.222221894264957,
                0,
                0,
                0
            ],
            [
                0,
                7.222221894264957,
                0,
                0
            ],
            [
                0,
                0,
                -1.000020000200952,
                -0.0020000200951968044
            ],
            [
                0,
                0,
                -1,
                0
            ]
        ]
    }
}