{
    "camera": {
        "location": [
            69.6939468383789,
            -13.061944961547852,
            13.540000915527344
        ],
        "view_vector": [
            -0.9748329520225525,
            0.19691257178783417,
            -0.10452841967344284
        ],
        "world": [
            [
                0.19799721240997314,
                -0.10245902091264725,
                0.9748329520225525,
                69.6939468383789
            ],
            [
                0.0,
                0.9945219159126282,
                0.10452841967344284,
                13.540000915527344
            ],
            [
                -0.9802025556564331,
                -0.020696336403489113,
                0.19691257178783417,
                13.061944961547852
            ],
            [
                0.0,
                0.0,
                0.0,
                1.0
            ]
        ],
        "flocal_length": 130.0,
        "film_x": 36.0,
        "film_y": 36.0,
        "angle_x": 0.27517348527908325,
        "angle_y": 0.18409369885921478,
        "near": 0.0010000000474974513,
        "far": 100.0,
        "project_mat": [
            [
                7.222221894264957,
                0,
                0,
                0
            ],
            [
                0,
                7.222221894264957,
                0,
                0
            ],
            [
                0,
                0,
                -1.000020000200952,
                -0.0020000200951968044
            ],
            [
                0,
                0,
                -1,
                0
            ]
        ]
    }
}