{
    "camera": {
        "location": [
            69.21363830566406,
            -15.240148544311523,
            13.540000915527344
        ],
        "view_vector": [
            -0.967243492603302,
            0.23133060336112976,
            -0.10452841967344284
        ],
        "world": [
            [
                0.23260483145713806,
                -0.10166133940219879,
                0.967243492603302,
                69.21363830566406
            ],
            [
                0.0,
                0.9945219159126282,
                0.10452841967344284,
                13.540000915527344
            ],
            [
                -0.9725713133811951,
                -0.02431381493806839,
                0.23133060336112976,
                15.240148544311523
            ],
            [
                0.0,
                0.0,
                0.0,
                1.0
            ]
        ],
        "flocal_length": 130.0,
        "film_x": 36.0,
        "film_y": 36.0,
        "angle_x": 0.27517348527908325,
        "angle_y": 0.18409369885921478,
        "near": 0.0010000000474974513,
        "far": 100.0,
        "project_mat": [
            [
                7.222221894264957,
                0,
                0,
                0
            ],
            [
                0,
                7.222221894264957,
                0,
                0
            ],
            [
                0,
                0,
                -1.000020000200952,
                -0.0020000200951968044
            ],
            [
                0,
                0,
                -1,
                0
            ]
        ]
    }
}