{
    "camera": {
        "location": [
            -44.307865142822266,
            34.40472412109375,
            13.540000915527344
        ],
        "view_vector": [
            0.8265223503112793,
            -0.5531135201454163,
            -0.10452841967344284
        ],
        "world": [
            [
                -0.5561602115631104,
                0.0868709608912468,
                -0.8265223503112793,
                -44.307865142822266
            ],
            [
                0.0,
                0.9945219159126282,
                0.10452841967344284,
                13.540000915527344
            ],
            [
                0.8310750722885132,
                0.058134548366069794,
                -0.5531135201454163,
                -34.40472412109375
            ],
            [
                0.0,
                0.0,
                0.0,
                1.0
            ]
        ],
        "flocal_length": 130.0,
        "film_x": 36.0,
        "film_y": 36.0,
        "angle_x": 0.27517348527908325,
        "angle_y": 0.18409369885921478,
        "near": 0.0010000000474974513,
        "far": 100.0,
        "project_mat": [
            [
                7.222221894264957,
                0,
                0,
                0
            ],
            [
                0,
                7.222221894264957,
                0,
                0
            ],
            [
                0,
                0,
                -1.000020000200952,
                -0.0020000200951968044
            ],
            [
                0,
                0,
                -1,
                0
            ]
        ]
    }
}