{
    "camera": {
        "location": [
            -6.604081153869629,
            -61.8222541809082,
            13.540000915527344
        ],
        "view_vector": [
            0.23076070845127106,
            0.967379629611969,
            -0.10452841967344284
        ],
        "world": [
            [
                0.9727082252502441,
                0.02425391599535942,
                -0.23076070845127106,
                -6.604081153869629
            ],
            [
                0.0,
                0.9945219159126282,
                0.10452841967344284,
                13.540000915527344
            ],
            [
                0.23203179240226746,
                -0.10167565196752548,
                0.967379629611969,
                61.8222541809082
            ],
            [
                0.0,
                0.0,
                0.0,
                1.0
            ]
        ],
        "flocal_length": 130.0,
        "film_x": 36.0,
        "film_y": 36.0,
        "angle_x": 0.27517348527908325,
        "angle_y": 0.18409369885921478,
        "near": 0.0010000000474974513,
        "far": 100.0,
        "project_mat": [
            [
                7.222221894264957,
                0,
                0,
                0
            ],
            [
                0,
                7.222221894264957,
                0,
                0
            ],
            [
                0,
                0,
                -1.000020000200952,
                -0.0020000200951968044
            ],
            [
                0,
                0,
                -1,
                0
            ]
        ]
    }
}