{
    "camera": {
        "location": [
            -0.09189605712890625,
            61.817665100097656,
            13.540000915527344
        ],
        "view_vector": [
            0.12786094844341278,
            -0.9862684607505798,
            -0.10452841967344284
        ],
        "world": [
            [
                -0.991701066493988,
                0.013438721187412739,
                -0.12786094844341278,
                -0.09189605712890625
            ],
            [
                0.0,
                0.9945219159126282,
                0.10452841967344284,
                13.540000915527344
            ],
            [
                0.1285652369260788,
                0.103660948574543,
                -0.9862684607505798,
                -61.817665100097656
            ],
            [
                0.0,
                0.0,
                0.0,
                1.0
            ]
        ],
        "flocal_length": 130.0,
        "film_x": 36.0,
        "film_y": 36.0,
        "angle_x": 0.27517348527908325,
        "angle_y": 0.18409369885921478,
        "near": 0.0010000000474974513,
        "far": 100.0,
        "project_mat": [
            [
                7.222221894264957,
                0,
                0,
                0
            ],
            [
                0,
                7.222221894264957,
                0,
                0
            ],
            [
                0,
                0,
                -1.000020000200952,
                -0.0020000200951968044
            ],
            [
                0,
                0,
                -1,
                0
            ]
        ]
    }
}