{
    "camera": {
        "location": [
            18.280197143554688,
            -62.69477462768555,
            13.540000915527344
        ],
        "view_vector": [
            -0.1624385565519333,
            0.981166422367096,
            -0.10452841967344284
        ],
        "world": [
            [
                0.9865709543228149,
                -0.017072973772883415,
                0.1624385565519333,
                18.280197143554688
            ],
            [
                0.0,
                0.9945219159126282,
                0.10452841967344284,
                13.540000915527344
            ],
            [
                -0.16333331167697906,
                -0.10312470048666,
                0.981166422367096,
                62.69477462768555
            ],
            [
                0.0,
                0.0,
                0.0,
                1.0
            ]
        ],
        "flocal_length": 130.0,
        "film_x": 36.0,
        "film_y": 36.0,
        "angle_x": 0.27517348527908325,
        "angle_y": 0.18409369885921478,
        "near": 0.0010000000474974513,
        "far": 100.0,
        "project_mat": [
            [
                7.222221894264957,
                0,
                0,
                0
            ],
            [
                0,
                7.222221894264957,
                0,
                0
            ],
            [
                0,
                0,
                -1.000020000200952,
                -0.0020000200951968044
            ],
            [
                0,
                0,
                -1,
                0
            ]
        ]
    }
}