{
    "camera": {
        "location": [
            -42.6525993347168,
            36.75984191894531,
            13.540000915527344
        ],
        "view_vector": [
            0.8003673553466797,
            -0.5903269648551941,
            -0.10452841967344284
        ],
        "world": [
            [
                -0.5935786366462708,
                0.08412196487188339,
                -0.8003673553466797,
                -42.6525993347168
            ],
            [
                0.0,
                0.9945219159126282,
                0.10452841967344284,
                13.540000915527344
            ],
            [
                0.8047760128974915,
                0.06204583868384361,
                -0.5903269648551941,
                -36.75984191894531
            ],
            [
                0.0,
                0.0,
                0.0,
                1.0
            ]
        ],
        "flocal_length": 130.0,
        "film_x": 36.0,
        "film_y": 36.0,
        "angle_x": 0.27517348527908325,
        "angle_y": 0.18409369885921478,
        "near": 0.0010000000474974513,
        "far": 100.0,
        "project_mat": [
            [
                7.222221894264957,
                0,
                0,
                0
            ],
            [
                0,
                7.222221894264957,
                0,
                0
            ],
            [
                0,
                0,
                -1.000020000200952,
                -0.0020000200951968044
            ],
            [
                0,
                0,
                -1,
                0
            ]
        ]
    }
}