{
    "camera": {
        "location": [
            -31.080852508544922,
            -49.93690490722656,
            13.540000915527344
        ],
        "view_vector": [
            0.6175209283828735,
            0.7795779705047607,
            -0.10452841967344284
        ],
        "world": [
            [
                0.7838720679283142,
                0.06490403413772583,
                -0.6175209283828735,
                -31.080852508544922
            ],
            [
                0.0,
                0.9945219159126282,
                0.10452841967344284,
                13.540000915527344
            ],
            [
                0.6209223866462708,
                -0.08193691074848175,
                0.7795779705047607,
                49.93690490722656
            ],
            [
                0.0,
                0.0,
                0.0,
                1.0
            ]
        ],
        "flocal_length": 130.0,
        "film_x": 36.0,
        "film_y": 36.0,
        "angle_x": 0.27517348527908325,
        "angle_y": 0.18409369885921478,
        "near": 0.0010000000474974513,
        "far": 100.0,
        "project_mat": [
            [
                7.222221894264957,
                0,
                0,
                0
            ],
            [
                0,
                7.222221894264957,
                0,
                0
            ],
            [
                0,
                0,
                -1.000020000200952,
                -0.0020000200951968044
            ],
            [
                0,
                0,
                -1,
                0
            ]
        ]
    }
}