{
    "camera": {
        "location": [
            23.52206039428711,
            -61.595977783203125,
            13.540000915527344
        ],
        "view_vector": [
            -0.24526579678058624,
            0.9638042449951172,
            -0.10452841967344284
        ],
        "world": [
            [
                0.9691131114959717,
                -0.02577846311032772,
                0.24526579678058624,
                23.52206039428711
            ],
            [
                0.0,
                0.9945219159126282,
                0.10452841967344284,
                13.540000915527344
            ],
            [
                -0.24661678075790405,
                -0.10129985958337784,
                0.9638042449951172,
                61.595977783203125
            ],
            [
                0.0,
                0.0,
                0.0,
                1.0
            ]
        ],
        "flocal_length": 130.0,
        "film_x": 36.0,
        "film_y": 36.0,
        "angle_x": 0.27517348527908325,
        "angle_y": 0.18409369885921478,
        "near": 0.0010000000474974513,
        "far": 100.0,
        "project_mat": [
            [
                7.222221894264957,
                0,
                0,
                0
            ],
            [
                0,
                7.222221894264957,
                0,
                0
            ],
            [
                0,
                0,
                -1.000020000200952,
                -0.0020000200951968044
            ],
            [
                0,
                0,
                -1,
                0
            ]
        ]
    }
}