{
    "camera": {
        "location": [
            63.17068099975586,
            29.69256591796875,
            13.540000915527344
        ],
        "view_vector": [
            -0.8717580437660217,
            -0.47865623235702515,
            -0.10452841967344284
        ],
        "world": [
            [
                -0.4812927842140198,
                -0.09162542223930359,
                0.8717580437660217,
                63.17068099975586
            ],
            [
                0.0,
                0.9945219159126282,
                0.10452841967344284,
                13.540000915527344
            ],
            [
                -0.8765599131584167,
                0.050308775156736374,
                -0.47865623235702515,
                -29.69256591796875
            ],
            [
                0.0,
                0.0,
                0.0,
                1.0
            ]
        ],
        "flocal_length": 130.0,
        "film_x": 36.0,
        "film_y": 36.0,
        "angle_x": 0.27517348527908325,
        "angle_y": 0.18409369885921478,
        "near": 0.0010000000474974513,
        "far": 100.0,
        "project_mat": [
            [
                7.222221894264957,
                0,
                0,
                0
            ],
            [
                0,
                7.222221894264957,
                0,
                0
            ],
            [
                0,
                0,
                -1.000020000200952,
                -0.0020000200951968044
            ],
            [
                0,
                0,
                -1,
                0
            ]
        ]
    }
}