{
    "camera": {
        "location": [
            -36.294227600097656,
            -45.31537628173828,
            13.540000915527344
        ],
        "view_vector": [
            0.6998980045318604,
            0.7065526247024536,
            -0.10452841967344284
        ],
        "world": [
            [
                0.7104445099830627,
                0.07356221228837967,
                -0.6998980045318604,
                -36.294227600097656
            ],
            [
                0.0,
                0.9945219159126282,
                0.10452841967344284,
                13.540000915527344
            ],
            [
                0.7037532329559326,
                -0.07426164299249649,
                0.7065526247024536,
                45.31537628173828
            ],
            [
                0.0,
                0.0,
                0.0,
                1.0
            ]
        ],
        "flocal_length": 130.0,
        "film_x": 36.0,
        "film_y": 36.0,
        "angle_x": 0.27517348527908325,
        "angle_y": 0.18409369885921478,
        "near": 0.0010000000474974513,
        "far": 100.0,
        "project_mat": [
            [
                7.222221894264957,
                0,
                0,
                0
            ],
            [
                0,
                7.222221894264957,
                0,
                0
            ],
            [
                0,
                0,
                -1.000020000200952,
                -0.0020000200951968044
            ],
            [
                0,
                0,
                -1,
                0
            ]
        ]
    }
}