{
    "camera": {
        "location": [
            21.98159408569336,
            60.76740646362305,
            13.540000915527344
        ],
        "view_vector": [
            -0.2209247350692749,
            -0.9696731567382812,
            -0.10452841967344284
        ],
        "world": [
            [
                -0.9750143885612488,
                -0.023220114409923553,
                0.2209247350692749,
                21.98159408569336
            ],
            [
                0.0,
                0.9945219159126282,
                0.10452841967344284,
                13.540000915527344
            ],
            [
                -0.22214163839817047,
                0.10191671550273895,
                -0.9696731567382812,
                -60.76740646362305
            ],
            [
                0.0,
                0.0,
                0.0,
                1.0
            ]
        ],
        "flocal_length": 130.0,
        "film_x": 36.0,
        "film_y": 36.0,
        "angle_x": 0.27517348527908325,
        "angle_y": 0.18409369885921478,
        "near": 0.0010000000474974513,
        "far": 100.0,
        "project_mat": [
            [
                7.222221894264957,
                0,
                0,
                0
            ],
            [
                0,
                7.222221894264957,
                0,
                0
            ],
            [
                0,
                0,
                -1.000020000200952,
                -0.0020000200951968044
            ],
            [
                0,
                0,
                -1,
                0
            ]
        ]
    }
}