{
    "camera": {
        "location": [
            -32.84259796142578,
            -48.48868179321289,
            13.540000915527344
        ],
        "view_vector": [
            0.6453583836555481,
            0.7566943764686584,
            -0.10452841967344284
        ],
        "world": [
            [
                0.7608624696731567,
                0.06782986968755722,
                -0.6453583836555481,
                -32.84259796142578
            ],
            [
                0.0,
                0.9945219159126282,
                0.10452841967344284,
                13.540000915527344
            ],
            [
                0.6489132046699524,
                -0.07953175157308578,
                0.7566943764686584,
                48.48868179321289
            ],
            [
                0.0,
                0.0,
                0.0,
                1.0
            ]
        ],
        "flocal_length": 130.0,
        "film_x": 36.0,
        "film_y": 36.0,
        "angle_x": 0.27517348527908325,
        "angle_y": 0.18409369885921478,
        "near": 0.0010000000474974513,
        "far": 100.0,
        "project_mat": [
            [
                7.222221894264957,
                0,
                0,
                0
            ],
            [
                0,
                7.222221894264957,
                0,
                0
            ],
            [
                0,
                0,
                -1.000020000200952,
                -0.0020000200951968044
            ],
            [
                0,
                0,
                -1,
                0
            ]
        ]
    }
}