{
    "camera": {
        "location": [
            -53.30385971069336,
            -14.85763168334961,
            13.540000915527344
        ],
        "view_vector": [
            0.9686691164970398,
            0.22528640925884247,
            -0.10452841967344284
        ],
        "world": [
            [
                0.2265273481607437,
                0.10181118547916412,
                -0.9686691164970398,
                -53.30385971069336
            ],
            [
                0.0,
                0.9945219159126282,
                0.10452841967344284,
                13.540000915527344
            ],
            [
                0.9740048050880432,
                -0.023678544908761978,
                0.22528640925884247,
                14.85763168334961
            ],
            [
                0.0,
                0.0,
                0.0,
                1.0
            ]
        ],
        "flocal_length": 130.0,
        "film_x": 36.0,
        "film_y": 36.0,
        "angle_x": 0.27517348527908325,
        "angle_y": 0.18409369885921478,
        "near": 0.0010000000474974513,
        "far": 100.0,
        "project_mat": [
            [
                7.222221894264957,
                0,
                0,
                0
            ],
            [
                0,
                7.222221894264957,
                0,
                0
            ],
            [
                0,
                0,
                -1.000020000200952,
                -0.0020000200951968044
            ],
            [
                0,
                0,
                -1,
                0
            ]
        ]
    }
}