{
    "camera": {
        "location": [
            -45.38050842285156,
            -33.946136474609375,
            13.540000915527344
        ],
        "view_vector": [
            0.843471348285675,
            0.5269060134887695,
            -0.10452841967344284
        ],
        "world": [
            [
                0.5298083424568176,
                0.08865237236022949,
                -0.843471348285675,
                -45.38050842285156
            ],
            [
                0.0,
                0.9945219159126282,
                0.10452841967344284,
                13.540000915527344
            ],
            [
                0.8481174111366272,
                -0.05538002774119377,
                0.5269060134887695,
                33.946136474609375
            ],
            [
                0.0,
                0.0,
                0.0,
                1.0
            ]
        ],
        "flocal_length": 130.0,
        "film_x": 36.0,
        "film_y": 36.0,
        "angle_x": 0.27517348527908325,
        "angle_y": 0.18409369885921478,
        "near": 0.0010000000474974513,
        "far": 100.0,
        "project_mat": [
            [
                7.222221894264957,
                0,
                0,
                0
            ],
            [
                0,
                7.222221894264957,
                0,
                0
            ],
            [
                0,
                0,
                -1.000020000200952,
                -0.0020000200951968044
            ],
            [
                0,
                0,
                -1,
                0
            ]
        ]
    }
}