{
    "camera": {
        "location": [
            68.16587829589844,
            -19.080005645751953,
            13.540000915527344
        ],
        "view_vector": [
            -0.9506877064704895,
            0.29200461506843567,
            -0.10452841967344284
        ],
        "world": [
            [
                0.2936130464076996,
                -0.09992125630378723,
                0.9506877064704895,
                68.16587829589844
            ],
            [
                0.0,
                0.9945219159126282,
                0.10452841967344284,
                13.540000915527344
            ],
            [
                -0.9559243321418762,
                -0.030690908432006836,
                0.29200461506843567,
                19.080005645751953
            ],
            [
                0.0,
                0.0,
                0.0,
                1.0
            ]
        ],
        "flocal_length": 130.0,
        "film_x": 36.0,
        "film_y": 36.0,
        "angle_x": 0.27517348527908325,
        "angle_y": 0.18409369885921478,
        "near": 0.0010000000474974513,
        "far": 100.0,
        "project_mat": [
            [
                7.222221894264957,
                0,
                0,
                0
            ],
            [
                0,
                7.222221894264957,
                0,
                0
            ],
            [
                0,
                0,
                -1.000020000200952,
                -0.0020000200951968044
            ],
            [
                0,
                0,
                -1,
                0
            ]
        ]
    }
}