{
    "camera": {
        "location": [
            61.92852020263672,
            -33.05239486694336,
            13.540000915527344
        ],
        "view_vector": [
            -0.8521305322647095,
            0.512783944606781,
            -0.10452841967344284
        ],
        "world": [
            [
                0.5156084895133972,
                -0.08956249058246613,
                0.8521305322647095,
                61.92852020263672
            ],
            [
                0.0,
                0.9945219159126282,
                0.10452841967344284,
                13.540000915527344
            ],
            [
                -0.8568242788314819,
                -0.0538957417011261,
                0.512783944606781,
                33.05239486694336
            ],
            [
                0.0,
                0.0,
                0.0,
                1.0
            ]
        ],
        "flocal_length": 130.0,
        "film_x": 36.0,
        "film_y": 36.0,
        "angle_x": 0.27517348527908325,
        "angle_y": 0.18409369885921478,
        "near": 0.0010000000474974513,
        "far": 100.0,
        "project_mat": [
            [
                7.222221894264957,
                0,
                0,
                0
            ],
            [
                0,
                7.222221894264957,
                0,
                0
            ],
            [
                0,
                0,
                -1.000020000200952,
                -0.0020000200951968044
            ],
            [
                0,
                0,
                -1,
                0
            ]
        ]
    }
}