{
    "camera": {
        "location": [
            -51.40804672241211,
            20.18767547607422,
            13.540000915527344
        ],
        "view_vector": [
            0.9387131333351135,
            -0.32846835255622864,
            -0.10452841967344284
        ],
        "world": [
            [
                -0.3302776515483856,
                0.09866268932819366,
                -0.9387131333351135,
                -51.40804672241211
            ],
            [
                0.0,
                0.9945219159126282,
                0.10452841967344284,
                13.540000915527344
            ],
            [
                0.9438838362693787,
                0.03452340140938759,
                -0.32846835255622864,
                -20.18767547607422
            ],
            [
                0.0,
                0.0,
                0.0,
                1.0
            ]
        ],
        "flocal_length": 130.0,
        "film_x": 36.0,
        "film_y": 36.0,
        "angle_x": 0.27517348527908325,
        "angle_y": 0.18409369885921478,
        "near": 0.0010000000474974513,
        "far": 100.0,
        "project_mat": [
            [
                7.222221894264957,
                0,
                0,
                0
            ],
            [
                0,
                7.222221894264957,
                0,
                0
            ],
            [
                0,
                0,
                -1.000020000200952,
                -0.0020000200951968044
            ],
            [
                0,
                0,
                -1,
                0
            ]
        ]
    }
}