{
    "camera": {
        "location": [
            -42.83446502685547,
            36.51200485229492,
            13.540000915527344
        ],
        "view_vector": [
            0.8032410144805908,
            -0.5864108800888062,
            -0.10452841967344284
        ],
        "world": [
            [
                -0.5896409749984741,
                0.08442399650812149,
                -0.8032410144805908,
                -42.83446502685547
            ],
            [
                0.0,
                0.9945219159126282,
                0.10452841967344284,
                13.540000915527344
            ],
            [
                0.8076654672622681,
                0.06163423880934715,
                -0.5864108800888062,
                -36.51200485229492
            ],
            [
                0.0,
                0.0,
                0.0,
                1.0
            ]
        ],
        "flocal_length": 130.0,
        "film_x": 36.0,
        "film_y": 36.0,
        "angle_x": 0.27517348527908325,
        "angle_y": 0.18409369885921478,
        "near": 0.0010000000474974513,
        "far": 100.0,
        "project_mat": [
            [
                7.222221894264957,
                0,
                0,
                0
            ],
            [
                0,
                7.222221894264957,
                0,
                0
            ],
            [
                0,
                0,
                -1.000020000200952,
                -0.0020000200951968044
            ],
            [
                0,
                0,
                -1,
                0
            ]
        ]
    }
}