{
    "camera": {
        "location": [
            70.46997833251953,
            7.077587604522705,
            13.540000915527344
        ],
        "view_vector": [
            -0.987095057964325,
            -0.12131441384553909,
            -0.10452841967344284
        ],
        "world": [
            [
                -0.121982641518116,
                -0.10374782979488373,
                0.987095057964325,
                70.46997833251953
            ],
            [
                0.0,
                0.9945219159126282,
                0.10452841967344284,
                13.540000915527344
            ],
            [
                -0.9925322532653809,
                0.012750652618706226,
                -0.12131441384553909,
                -7.077587604522705
            ],
            [
                0.0,
                0.0,
                0.0,
                1.0
            ]
        ],
        "flocal_length": 130.0,
        "film_x": 36.0,
        "film_y": 36.0,
        "angle_x": 0.27517348527908325,
        "angle_y": 0.18409369885921478,
        "near": 0.0010000000474974513,
        "far": 100.0,
        "project_mat": [
            [
                7.222221894264957,
                0,
                0,
                0
            ],
            [
                0,
                7.222221894264957,
                0,
                0
            ],
            [
                0,
                0,
                -1.000020000200952,
                -0.0020000200951968044
            ],
            [
                0,
                0,
                -1,
                0
            ]
        ]
    }
}