{
    "camera": {
        "location": [
            -4.234757423400879,
            -62.33940124511719,
            13.540000915527344
        ],
        "view_vector": [
            0.19332276284694672,
            0.975551187992096,
            -0.10452841967344284
        ],
        "world": [
            [
                0.9809247851371765,
                0.020319031551480293,
                -0.19332276284694672,
                -4.234757423400879
            ],
            [
                0.0,
                0.9945219159126282,
                0.10452841967344284,
                13.540000915527344
            ],
            [
                0.19438762962818146,
                -0.10253451764583588,
                0.975551187992096,
                62.33940124511719
            ],
            [
                0.0,
                0.0,
                0.0,
                1.0
            ]
        ],
        "flocal_length": 130.0,
        "film_x": 36.0,
        "film_y": 36.0,
        "angle_x": 0.27517348527908325,
        "angle_y": 0.18409369885921478,
        "near": 0.0010000000474974513,
        "far": 100.0,
        "project_mat": [
            [
                7.222221894264957,
                0,
                0,
                0
            ],
            [
                0,
                7.222221894264957,
                0,
                0
            ],
            [
                0,
                0,
                -1.000020000200952,
                -0.0020000200951968044
            ],
            [
                0,
                0,
                -1,
                0
            ]
        ]
    }
}