{
    "camera": {
        "location": [
            31.338226318359375,
            -59.05314636230469,
            13.540000915527344
        ],
        "view_vector": [
            -0.36876991391181946,
            0.9236246943473816,
            -0.10452841967344284
        ],
        "world": [
            [
                0.9287122488021851,
                -0.0387592613697052,
                0.36876991391181946,
                31.338226318359375
            ],
            [
                0.0,
                0.9945219159126282,
                0.10452841967344284,
                13.540000915527344
            ],
            [
                -0.37080118060112,
                -0.09707682579755783,
                0.9236246943473816,
                59.05314636230469
            ],
            [
                0.0,
                0.0,
                0.0,
                1.0
            ]
        ],
        "flocal_length": 130.0,
        "film_x": 36.0,
        "film_y": 36.0,
        "angle_x": 0.27517348527908325,
        "angle_y": 0.18409369885921478,
        "near": 0.0010000000474974513,
        "far": 100.0,
        "project_mat": [
            [
                7.222221894264957,
                0,
                0,
                0
            ],
            [
                0,
                7.222221894264957,
                0,
                0
            ],
            [
                0,
                0,
                -1.000020000200952,
                -0.0020000200951968044
            ],
            [
                0,
                0,
                -1,
                0
            ]
        ]
    }
}