{
    "camera": {
        "location": [
            -54.87057876586914,
            2.355226993560791,
            13.540000915527344
        ],
        "view_vector": [
            0.9934250116348267,
            -0.04669587314128876,
            -0.10452841967344284
        ],
        "world": [
            [
                -0.04695308580994606,
                0.10441312938928604,
                -0.9934250116348267,
                -54.87057876586914
            ],
            [
                0.0,
                0.9945219159126282,
                0.10452841967344284,
                13.540000915527344
            ],
            [
                0.9988970756530762,
                0.004907931666821241,
                -0.04669587314128876,
                -2.355226993560791
            ],
            [
                0.0,
                0.0,
                0.0,
                1.0
            ]
        ],
        "flocal_length": 130.0,
        "film_x": 36.0,
        "film_y": 36.0,
        "angle_x": 0.27517348527908325,
        "angle_y": 0.18409369885921478,
        "near": 0.0010000000474974513,
        "far": 100.0,
        "project_mat": [
            [
                7.222221894264957,
                0,
                0,
                0
            ],
            [
                0,
                7.222221894264957,
                0,
                0
            ],
            [
                0,
                0,
                -1.000020000200952,
                -0.0020000200951968044
            ],
            [
                0,
                0,
                -1,
                0
            ]
        ]
    }
}