{
    "camera": {
        "location": [
            -49.47425079345703,
            -26.25450897216797,
            13.540000915527344
        ],
        "view_vector": [
            0.9081569910049438,
            0.40536975860595703,
            -0.10452841967344284
        ],
        "world": [
            [
                0.4076026380062103,
                0.09545110911130905,
                -0.9081569910049438,
                -49.47425079345703
            ],
            [
                0.0,
                0.9945219159126282,
                0.10452841967344284,
                13.540000915527344
            ],
            [
                0.9131593704223633,
                -0.042606059461832047,
                0.40536975860595703,
                26.25450897216797
            ],
            [
                0.0,
                0.0,
                0.0,
                1.0
            ]
        ],
        "flocal_length": 130.0,
        "film_x": 36.0,
        "film_y": 36.0,
        "angle_x": 0.27517348527908325,
        "angle_y": 0.18409369885921478,
        "near": 0.0010000000474974513,
        "far": 100.0,
        "project_mat": [
            [
                7.222221894264957,
                0,
                0,
                0
            ],
            [
                0,
                7.222221894264957,
                0,
                0
            ],
            [
                0,
                0,
                -1.000020000200952,
                -0.0020000200951968044
            ],
            [
                0,
                0,
                -1,
                0
            ]
        ]
    }
}