{
    "camera": {
        "location": [
            4.047842025756836,
            62.21579360961914,
            13.540000915527344
        ],
        "view_vector": [
            0.06244849041104317,
            -0.9925593137741089,
            -0.10452841967344284
        ],
        "world": [
            [
                -0.9980266094207764,
                0.006563597824424505,
                -0.06244849041104317,
                4.047842025756836
            ],
            [
                0.0,
                0.9945219159126282,
                0.10452841967344284,
                13.540000915527344
            ],
            [
                0.06279247254133224,
                0.10432214289903641,
                -0.9925593137741089,
                -62.21579360961914
            ],
            [
                0.0,
                0.0,
                0.0,
                1.0
            ]
        ],
        "flocal_length": 130.0,
        "film_x": 36.0,
        "film_y": 36.0,
        "angle_x": 0.27517348527908325,
        "angle_y": 0.18409369885921478,
        "near": 0.0010000000474974513,
        "far": 100.0,
        "project_mat": [
            [
                7.222221894264957,
                0,
                0,
                0
            ],
            [
                0,
                7.222221894264957,
                0,
                0
            ],
            [
                0,
                0,
                -1.000020000200952,
                -0.0020000200951968044
            ],
            [
                0,
                0,
                -1,
                0
            ]
        ]
    }
}