{
    "camera": {
        "location": [
            5.355611801147461,
            -63.48442077636719,
            13.540000915527344
        ],
        "view_vector": [
            0.041784271597862244,
            0.9936437606811523,
            -0.10452841967344284
        ],
        "world": [
            [
                0.9991170167922974,
                0.004391701892018318,
                -0.041784271597862244,
                5.355611801147461
            ],
            [
                0.0,
                0.9945219159126282,
                0.10452841967344284,
                13.540000915527344
            ],
            [
                0.042014431208372116,
                -0.10443612188100815,
                0.9936437606811523,
                63.48442077636719
            ],
            [
                0.0,
                0.0,
                0.0,
                1.0
            ]
        ],
        "flocal_length": 130.0,
        "film_x": 36.0,
        "film_y": 36.0,
        "angle_x": 0.27517348527908325,
        "angle_y": 0.18409369885921478,
        "near": 0.0010000000474974513,
        "far": 100.0,
        "project_mat": [
            [
                7.222221894264957,
                0,
                0,
                0
            ],
            [
                0,
                7.222221894264957,
                0,
                0
            ],
            [
                0,
                0,
                -1.000020000200952,
                -0.0020000200951968044
            ],
            [
                0,
                0,
                -1,
                0
            ]
        ]
    }
}