{
    "camera": {
        "location": [
            56.005184173583984,
            40.1056022644043,
            13.540000915527344
        ],
        "view_vector": [
            -0.7585352063179016,
            -0.6431937217712402,
            -0.10452841967344284
        ],
        "world": [
            [
                -0.6467366218566895,
                -0.0797252282500267,
                0.7585352063179016,
                56.005184173583984
            ],
            [
                0.0,
                0.9945219159126282,
                0.10452841967344284,
                13.540000915527344
            ],
            [
                -0.7627134323120117,
                0.06760235875844955,
                -0.6431937217712402,
                -40.1056022644043
            ],
            [
                0.0,
                0.0,
                0.0,
                1.0
            ]
        ],
        "flocal_length": 130.0,
        "film_x": 36.0,
        "film_y": 36.0,
        "angle_x": 0.27517348527908325,
        "angle_y": 0.18409369885921478,
        "near": 0.0010000000474974513,
        "far": 100.0,
        "project_mat": [
            [
                7.222221894264957,
                0,
                0,
                0
            ],
            [
                0,
                7.222221894264957,
                0,
                0
            ],
            [
                0,
                0,
                -1.000020000200952,
                -0.0020000200951968044
            ],
            [
                0,
                0,
                -1,
                0
            ]
        ]
    }
}