{
    "camera": {
        "location": [
            27.880884170532227,
            59.117618560791016,
            13.540000915527344
        ],
        "view_vector": [
            -0.31414008140563965,
            -0.9436047077178955,
            -0.10452841967344284
        ],
        "world": [
            [
                -0.9488023519515991,
                -0.033017437905073166,
                0.31414008140563965,
                27.880884170532227
            ],
            [
                0.0,
                0.9945219159126282,
                0.10452841967344284,
                13.540000915527344
            ],
            [
                -0.3158704340457916,
                0.0991768091917038,
                -0.9436047077178955,
                -59.117618560791016
            ],
            [
                0.0,
                0.0,
                0.0,
                1.0
            ]
        ],
        "flocal_length": 130.0,
        "film_x": 36.0,
        "film_y": 36.0,
        "angle_x": 0.27517348527908325,
        "angle_y": 0.18409369885921478,
        "near": 0.0010000000474974513,
        "far": 100.0,
        "project_mat": [
            [
                7.222221894264957,
                0,
                0,
                0
            ],
            [
                0,
                7.222221894264957,
                0,
                0
            ],
            [
                0,
                0,
                -1.000020000200952,
                -0.0020000200951968044
            ],
            [
                0,
                0,
                -1,
                0
            ]
        ]
    }
}