{
    "camera": {
        "location": [
            -45.676673889160156,
            32.26728820800781,
            13.540000915527344
        ],
        "view_vector": [
            0.8481510877609253,
            -0.5193396210670471,
            -0.10452841967344284
        ],
        "world": [
            [
                -0.5222002863883972,
                0.08914422988891602,
                -0.8481510877609253,
                -45.676673889160156
            ],
            [
                0.0,
                0.9945219159126282,
                0.10452841967344284,
                13.540000915527344
            ],
            [
                0.8528228998184204,
                0.054584771394729614,
                -0.5193396210670471,
                -32.26728820800781
            ],
            [
                0.0,
                0.0,
                0.0,
                1.0
            ]
        ],
        "flocal_length": 130.0,
        "film_x": 36.0,
        "film_y": 36.0,
        "angle_x": 0.27517348527908325,
        "angle_y": 0.18409369885921478,
        "near": 0.0010000000474974513,
        "far": 100.0,
        "project_mat": [
            [
                7.222221894264957,
                0,
                0,
                0
            ],
            [
                0,
                7.222221894264957,
                0,
                0
            ],
            [
                0,
                0,
                -1.000020000200952,
                -0.0020000200951968044
            ],
            [
                0,
                0,
                -1,
                0
            ]
        ]
    }
}