{
    "camera": {
        "location": [
            18.997385025024414,
            61.37178039550781,
            13.540000915527344
        ],
        "view_vector": [
            -0.17377090454101562,
            -0.9792229533195496,
            -0.10452841967344284
        ],
        "world": [
            [
                -0.984616756439209,
                -0.018264049664139748,
                0.17377090454101562,
                18.997385025024414
            ],
            [
                0.0,
                0.9945219159126282,
                0.10452841967344284,
                13.540000915527344
            ],
            [
                -0.17472808063030243,
                0.10292043536901474,
                -0.9792229533195496,
                -61.37178039550781
            ],
            [
                0.0,
                0.0,
                0.0,
                1.0
            ]
        ],
        "flocal_length": 130.0,
        "film_x": 36.0,
        "film_y": 36.0,
        "angle_x": 0.27517348527908325,
        "angle_y": 0.18409369885921478,
        "near": 0.0010000000474974513,
        "far": 100.0,
        "project_mat": [
            [
                7.222221894264957,
                0,
                0,
                0
            ],
            [
                0,
                7.222221894264957,
                0,
                0
            ],
            [
                0,
                0,
                -1.000020000200952,
                -0.0020000200951968044
            ],
            [
                0,
                0,
                -1,
                0
            ]
        ]
    }
}