{
    "camera": {
        "location": [
            18.400775909423828,
            61.474693298339844,
            13.540000915527344
        ],
        "view_vector": [
            -0.16434380412101746,
            -0.9808491468429565,
            -0.10452841967344284
        ],
        "world": [
            [
                -0.9862518906593323,
                -0.017273221164941788,
                0.16434380412101746,
                18.400775909423828
            ],
            [
                0.0,
                0.9945219159126282,
                0.10452841967344284,
                13.540000915527344
            ],
            [
                -0.1652490496635437,
                0.10309135168790817,
                -0.9808491468429565,
                -61.474693298339844
            ],
            [
                0.0,
                0.0,
                0.0,
                1.0
            ]
        ],
        "flocal_length": 130.0,
        "film_x": 36.0,
        "film_y": 36.0,
        "angle_x": 0.27517348527908325,
        "angle_y": 0.18409369885921478,
        "near": 0.0010000000474974513,
        "far": 100.0,
        "project_mat": [
            [
                7.222221894264957,
                0,
                0,
                0
            ],
            [
                0,
                7.222221894264957,
                0,
                0
            ],
            [
                0,
                0,
                -1.000020000200952,
                -0.0020000200951968044
            ],
            [
                0,
                0,
                -1,
                0
            ]
        ]
    }
}