{
    "camera": {
        "location": [
            -35.207550048828125,
            -46.36626434326172,
            13.540000915527344
        ],
        "view_vector": [
            0.6827272772789001,
            0.7231578826904297,
            -0.10452841967344284
        ],
        "world": [
            [
                0.7271412014961243,
                0.0717574954032898,
                -0.6827272772789001,
                -35.207550048828125
            ],
            [
                0.0,
                0.9945219159126282,
                0.10452841967344284,
                13.540000915527344
            ],
            [
                0.6864879131317139,
                -0.0760069191455841,
                0.7231578826904297,
                46.36626434326172
            ],
            [
                0.0,
                0.0,
                0.0,
                1.0
            ]
        ],
        "flocal_length": 130.0,
        "film_x": 36.0,
        "film_y": 36.0,
        "angle_x": 0.27517348527908325,
        "angle_y": 0.18409369885921478,
        "near": 0.0010000000474974513,
        "far": 100.0,
        "project_mat": [
            [
                7.222221894264957,
                0,
                0,
                0
            ],
            [
                0,
                7.222221894264957,
                0,
                0
            ],
            [
                0,
                0,
                -1.000020000200952,
                -0.0020000200951968044
            ],
            [
                0,
                0,
                -1,
                0
            ]
        ]
    }
}