{
    "camera": {
        "location": [
            58.79031753540039,
            -37.772396087646484,
            13.540000915527344
        ],
        "view_vector": [
            -0.8025434613227844,
            0.5873652100563049,
            -0.10452841967344284
        ],
        "world": [
            [
                0.5906005501747131,
                -0.08435068279504776,
                0.8025434613227844,
                58.79031753540039
            ],
            [
                0.0,
                0.9945219159126282,
                0.10452841967344284,
                13.540000915527344
            ],
            [
                -0.806964099407196,
                -0.06173454225063324,
                0.5873652100563049,
                37.772396087646484
            ],
            [
                0.0,
                0.0,
                0.0,
                1.0
            ]
        ],
        "flocal_length": 130.0,
        "film_x": 36.0,
        "film_y": 36.0,
        "angle_x": 0.27517348527908325,
        "angle_y": 0.18409369885921478,
        "near": 0.0010000000474974513,
        "far": 100.0,
        "project_mat": [
            [
                7.222221894264957,
                0,
                0,
                0
            ],
            [
                0,
                7.222221894264957,
                0,
                0
            ],
            [
                0,
                0,
                -1.000020000200952,
                -0.0020000200951968044
            ],
            [
                0,
                0,
                -1,
                0
            ]
        ]
    }
}