{
    "camera": {
        "location": [
            -36.35269546508789,
            -45.257381439208984,
            13.540000915527344
        ],
        "view_vector": [
            0.7008218765258789,
            0.7056362628936768,
            -0.10452841967344284
        ],
        "world": [
            [
                0.70952308177948,
                0.07365931570529938,
                -0.7008218765258789,
                -36.35269546508789
            ],
            [
                0.0,
                0.9945219159126282,
                0.10452841967344284,
                13.540000915527344
            ],
            [
                0.7046821713447571,
                -0.07416532933712006,
                0.7056362628936768,
                45.257381439208984
            ],
            [
                0.0,
                0.0,
                0.0,
                1.0
            ]
        ],
        "flocal_length": 130.0,
        "film_x": 36.0,
        "film_y": 36.0,
        "angle_x": 0.27517348527908325,
        "angle_y": 0.18409369885921478,
        "near": 0.0010000000474974513,
        "far": 100.0,
        "project_mat": [
            [
                7.222221894264957,
                0,
                0,
                0
            ],
            [
                0,
                7.222221894264957,
                0,
                0
            ],
            [
                0,
                0,
                -1.000020000200952,
                -0.0020000200951968044
            ],
            [
                0,
                0,
                -1,
                0
            ]
        ]
    }
}