{
    "camera": {
        "location": [
            -51.1418571472168,
            -22.133325576782227,
            13.540000915527344
        ],
        "view_vector": [
            0.9345070719718933,
            0.3402504622936249,
            -0.10452841967344284
        ],
        "world": [
            [
                0.3421246409416199,
                0.09822060912847519,
                -0.9345070719718933,
                -51.1418571472168
            ],
            [
                0.0,
                0.9945219159126282,
                0.10452841967344284,
                13.540000915527344
            ],
            [
                0.9396545886993408,
                -0.035761747509241104,
                0.3402504622936249,
                22.133325576782227
            ],
            [
                0.0,
                0.0,
                0.0,
                1.0
            ]
        ],
        "flocal_length": 130.0,
        "film_x": 36.0,
        "film_y": 36.0,
        "angle_x": 0.27517348527908325,
        "angle_y": 0.18409369885921478,
        "near": 0.0010000000474974513,
        "far": 100.0,
        "project_mat": [
            [
                7.222221894264957,
                0,
                0,
                0
            ],
            [
                0,
                7.222221894264957,
                0,
                0
            ],
            [
                0,
                0,
                -1.000020000200952,
                -0.0020000200951968044
            ],
            [
                0,
                0,
                -1,
                0
            ]
        ]
    }
}