{
    "camera": {
        "location": [
            -54.7454948425293,
            4.344350337982178,
            13.540000915527344
        ],
        "view_vector": [
            0.9914485216140747,
            -0.07812622934579849,
            -0.10452841967344284
        ],
        "world": [
            [
                -0.07855656743049622,
                0.10420539230108261,
                -0.9914485216140747,
                -54.7454948425293
            ],
            [
                0.0,
                0.9945219159126282,
                0.10452841967344284,
                13.540000915527344
            ],
            [
                0.9969096779823303,
                0.008211393840610981,
                -0.07812622934579849,
                -4.344350337982178
            ],
            [
                0.0,
                0.0,
                0.0,
                1.0
            ]
        ],
        "flocal_length": 130.0,
        "film_x": 36.0,
        "film_y": 36.0,
        "angle_x": 0.27517348527908325,
        "angle_y": 0.18409369885921478,
        "near": 0.0010000000474974513,
        "far": 100.0,
        "project_mat": [
            [
                7.222221894264957,
                0,
                0,
                0
            ],
            [
                0,
                7.222221894264957,
                0,
                0
            ],
            [
                0,
                0,
                -1.000020000200952,
                -0.0020000200951968044
            ],
            [
                0,
                0,
                -1,
                0
            ]
        ]
    }
}