{
    "camera": {
        "location": [
            -54.934974670410156,
            -1.3951020240783691,
            13.540000915527344
        ],
        "view_vector": [
            0.9944425225257874,
            0.012563494965434074,
            -0.10452841967344284
        ],
        "world": [
            [
                0.012632697820663452,
                0.10452007502317429,
                -0.9944425225257874,
                -54.934974670410156
            ],
            [
                0.0,
                0.9945219159126282,
                0.10452841967344284,
                13.540000915527344
            ],
            [
                0.9999201893806458,
                -0.0013204759452491999,
                0.012563494965434074,
                1.3951020240783691
            ],
            [
                0.0,
                0.0,
                0.0,
                1.0
            ]
        ],
        "flocal_length": 130.0,
        "film_x": 36.0,
        "film_y": 36.0,
        "angle_x": 0.27517348527908325,
        "angle_y": 0.18409369885921478,
        "near": 0.0010000000474974513,
        "far": 100.0,
        "project_mat": [
            [
                7.222221894264957,
                0,
                0,
                0
            ],
            [
                0,
                7.222221894264957,
                0,
                0
            ],
            [
                0,
                0,
                -1.000020000200952,
                -0.0020000200951968044
            ],
            [
                0,
                0,
                -1,
                0
            ]
        ]
    }
}