{
    "camera": {
        "location": [
            -1.9319324493408203,
            -62.751426696777344,
            13.540000915527344
        ],
        "view_vector": [
            0.15693555772304535,
            0.9820616245269775,
            -0.10452841967344284
        ],
        "world": [
            [
                0.9874711036682129,
                0.01649458520114422,
                -0.15693555772304535,
                -1.9319324493408203
            ],
            [
                0.0,
                0.9945219159126282,
                0.10452841967344284,
                13.540000915527344
            ],
            [
                0.15780000388622284,
                -0.10321879386901855,
                0.9820616245269775,
                62.751426696777344
            ],
            [
                0.0,
                0.0,
                0.0,
                1.0
            ]
        ],
        "flocal_length": 130.0,
        "film_x": 36.0,
        "film_y": 36.0,
        "angle_x": 0.27517348527908325,
        "angle_y": 0.18409369885921478,
        "near": 0.0010000000474974513,
        "far": 100.0,
        "project_mat": [
            [
                7.222221894264957,
                0,
                0,
                0
            ],
            [
                0,
                7.222221894264957,
                0,
                0
            ],
            [
                0,
                0,
                -1.000020000200952,
                -0.0020000200951968044
            ],
            [
                0,
                0,
                -1,
                0
            ]
        ]
    }
}