{
    "camera": {
        "location": [
            70.90870666503906,
            -2.584423065185547,
            13.540000915527344
        ],
        "view_vector": [
            -0.9940274953842163,
            0.0313560888171196,
            -0.10452841967344284
        ],
        "world": [
            [
                0.03152880445122719,
                -0.1044764518737793,
                0.9940274953842163,
                70.90870666503906
            ],
            [
                0.0,
                0.9945219159126282,
                0.10452841967344284,
                13.540000915527344
            ],
            [
                -0.9995028376579285,
                -0.0032956560607999563,
                0.0313560888171196,
                2.584423065185547
            ],
            [
                0.0,
                0.0,
                0.0,
                1.0
            ]
        ],
        "flocal_length": 130.0,
        "film_x": 36.0,
        "film_y": 36.0,
        "angle_x": 0.27517348527908325,
        "angle_y": 0.18409369885921478,
        "near": 0.0010000000474974513,
        "far": 100.0,
        "project_mat": [
            [
                7.222221894264957,
                0,
                0,
                0
            ],
            [
                0,
                7.222221894264957,
                0,
                0
            ],
            [
                0,
                0,
                -1.000020000200952,
                -0.0020000200951968044
            ],
            [
                0,
                0,
                -1,
                0
            ]
        ]
    }
}