{
    "camera": {
        "location": [
            -54.93211364746094,
            0.3961992859840393,
            13.540000915527344
        ],
        "view_vector": [
            0.9943973422050476,
            -0.015741055831313133,
            -0.10452841967344284
        ],
        "world": [
            [
                -0.015827761963009834,
                0.10451532155275345,
                -0.9943973422050476,
                -54.93211364746094
            ],
            [
                0.0,
                0.9945219159126282,
                0.10452841967344284,
                13.540000915527344
            ],
            [
                0.9998747110366821,
                0.0016544508980587125,
                -0.015741055831313133,
                -0.3961992859840393
            ],
            [
                0.0,
                0.0,
                0.0,
                1.0
            ]
        ],
        "flocal_length": 130.0,
        "film_x": 36.0,
        "film_y": 36.0,
        "angle_x": 0.27517348527908325,
        "angle_y": 0.18409369885921478,
        "near": 0.0010000000474974513,
        "far": 100.0,
        "project_mat": [
            [
                7.222221894264957,
                0,
                0,
                0
            ],
            [
                0,
                7.222221894264957,
                0,
                0
            ],
            [
                0,
                0,
                -1.000020000200952,
                -0.0020000200951968044
            ],
            [
                0,
                0,
                -1,
                0
            ]
        ]
    }
}