{
    "camera": {
        "location": [
            13.070940017700195,
            -63.335384368896484,
            13.540000915527344
        ],
        "view_vector": [
            -0.08012649416923523,
            0.9912888407707214,
            -0.10452841967344284
        ],
        "world": [
            [
                0.9967491030693054,
                -0.008421630598604679,
                0.08012649416923523,
                13.070940017700195
            ],
            [
                0.0,
                0.9945219159126282,
                0.10452841967344284,
                13.540000915527344
            ],
            [
                -0.0805678516626358,
                -0.10418860614299774,
                0.9912888407707214,
                63.335384368896484
            ],
            [
                0.0,
                0.0,
                0.0,
                1.0
            ]
        ],
        "flocal_length": 130.0,
        "film_x": 36.0,
        "film_y": 36.0,
        "angle_x": 0.27517348527908325,
        "angle_y": 0.18409369885921478,
        "near": 0.0010000000474974513,
        "far": 100.0,
        "project_mat": [
            [
                7.222221894264957,
                0,
                0,
                0
            ],
            [
                0,
                7.222221894264957,
                0,
                0
            ],
            [
                0,
                0,
                -1.000020000200952,
                -0.0020000200951968044
            ],
            [
                0,
                0,
                -1,
                0
            ]
        ]
    }
}