{
    "camera": {
        "location": [
            67.18617248535156,
            -22.01122283935547,
            13.540000915527344
        ],
        "view_vector": [
            -0.9352072477340698,
            0.33832108974456787,
            -0.10452841967344284
        ],
        "world": [
            [
                0.34018465876579285,
                -0.0982942059636116,
                0.9352072477340698,
                67.18617248535156
            ],
            [
                0.0,
                0.9945219159126282,
                0.10452841967344284,
                13.540000915527344
            ],
            [
                -0.9403586387634277,
                -0.03555896505713463,
                0.33832108974456787,
                22.01122283935547
            ],
            [
                0.0,
                0.0,
                0.0,
                1.0
            ]
        ],
        "flocal_length": 130.0,
        "film_x": 36.0,
        "film_y": 36.0,
        "angle_x": 0.27517348527908325,
        "angle_y": 0.18409369885921478,
        "near": 0.0010000000474974513,
        "far": 100.0,
        "project_mat": [
            [
                7.222221894264957,
                0,
                0,
                0
            ],
            [
                0,
                7.222221894264957,
                0,
                0
            ],
            [
                0,
                0,
                -1.000020000200952,
                -0.0020000200951968044
            ],
            [
                0,
                0,
                -1,
                0
            ]
        ]
    }
}