{
    "camera": {
        "location": [
            -54.05101013183594,
            9.941146850585938,
            13.540000915527344
        ],
        "view_vector": [
            0.9804748892784119,
            -0.16656184196472168,
            -0.10452841967344284
        ],
        "world": [
            [
                -0.16747930645942688,
                0.10305202007293701,
                -0.9804748892784119,
                -54.05101013183594
            ],
            [
                0.0,
                0.9945219159126282,
                0.10452841967344284,
                13.540000915527344
            ],
            [
                0.9858756065368652,
                0.017506347969174385,
                -0.16656184196472168,
                -9.941146850585938
            ],
            [
                0.0,
                0.0,
                0.0,
                1.0
            ]
        ],
        "flocal_length": 130.0,
        "film_x": 36.0,
        "film_y": 36.0,
        "angle_x": 0.27517348527908325,
        "angle_y": 0.18409369885921478,
        "near": 0.0010000000474974513,
        "far": 100.0,
        "project_mat": [
            [
                7.222221894264957,
                0,
                0,
                0
            ],
            [
                0,
                7.222221894264957,
                0,
                0
            ],
            [
                0,
                0,
                -1.000020000200952,
                -0.0020000200951968044
            ],
            [
                0,
                0,
                -1,
                0
            ]
        ]
    }
}