{
    "camera": {
        "location": [
            2.889556884765625,
            -63.33218002319336,
            13.540000915527344
        ],
        "view_vector": [
            0.08075068145990372,
            0.9912381768226624,
            -0.10452841967344284
        ],
        "world": [
            [
                0.9966982007026672,
                0.008487234823405743,
                -0.08075068145990372,
                2.889556884765625
            ],
            [
                0.0,
                0.9945219159126282,
                0.10452841967344284,
                13.540000915527344
            ],
            [
                0.08119547367095947,
                -0.10418328642845154,
                0.9912381768226624,
                63.33218002319336
            ],
            [
                0.0,
                0.0,
                0.0,
                1.0
            ]
        ],
        "flocal_length": 130.0,
        "film_x": 36.0,
        "film_y": 36.0,
        "angle_x": 0.27517348527908325,
        "angle_y": 0.18409369885921478,
        "near": 0.0010000000474974513,
        "far": 100.0,
        "project_mat": [
            [
                7.222221894264957,
                0,
                0,
                0
            ],
            [
                0,
                7.222221894264957,
                0,
                0
            ],
            [
                0,
                0,
                -1.000020000200952,
                -0.0020000200951968044
            ],
            [
                0,
                0,
                -1,
                0
            ]
        ]
    }
}