{
    "camera": {
        "location": [
            23.41901397705078,
            -61.62210464477539,
            13.540000915527344
        ],
        "view_vector": [
            -0.2436375617980957,
            0.9642171263694763,
            -0.10452841967344284
        ],
        "world": [
            [
                0.9695282578468323,
                -0.02560732699930668,
                0.2436375617980957,
                23.41901397705078
            ],
            [
                0.0,
                0.9945219159126282,
                0.10452841967344284,
                13.540000915527344
            ],
            [
                -0.24497957527637482,
                -0.10134325921535492,
                0.9642171263694763,
                61.62210464477539
            ],
            [
                0.0,
                0.0,
                0.0,
                1.0
            ]
        ],
        "flocal_length": 130.0,
        "film_x": 36.0,
        "film_y": 36.0,
        "angle_x": 0.27517348527908325,
        "angle_y": 0.18409369885921478,
        "near": 0.0010000000474974513,
        "far": 100.0,
        "project_mat": [
            [
                7.222221894264957,
                0,
                0,
                0
            ],
            [
                0,
                7.222221894264957,
                0,
                0
            ],
            [
                0,
                0,
                -1.000020000200952,
                -0.0020000200951968044
            ],
            [
                0,
                0,
                -1,
                0
            ]
        ]
    }
}