{
    "camera": {
        "location": [
            66.06791687011719,
            -24.88087272644043,
            13.540000915527344
        ],
        "view_vector": [
            -0.91753751039505,
            0.3836647868156433,
            -0.10452841967344284
        ],
        "world": [
            [
                0.3857780992984772,
                -0.09643703699111938,
                0.91753751039505,
                66.06791687011719
            ],
            [
                0.0,
                0.9945219159126282,
                0.10452841967344284,
                13.540000915527344
            ],
            [
                -0.9225915670394897,
                -0.040324773639440536,
                0.3836647868156433,
                24.88087272644043
            ],
            [
                0.0,
                0.0,
                0.0,
                1.0
            ]
        ],
        "flocal_length": 130.0,
        "film_x": 36.0,
        "film_y": 36.0,
        "angle_x": 0.27517348527908325,
        "angle_y": 0.18409369885921478,
        "near": 0.0010000000474974513,
        "far": 100.0,
        "project_mat": [
            [
                7.222221894264957,
                0,
                0,
                0
            ],
            [
                0,
                7.222221894264957,
                0,
                0
            ],
            [
                0,
                0,
                -1.000020000200952,
                -0.0020000200951968044
            ],
            [
                0,
                0,
                -1,
                0
            ]
        ]
    }
}