{
    "camera": {
        "location": [
            -20.68736457824707,
            -56.62212371826172,
            13.540000915527344
        ],
        "view_vector": [
            0.45329225063323975,
            0.8852118253707886,
            -0.10452841967344284
        ],
        "world": [
            [
                0.8900877833366394,
                0.04764291271567345,
                -0.45329225063323975,
                -20.68736457824707
            ],
            [
                0.0,
                0.9945219159126282,
                0.10452841967344284,
                13.540000915527344
            ],
            [
                0.45578908920288086,
                -0.09303946793079376,
                0.8852118253707886,
                56.62212371826172
            ],
            [
                0.0,
                0.0,
                0.0,
                1.0
            ]
        ],
        "flocal_length": 130.0,
        "film_x": 36.0,
        "film_y": 36.0,
        "angle_x": 0.27517348527908325,
        "angle_y": 0.18409369885921478,
        "near": 0.0010000000474974513,
        "far": 100.0,
        "project_mat": [
            [
                7.222221894264957,
                0,
                0,
                0
            ],
            [
                0,
                7.222221894264957,
                0,
                0
            ],
            [
                0,
                0,
                -1.000020000200952,
                -0.0020000200951968044
            ],
            [
                0,
                0,
                -1,
                0
            ]
        ]
    }
}