{
    "camera": {
        "location": [
            -6.506103515625,
            -61.84553909301758,
            13.540000915527344
        ],
        "view_vector": [
            0.22921255230903625,
            0.9677475690841675,
            -0.10452841967344284
        ],
        "world": [
            [
                0.973078191280365,
                0.024091199040412903,
                -0.22921255230903625,
                -6.506103515625
            ],
            [
                0.0,
                0.9945219159126282,
                0.10452841967344284,
                13.540000915527344
            ],
            [
                0.23047511279582977,
                -0.10171432793140411,
                0.9677475690841675,
                61.84553909301758
            ],
            [
                0.0,
                0.0,
                0.0,
                1.0
            ]
        ],
        "flocal_length": 130.0,
        "film_x": 36.0,
        "film_y": 36.0,
        "angle_x": 0.27517348527908325,
        "angle_y": 0.18409369885921478,
        "near": 0.0010000000474974513,
        "far": 100.0,
        "project_mat": [
            [
                7.222221894264957,
                0,
                0,
                0
            ],
            [
                0,
                7.222221894264957,
                0,
                0
            ],
            [
                0,
                0,
                -1.000020000200952,
                -0.0020000200951968044
            ],
            [
                0,
                0,
                -1,
                0
            ]
        ]
    }
}