{
    "camera": {
        "location": [
            -46.638668060302734,
            30.641948699951172,
            13.540000915527344
        ],
        "view_vector": [
            0.8633517026901245,
            -0.49365749955177307,
            -0.10452841967344284
        ],
        "world": [
            [
                -0.4963766932487488,
                0.09074188023805618,
                -0.8633517026901245,
                -46.638668060302734
            ],
            [
                0.0,
                0.9945219159126282,
                0.10452841967344284,
                13.540000915527344
            ],
            [
                0.868107259273529,
                0.05188547074794769,
                -0.49365749955177307,
                -30.641948699951172
            ],
            [
                0.0,
                0.0,
                0.0,
                1.0
            ]
        ],
        "flocal_length": 130.0,
        "film_x": 36.0,
        "film_y": 36.0,
        "angle_x": 0.27517348527908325,
        "angle_y": 0.18409369885921478,
        "near": 0.0010000000474974513,
        "far": 100.0,
        "project_mat": [
            [
                7.222221894264957,
                0,
                0,
                0
            ],
            [
                0,
                7.222221894264957,
                0,
                0
            ],
            [
                0,
                0,
                -1.000020000200952,
                -0.0020000200951968044
            ],
            [
                0,
                0,
                -1,
                0
            ]
        ]
    }
}