{
    "camera": {
        "location": [
            6.008707046508789,
            62.30849075317383,
            13.540000915527344
        ],
        "view_vector": [
            0.03146464377641678,
            -0.9940240383148193,
            -0.10452841967344284
        ],
        "world": [
            [
                -0.9994993805885315,
                0.003307065926492214,
                -0.03146464377641678,
                6.008707046508789
            ],
            [
                0.0,
                0.9945219159126282,
                0.10452841967344284,
                13.540000915527344
            ],
            [
                0.03163795918226242,
                0.10447609424591064,
                -0.9940240383148193,
                -62.30849075317383
            ],
            [
                0.0,
                0.0,
                0.0,
                1.0
            ]
        ],
        "flocal_length": 130.0,
        "film_x": 36.0,
        "film_y": 36.0,
        "angle_x": 0.27517348527908325,
        "angle_y": 0.18409369885921478,
        "near": 0.0010000000474974513,
        "far": 100.0,
        "project_mat": [
            [
                7.222221894264957,
                0,
                0,
                0
            ],
            [
                0,
                7.222221894264957,
                0,
                0
            ],
            [
                0,
                0,
                -1.000020000200952,
                -0.0020000200951968044
            ],
            [
                0,
                0,
                -1,
                0
            ]
        ]
    }
}