{
    "camera": {
        "location": [
            -52.9572868347168,
            -16.27330207824707,
            13.540000915527344
        ],
        "view_vector": [
            0.963192880153656,
            0.24765558540821075,
            -0.10452841967344284
        ],
        "world": [
            [
                0.24901974201202393,
                0.10123560577630997,
                -0.963192880153656,
                -52.9572868347168
            ],
            [
                0.0,
                0.9945219159126282,
                0.10452841967344284,
                13.540000915527344
            ],
            [
                0.9684984087944031,
                -0.026029640808701515,
                0.24765558540821075,
                16.27330207824707
            ],
            [
                0.0,
                0.0,
                0.0,
                1.0
            ]
        ],
        "flocal_length": 130.0,
        "film_x": 36.0,
        "film_y": 36.0,
        "angle_x": 0.27517348527908325,
        "angle_y": 0.18409369885921478,
        "near": 0.0010000000474974513,
        "far": 100.0,
        "project_mat": [
            [
                7.222221894264957,
                0,
                0,
                0
            ],
            [
                0,
                7.222221894264957,
                0,
                0
            ],
            [
                0,
                0,
                -1.000020000200952,
                -0.0020000200951968044
            ],
            [
                0,
                0,
                -1,
                0
            ]
        ]
    }
}