{
    "camera": {
        "location": [
            -47.03688049316406,
            -31.13498306274414,
            13.540000915527344
        ],
        "view_vector": [
            0.8696438670158386,
            0.48248666524887085,
            -0.10452841967344284
        ],
        "world": [
            [
                0.48514431715011597,
                0.09140321612358093,
                -0.8696438670158386,
                -47.03688049316406
            ],
            [
                0.0,
                0.9945219159126282,
                0.10452841967344284,
                13.540000915527344
            ],
            [
                0.8744341135025024,
                -0.05071136727929115,
                0.48248666524887085,
                31.13498306274414
            ],
            [
                0.0,
                0.0,
                0.0,
                1.0
            ]
        ],
        "flocal_length": 130.0,
        "film_x": 36.0,
        "film_y": 36.0,
        "angle_x": 0.27517348527908325,
        "angle_y": 0.18409369885921478,
        "near": 0.0010000000474974513,
        "far": 100.0,
        "project_mat": [
            [
                7.222221894264957,
                0,
                0,
                0
            ],
            [
                0,
                7.222221894264957,
                0,
                0
            ],
            [
                0,
                0,
                -1.000020000200952,
                -0.0020000200951968044
            ],
            [
                0,
                0,
                -1,
                0
            ]
        ]
    }
}