{
    "camera": {
        "location": [
            50.619895935058594,
            -46.91401290893555,
            13.540000915527344
        ],
        "view_vector": [
            -0.6734417080879211,
            0.7318128943443298,
            -0.10452841967344284
        ],
        "world": [
            [
                0.7358438968658447,
                -0.07078154385089874,
                0.6734417080879211,
                50.619895935058594
            ],
            [
                0.0,
                0.9945219159126282,
                0.10452841967344284,
                13.540000915527344
            ],
            [
                -0.6771512031555176,
                -0.07691659778356552,
                0.7318128943443298,
                46.91401290893555
            ],
            [
                0.0,
                0.0,
                0.0,
                1.0
            ]
        ],
        "flocal_length": 130.0,
        "film_x": 36.0,
        "film_y": 36.0,
        "angle_x": 0.27517348527908325,
        "angle_y": 0.18409369885921478,
        "near": 0.0010000000474974513,
        "far": 100.0,
        "project_mat": [
            [
                7.222221894264957,
                0,
                0,
                0
            ],
            [
                0,
                7.222221894264957,
                0,
                0
            ],
            [
                0,
                0,
                -1.000020000200952,
                -0.0020000200951968044
            ],
            [
                0,
                0,
                -1,
                0
            ]
        ]
    }
}