{
    "camera": {
        "location": [
            52.112403869628906,
            44.29475784301758,
            13.540000915527344
        ],
        "view_vector": [
            -0.6970250010490417,
            -0.7093870043754578,
            -0.10452841967344284
        ],
        "world": [
            [
                -0.713294506072998,
                -0.07326024770736694,
                0.6970250010490417,
                52.112403869628906
            ],
            [
                0.0,
                0.9945219159126282,
                0.10452841967344284,
                13.540000915527344
            ],
            [
                -0.7008643746376038,
                0.07455954700708389,
                -0.7093870043754578,
                -44.29475784301758
            ],
            [
                0.0,
                0.0,
                0.0,
                1.0
            ]
        ],
        "flocal_length": 130.0,
        "film_x": 36.0,
        "film_y": 36.0,
        "angle_x": 0.27517348527908325,
        "angle_y": 0.18409369885921478,
        "near": 0.0010000000474974513,
        "far": 100.0,
        "project_mat": [
            [
                7.222221894264957,
                0,
                0,
                0
            ],
            [
                0,
                7.222221894264957,
                0,
                0
            ],
            [
                0,
                0,
                -1.000020000200952,
                -0.0020000200951968044
            ],
            [
                0,
                0,
                -1,
                0
            ]
        ]
    }
}