{
    "camera": {
        "location": [
            -53.788230895996094,
            -12.585745811462402,
            13.540000915527344
        ],
        "view_vector": [
            0.9763227105140686,
            0.18938809633255005,
            -0.10452841967344284
        ],
        "world": [
            [
                0.19043129682540894,
                0.1026156023144722,
                -0.9763227105140686,
                -53.788230895996094
            ],
            [
                0.0,
                0.9945219159126282,
                0.10452841967344284,
                13.540000915527344
            ],
            [
                0.9817005395889282,
                -0.019905483350157738,
                0.18938809633255005,
                12.585745811462402
            ],
            [
                0.0,
                0.0,
                0.0,
                1.0
            ]
        ],
        "flocal_length": 130.0,
        "film_x": 36.0,
        "film_y": 36.0,
        "angle_x": 0.27517348527908325,
        "angle_y": 0.18409369885921478,
        "near": 0.0010000000474974513,
        "far": 100.0,
        "project_mat": [
            [
                7.222221894264957,
                0,
                0,
                0
            ],
            [
                0,
                7.222221894264957,
                0,
                0
            ],
            [
                0,
                0,
                -1.000020000200952,
                -0.0020000200951968044
            ],
            [
                0,
                0,
                -1,
                0
            ]
        ]
    }
}