{
    "camera": {
        "location": [
            68.11569213867188,
            18.042617797851562,
            13.540000915527344
        ],
        "view_vector": [
            -0.9498947262763977,
            -0.2945740818977356,
            -0.10452841967344284
        ],
        "world": [
            [
                -0.29619666934013367,
                -0.09983791410923004,
                0.9498947262763977,
                68.11569213867188
            ],
            [
                0.0,
                0.9945219159126282,
                0.10452841967344284,
                13.540000915527344
            ],
            [
                -0.9551270008087158,
                0.030960969626903534,
                -0.2945740818977356,
                -18.042617797851562
            ],
            [
                0.0,
                0.0,
                0.0,
                1.0
            ]
        ],
        "flocal_length": 130.0,
        "film_x": 36.0,
        "film_y": 36.0,
        "angle_x": 0.27517348527908325,
        "angle_y": 0.18409369885921478,
        "near": 0.0010000000474974513,
        "far": 100.0,
        "project_mat": [
            [
                7.222221894264957,
                0,
                0,
                0
            ],
            [
                0,
                7.222221894264957,
                0,
                0
            ],
            [
                0,
                0,
                -1.000020000200952,
                -0.0020000200951968044
            ],
            [
                0,
                0,
                -1,
                0
            ]
        ]
    }
}