{
    "camera": {
        "location": [
            39.174949645996094,
            54.076927185058594,
            13.540000915527344
        ],
        "view_vector": [
            -0.49259883165359497,
            -0.8639561533927917,
            -0.10452841967344284
        ],
        "world": [
            [
                -0.8687150478363037,
                -0.051774200052022934,
                0.49259883165359497,
                39.174949645996094
            ],
            [
                0.0,
                0.9945219159126282,
                0.10452841967344284,
                13.540000915527344
            ],
            [
                -0.4953121840953827,
                0.09080541133880615,
                -0.8639561533927917,
                -54.076927185058594
            ],
            [
                0.0,
                0.0,
                0.0,
                1.0
            ]
        ],
        "flocal_length": 130.0,
        "film_x": 36.0,
        "film_y": 36.0,
        "angle_x": 0.27517348527908325,
        "angle_y": 0.18409369885921478,
        "near": 0.0010000000474974513,
        "far": 100.0,
        "project_mat": [
            [
                7.222221894264957,
                0,
                0,
                0
            ],
            [
                0,
                7.222221894264957,
                0,
                0
            ],
            [
                0,
                0,
                -1.000020000200952,
                -0.0020000200951968044
            ],
            [
                0,
                0,
                -1,
                0
            ]
        ]
    }
}