{
    "camera": {
        "location": [
            12.999847412109375,
            62.14109420776367,
            13.540000915527344
        ],
        "view_vector": [
            -0.07900314778089523,
            -0.9913789629936218,
            -0.10452841967344284
        ],
        "world": [
            [
                -0.9968397617340088,
                -0.008303562179207802,
                0.07900314778089523,
                12.999847412109375
            ],
            [
                0.0,
                0.9945219159126282,
                0.10452841967344284,
                13.540000915527344
            ],
            [
                -0.07943832129240036,
                0.10419808328151703,
                -0.9913789629936218,
                -62.14109420776367
            ],
            [
                0.0,
                0.0,
                0.0,
                1.0
            ]
        ],
        "flocal_length": 130.0,
        "film_x": 36.0,
        "film_y": 36.0,
        "angle_x": 0.27517348527908325,
        "angle_y": 0.18409369885921478,
        "near": 0.0010000000474974513,
        "far": 100.0,
        "project_mat": [
            [
                7.222221894264957,
                0,
                0,
                0
            ],
            [
                0,
                7.222221894264957,
                0,
                0
            ],
            [
                0,
                0,
                -1.000020000200952,
                -0.0020000200951968044
            ],
            [
                0,
                0,
                -1,
                0
            ]
        ]
    }
}