{
    "camera": {
        "location": [
            -29.59632110595703,
            -51.07732009887695,
            13.540000915527344
        ],
        "view_vector": [
            0.5940636992454529,
            0.7975977659225464,
            -0.10452841967344284
        ],
        "world": [
            [
                0.8019911646842957,
                0.06243858113884926,
                -0.5940636992454529,
                -29.59632110595703
            ],
            [
                0.0,
                0.9945219159126282,
                0.10452841967344284,
                13.540000915527344
            ],
            [
                0.597335934638977,
                -0.08383087068796158,
                0.7975977659225464,
                51.07732009887695
            ],
            [
                0.0,
                0.0,
                0.0,
                1.0
            ]
        ],
        "flocal_length": 130.0,
        "film_x": 36.0,
        "film_y": 36.0,
        "angle_x": 0.27517348527908325,
        "angle_y": 0.18409369885921478,
        "near": 0.0010000000474974513,
        "far": 100.0,
        "project_mat": [
            [
                7.222221894264957,
                0,
                0,
                0
            ],
            [
                0,
                7.222221894264957,
                0,
                0
            ],
            [
                0,
                0,
                -1.000020000200952,
                -0.0020000200951968044
            ],
            [
                0,
                0,
                -1,
                0
            ]
        ]
    }
}