{
    "camera": {
        "location": [
            -10.271488189697266,
            59.6295280456543,
            13.540000915527344
        ],
        "view_vector": [
            0.288709819316864,
            -0.9516934752464294,
            -0.10452841967344284
        ],
        "world": [
            [
                -0.9569356441497803,
                0.030344611033797264,
                -0.288709819316864,
                -10.271488189697266
            ],
            [
                0.0,
                0.9945219159126282,
                0.10452841967344284,
                13.540000915527344
            ],
            [
                0.2903001010417938,
                0.10002697259187698,
                -0.9516934752464294,
                -59.6295280456543
            ],
            [
                0.0,
                0.0,
                0.0,
                1.0
            ]
        ],
        "flocal_length": 130.0,
        "film_x": 36.0,
        "film_y": 36.0,
        "angle_x": 0.27517348527908325,
        "angle_y": 0.18409369885921478,
        "near": 0.0010000000474974513,
        "far": 100.0,
        "project_mat": [
            [
                7.222221894264957,
                0,
                0,
                0
            ],
            [
                0,
                7.222221894264957,
                0,
                0
            ],
            [
                0,
                0,
                -1.000020000200952,
                -0.0020000200951968044
            ],
            [
                0,
                0,
                -1,
                0
            ]
        ]
    }
}