{
    "camera": {
        "location": [
            33.633750915527344,
            56.883514404296875,
            13.540000915527344
        ],
        "view_vector": [
            -0.40504172444343567,
            -0.9083033800125122,
            -0.10452841967344284
        ],
        "world": [
            [
                -0.9133065342903137,
                -0.04257158190011978,
                0.40504172444343567,
                33.633750915527344
            ],
            [
                0.0,
                0.9945219159126282,
                0.10452841967344284,
                13.540000915527344
            ],
            [
                -0.4072727859020233,
                0.0954664871096611,
                -0.9083033800125122,
                -56.883514404296875
            ],
            [
                0.0,
                0.0,
                0.0,
                1.0
            ]
        ],
        "flocal_length": 130.0,
        "film_x": 36.0,
        "film_y": 36.0,
        "angle_x": 0.27517348527908325,
        "angle_y": 0.18409369885921478,
        "near": 0.0010000000474974513,
        "far": 100.0,
        "project_mat": [
            [
                7.222221894264957,
                0,
                0,
                0
            ],
            [
                0,
                7.222221894264957,
                0,
                0
            ],
            [
                0,
                0,
                -1.000020000200952,
                -0.0020000200951968044
            ],
            [
                0,
                0,
                -1,
                0
            ]
        ]
    }
}