{
    "camera": {
        "location": [
            -22.447900772094727,
            -55.68510055541992,
            13.540000915527344
        ],
        "view_vector": [
            0.48111066222190857,
            0.8704058527946472,
            -0.10452841967344284
        ],
        "world": [
            [
                0.8752002716064453,
                0.05056674778461456,
                -0.48111066222190857,
                -22.447900772094727
            ],
            [
                0.0,
                0.9945219159126282,
                0.10452841967344284,
                13.540000915527344
            ],
            [
                0.4837607443332672,
                -0.09148330241441727,
                0.8704058527946472,
                55.68510055541992
            ],
            [
                0.0,
                0.0,
                0.0,
                1.0
            ]
        ],
        "flocal_length": 130.0,
        "film_x": 36.0,
        "film_y": 36.0,
        "angle_x": 0.27517348527908325,
        "angle_y": 0.18409369885921478,
        "near": 0.0010000000474974513,
        "far": 100.0,
        "project_mat": [
            [
                7.222221894264957,
                0,
                0,
                0
            ],
            [
                0,
                7.222221894264957,
                0,
                0
            ],
            [
                0,
                0,
                -1.000020000200952,
                -0.0020000200951968044
            ],
            [
                0,
                0,
                -1,
                0
            ]
        ]
    }
}