{
    "camera": {
        "location": [
            -50.229522705078125,
            -24.490711212158203,
            13.540000915527344
        ],
        "view_vector": [
            0.9200911521911621,
            0.3774997889995575,
            -0.10452841967344284
        ],
        "world": [
            [
                0.3795791566371918,
                0.09670543670654297,
                -0.9200911521911621,
                -50.229522705078125
            ],
            [
                0.0,
                0.9945219159126282,
                0.10452841967344284,
                13.540000915527344
            ],
            [
                0.9251592755317688,
                -0.03967680782079697,
                0.3774997889995575,
                24.490711212158203
            ],
            [
                0.0,
                0.0,
                0.0,
                1.0
            ]
        ],
        "flocal_length": 130.0,
        "film_x": 36.0,
        "film_y": 36.0,
        "angle_x": 0.27517348527908325,
        "angle_y": 0.18409369885921478,
        "near": 0.0010000000474974513,
        "far": 100.0,
        "project_mat": [
            [
                7.222221894264957,
                0,
                0,
                0
            ],
            [
                0,
                7.222221894264957,
                0,
                0
            ],
            [
                0,
                0,
                -1.000020000200952,
                -0.0020000200951968044
            ],
            [
                0,
                0,
                -1,
                0
            ]
        ]
    }
}