{
    "camera": {
        "location": [
            39.261138916015625,
            54.02769088745117,
            13.540000915527344
        ],
        "view_vector": [
            -0.49396073818206787,
            -0.8631781935691833,
            -0.10452841967344284
        ],
        "world": [
            [
                -0.8679327964782715,
                -0.05191734433174133,
                0.49396073818206787,
                39.261138916015625
            ],
            [
                0.0,
                0.9945219159126282,
                0.10452841967344284,
                13.540000915527344
            ],
            [
                -0.4966816008090973,
                0.09072364121675491,
                -0.8631781935691833,
                -54.02769088745117
            ],
            [
                0.0,
                0.0,
                0.0,
                1.0
            ]
        ],
        "flocal_length": 130.0,
        "film_x": 36.0,
        "film_y": 36.0,
        "angle_x": 0.27517348527908325,
        "angle_y": 0.18409369885921478,
        "near": 0.0010000000474974513,
        "far": 100.0,
        "project_mat": [
            [
                7.222221894264957,
                0,
                0,
                0
            ],
            [
                0,
                7.222221894264957,
                0,
                0
            ],
            [
                0,
                0,
                -1.000020000200952,
                -0.0020000200951968044
            ],
            [
                0,
                0,
                -1,
                0
            ]
        ]
    }
}