{
    "camera": {
        "location": [
            -52.875450134277344,
            -16.588212966918945,
            13.540000915527344
        ],
        "view_vector": [
            0.9618997573852539,
            0.2526315450668335,
            -0.10452841967344284
        ],
        "world": [
            [
                0.25402310490608215,
                0.10109969228506088,
                -0.9618997573852539,
                -52.875450134277344
            ],
            [
                0.0,
                0.9945219159126282,
                0.10452841967344284,
                13.540000915527344
            ],
            [
                0.9671981334686279,
                -0.026552634313702583,
                0.2526315450668335,
                16.588212966918945
            ],
            [
                0.0,
                0.0,
                0.0,
                1.0
            ]
        ],
        "flocal_length": 130.0,
        "film_x": 36.0,
        "film_y": 36.0,
        "angle_x": 0.27517348527908325,
        "angle_y": 0.18409369885921478,
        "near": 0.0010000000474974513,
        "far": 100.0,
        "project_mat": [
            [
                7.222221894264957,
                0,
                0,
                0
            ],
            [
                0,
                7.222221894264957,
                0,
                0
            ],
            [
                0,
                0,
                -1.000020000200952,
                -0.0020000200951968044
            ],
            [
                0,
                0,
                -1,
                0
            ]
        ]
    }
}