{
    "camera": {
        "location": [
            67.10147094726562,
            21.043928146362305,
            13.540000915527344
        ],
        "view_vector": [
            -0.9338688850402832,
            -0.3419981300830841,
            -0.10452841967344284
        ],
        "world": [
            [
                -0.3438819348812103,
                -0.09815353155136108,
                0.9338688850402832,
                67.10147094726562
            ],
            [
                0.0,
                0.9945219159126282,
                0.10452841967344284,
                13.540000915527344
            ],
            [
                -0.939012885093689,
                0.035945434123277664,
                -0.3419981300830841,
                -21.043928146362305
            ],
            [
                0.0,
                0.0,
                0.0,
                1.0
            ]
        ],
        "flocal_length": 130.0,
        "film_x": 36.0,
        "film_y": 36.0,
        "angle_x": 0.27517348527908325,
        "angle_y": 0.18409369885921478,
        "near": 0.0010000000474974513,
        "far": 100.0,
        "project_mat": [
            [
                7.222221894264957,
                0,
                0,
                0
            ],
            [
                0,
                7.222221894264957,
                0,
                0
            ],
            [
                0,
                0,
                -1.000020000200952,
                -0.0020000200951968044
            ],
            [
                0,
                0,
                -1,
                0
            ]
        ]
    }
}