{
    "camera": {
        "location": [
            69.00300598144531,
            -16.094396591186523,
            13.540000915527344
        ],
        "view_vector": [
            -0.9639152884483337,
            0.24482867121696472,
            -0.10452841967344284
        ],
        "world": [
            [
                0.24617725610733032,
                -0.10131153464317322,
                0.9639152884483337,
                69.00300598144531
            ],
            [
                0.0,
                0.9945219159126282,
                0.10452841967344284,
                13.540000915527344
            ],
            [
                -0.9692248106002808,
                -0.02573251910507679,
                0.24482867121696472,
                16.094396591186523
            ],
            [
                0.0,
                0.0,
                0.0,
                1.0
            ]
        ],
        "flocal_length": 130.0,
        "film_x": 36.0,
        "film_y": 36.0,
        "angle_x": 0.27517348527908325,
        "angle_y": 0.18409369885921478,
        "near": 0.0010000000474974513,
        "far": 100.0,
        "project_mat": [
            [
                7.222221894264957,
                0,
                0,
                0
            ],
            [
                0,
                7.222221894264957,
                0,
                0
            ],
            [
                0,
                0,
                -1.000020000200952,
                -0.0020000200951968044
            ],
            [
                0,
                0,
                -1,
                0
            ]
        ]
    }
}