{
    "camera": {
        "location": [
            53.903480529785156,
            42.46174621582031,
            13.540000915527344
        ],
        "view_vector": [
            -0.7253260016441345,
            -0.6804234385490417,
            -0.10452841967344284
        ],
        "world": [
            [
                -0.6841713786125183,
                -0.07623480260372162,
                0.7253260016441345,
                53.903480529785156
            ],
            [
                0.0,
                0.9945219159126282,
                0.10452841967344284,
                13.540000915527344
            ],
            [
                -0.729321300983429,
                0.07151535153388977,
                -0.6804234385490417,
                -42.46174621582031
            ],
            [
                0.0,
                0.0,
                0.0,
                1.0
            ]
        ],
        "flocal_length": 130.0,
        "film_x": 36.0,
        "film_y": 36.0,
        "angle_x": 0.27517348527908325,
        "angle_y": 0.18409369885921478,
        "near": 0.0010000000474974513,
        "far": 100.0,
        "project_mat": [
            [
                7.222221894264957,
                0,
                0,
                0
            ],
            [
                0,
                7.222221894264957,
                0,
                0
            ],
            [
                0,
                0,
                -1.000020000200952,
                -0.0020000200951968044
            ],
            [
                0,
                0,
                -1,
                0
            ]
        ]
    }
}