{
    "camera": {
        "location": [
            -37.794342041015625,
            42.57779312133789,
            13.540000915527344
        ],
        "view_vector": [
            0.7236015200614929,
            -0.6822570562362671,
            -0.10452841967344284
        ],
        "world": [
            [
                -0.6860151290893555,
                0.07605355232954025,
                -0.7236015200614929,
                -37.794342041015625
            ],
            [
                0.0,
                0.9945219159126282,
                0.10452841967344284,
                13.540000915527344
            ],
            [
                0.7275872826576233,
                0.0717080757021904,
                -0.6822570562362671,
                -42.57779312133789
            ],
            [
                0.0,
                0.0,
                0.0,
                1.0
            ]
        ],
        "flocal_length": 130.0,
        "film_x": 36.0,
        "film_y": 36.0,
        "angle_x": 0.27517348527908325,
        "angle_y": 0.18409369885921478,
        "near": 0.0010000000474974513,
        "far": 100.0,
        "project_mat": [
            [
                7.222221894264957,
                0,
                0,
                0
            ],
            [
                0,
                7.222221894264957,
                0,
                0
            ],
            [
                0,
                0,
                -1.000020000200952,
                -0.0020000200951968044
            ],
            [
                0,
                0,
                -1,
                0
            ]
        ]
    }
}