{
    "camera": {
        "location": [
            -8.861955642700195,
            -61.23924255371094,
            13.540000915527344
        ],
        "view_vector": [
            0.2664376199245453,
            0.9581674337387085,
            -0.10452841967344284
        ],
        "world": [
            [
                0.963445246219635,
                0.028003711253404617,
                -0.2664376199245453,
                -8.861955642700195
            ],
            [
                0.0,
                0.9945219159126282,
                0.10452841967344284,
                13.540000915527344
            ],
            [
                0.26790523529052734,
                -0.10070741176605225,
                0.9581674337387085,
                61.23924255371094
            ],
            [
                0.0,
                0.0,
                0.0,
                1.0
            ]
        ],
        "flocal_length": 130.0,
        "film_x": 36.0,
        "film_y": 36.0,
        "angle_x": 0.27517348527908325,
        "angle_y": 0.18409369885921478,
        "near": 0.0010000000474974513,
        "far": 100.0,
        "project_mat": [
            [
                7.222221894264957,
                0,
                0,
                0
            ],
            [
                0,
                7.222221894264957,
                0,
                0
            ],
            [
                0,
                0,
                -1.000020000200952,
                -0.0020000200951968044
            ],
            [
                0,
                0,
                -1,
                0
            ]
        ]
    }
}