{
    "camera": {
        "location": [
            68.3985595703125,
            -18.30471420288086,
            13.540000915527344
        ],
        "view_vector": [
            -0.9543644189834595,
            0.2797541618347168,
            -0.10452841967344284
        ],
        "world": [
            [
                0.28129512071609497,
                -0.10030769556760788,
                0.9543644189834595,
                68.3985595703125
            ],
            [
                0.0,
                0.9945219159126282,
                0.10452841967344284,
                13.540000915527344
            ],
            [
                -0.9596213102340698,
                -0.029403334483504295,
                0.2797541618347168,
                18.30471420288086
            ],
            [
                0.0,
                0.0,
                0.0,
                1.0
            ]
        ],
        "flocal_length": 130.0,
        "film_x": 36.0,
        "film_y": 36.0,
        "angle_x": 0.27517348527908325,
        "angle_y": 0.18409369885921478,
        "near": 0.0010000000474974513,
        "far": 100.0,
        "project_mat": [
            [
                7.222221894264957,
                0,
                0,
                0
            ],
            [
                0,
                7.222221894264957,
                0,
                0
            ],
            [
                0,
                0,
                -1.000020000200952,
                -0.0020000200951968044
            ],
            [
                0,
                0,
                -1,
                0
            ]
        ]
    }
}