{
    "camera": {
        "location": [
            24.945512771606445,
            60.01594543457031,
            13.540000915527344
        ],
        "view_vector": [
            -0.26775792241096497,
            -0.9577993154525757,
            -0.10452841967344284
        ],
        "world": [
            [
                -0.9630751013755798,
                -0.028142480179667473,
                0.26775792241096497,
                24.945512771606445
            ],
            [
                0.0,
                0.9945219159126282,
                0.10452841967344284,
                13.540000915527344
            ],
            [
                -0.2692328095436096,
                0.10066872090101242,
                -0.9577993154525757,
                -60.01594543457031
            ],
            [
                0.0,
                0.0,
                0.0,
                1.0
            ]
        ],
        "flocal_length": 130.0,
        "film_x": 36.0,
        "film_y": 36.0,
        "angle_x": 0.27517348527908325,
        "angle_y": 0.18409369885921478,
        "near": 0.0010000000474974513,
        "far": 100.0,
        "project_mat": [
            [
                7.222221894264957,
                0,
                0,
                0
            ],
            [
                0,
                7.222221894264957,
                0,
                0
            ],
            [
                0,
                0,
                -1.000020000200952,
                -0.0020000200951968044
            ],
            [
                0,
                0,
                -1,
                0
            ]
        ]
    }
}