{
    "camera": {
        "location": [
            -44.02082824707031,
            -36.029884338378906,
            13.540000915527344
        ],
        "view_vector": [
            0.8219869136810303,
            0.5598315596580505,
            -0.10452841967344284
        ],
        "world": [
            [
                0.5629152655601501,
                0.08639426529407501,
                -0.8219869136810303,
                -44.02082824707031
            ],
            [
                0.0,
                0.9945219159126282,
                0.10452841967344284,
                13.540000915527344
            ],
            [
                0.8265146017074585,
                -0.05884064361453056,
                0.5598315596580505,
                36.029884338378906
            ],
            [
                0.0,
                0.0,
                0.0,
                1.0
            ]
        ],
        "flocal_length": 130.0,
        "film_x": 36.0,
        "film_y": 36.0,
        "angle_x": 0.27517348527908325,
        "angle_y": 0.18409369885921478,
        "near": 0.0010000000474974513,
        "far": 100.0,
        "project_mat": [
            [
                7.222221894264957,
                0,
                0,
                0
            ],
            [
                0,
                7.222221894264957,
                0,
                0
            ],
            [
                0,
                0,
                -1.000020000200952,
                -0.0020000200951968044
            ],
            [
                0,
                0,
                -1,
                0
            ]
        ]
    }
}