{
    "camera": {
        "location": [
            -21.155323028564453,
            -56.3800163269043,
            13.540000915527344
        ],
        "view_vector": [
            0.46068650484085083,
            0.8813862800598145,
            -0.10452841967344284
        ],
        "world": [
            [
                0.8862411975860596,
                0.04842008277773857,
                -0.46068650484085083,
                -21.155323028564453
            ],
            [
                0.0,
                0.9945219159126282,
                0.10452841967344284,
                13.540000915527344
            ],
            [
                0.4632240831851959,
                -0.09263738989830017,
                0.8813862800598145,
                56.3800163269043
            ],
            [
                0.0,
                0.0,
                0.0,
                1.0
            ]
        ],
        "flocal_length": 130.0,
        "film_x": 36.0,
        "film_y": 36.0,
        "angle_x": 0.27517348527908325,
        "angle_y": 0.18409369885921478,
        "near": 0.0010000000474974513,
        "far": 100.0,
        "project_mat": [
            [
                7.222221894264957,
                0,
                0,
                0
            ],
            [
                0,
                7.222221894264957,
                0,
                0
            ],
            [
                0,
                0,
                -1.000020000200952,
                -0.0020000200951968044
            ],
            [
                0,
                0,
                -1,
                0
            ]
        ]
    }
}