{
    "camera": {
        "location": [
            -39.51074981689453,
            40.68162155151367,
            13.540000915527344
        ],
        "view_vector": [
            0.7507226467132568,
            -0.6522954702377319,
            -0.10452841967344284
        ],
        "world": [
            [
                -0.6558884978294373,
                0.07890409976243973,
                -0.7507226467132568,
                -39.51074981689453
            ],
            [
                0.0,
                0.9945219159126282,
                0.10452841967344284,
                13.540000915527344
            ],
            [
                0.7548578381538391,
                0.06855899095535278,
                -0.6522954702377319,
                -40.68162155151367
            ],
            [
                0.0,
                0.0,
                0.0,
                1.0
            ]
        ],
        "flocal_length": 130.0,
        "film_x": 36.0,
        "film_y": 36.0,
        "angle_x": 0.27517348527908325,
        "angle_y": 0.18409369885921478,
        "near": 0.0010000000474974513,
        "far": 100.0,
        "project_mat": [
            [
                7.222221894264957,
                0,
                0,
                0
            ],
            [
                0,
                7.222221894264957,
                0,
                0
            ],
            [
                0,
                0,
                -1.000020000200952,
                -0.0020000200951968044
            ],
            [
                0,
                0,
                -1,
                0
            ]
        ]
    }
}