{
    "camera": {
        "location": [
            -50.44746017456055,
            -23.952468872070312,
            13.540000915527344
        ],
        "view_vector": [
            0.9235348105430603,
            0.36899495124816895,
            -0.10452841967344284
        ],
        "world": [
            [
                0.37102746963500977,
                0.09706737846136093,
                -0.9235348105430603,
                -50.44746017456055
            ],
            [
                0.0,
                0.9945219159126282,
                0.10452841967344284,
                13.540000915527344
            ],
            [
                0.9286218881607056,
                -0.038782913237810135,
                0.36899495124816895,
                23.952468872070312
            ],
            [
                0.0,
                0.0,
                0.0,
                1.0
            ]
        ],
        "flocal_length": 130.0,
        "film_x": 36.0,
        "film_y": 36.0,
        "angle_x": 0.27517348527908325,
        "angle_y": 0.18409369885921478,
        "near": 0.0010000000474974513,
        "far": 100.0,
        "project_mat": [
            [
                7.222221894264957,
                0,
                0,
                0
            ],
            [
                0,
                7.222221894264957,
                0,
                0
            ],
            [
                0,
                0,
                -1.000020000200952,
                -0.0020000200951968044
            ],
            [
                0,
                0,
                -1,
                0
            ]
        ]
    }
}