{
    "camera": {
        "location": [
            66.32481384277344,
            -24.257108688354492,
            13.540000915527344
        ],
        "view_vector": [
            -0.9215969443321228,
            0.3738085925579071,
            -0.10452841967344284
        ],
        "world": [
            [
                0.375867635011673,
                -0.09686370193958282,
                0.9215969443321228,
                66.32481384277344
            ],
            [
                0.0,
                0.9945219159126282,
                0.10452841967344284,
                13.540000915527344
            ],
            [
                -0.9266733527183533,
                -0.039288848638534546,
                0.3738085925579071,
                24.257108688354492
            ],
            [
                0.0,
                0.0,
                0.0,
                1.0
            ]
        ],
        "flocal_length": 130.0,
        "film_x": 36.0,
        "film_y": 36.0,
        "angle_x": 0.27517348527908325,
        "angle_y": 0.18409369885921478,
        "near": 0.0010000000474974513,
        "far": 100.0,
        "project_mat": [
            [
                7.222221894264957,
                0,
                0,
                0
            ],
            [
                0,
                7.222221894264957,
                0,
                0
            ],
            [
                0,
                0,
                -1.000020000200952,
                -0.0020000200951968044
            ],
            [
                0,
                0,
                -1,
                0
            ]
        ]
    }
}