{
    "camera": {
        "location": [
            -49.07843780517578,
            -27.12348747253418,
            13.540000915527344
        ],
        "view_vector": [
            0.9019027352333069,
            0.4191005527973175,
            -0.10452841967344284
        ],
        "world": [
            [
                0.42140907049179077,
                0.09479375928640366,
                -0.9019027352333069,
                -49.07843780517578
            ],
            [
                0.0,
                0.9945219159126282,
                0.10452841967344284,
                13.540000915527344
            ],
            [
                0.9068706631660461,
                -0.0440492257475853,
                0.4191005527973175,
                27.12348747253418
            ],
            [
                0.0,
                0.0,
                0.0,
                1.0
            ]
        ],
        "flocal_length": 130.0,
        "film_x": 36.0,
        "film_y": 36.0,
        "angle_x": 0.27517348527908325,
        "angle_y": 0.18409369885921478,
        "near": 0.0010000000474974513,
        "far": 100.0,
        "project_mat": [
            [
                7.222221894264957,
                0,
                0,
                0
            ],
            [
                0,
                7.222221894264957,
                0,
                0
            ],
            [
                0,
                0,
                -1.000020000200952,
                -0.0020000200951968044
            ],
            [
                0,
                0,
                -1,
                0
            ]
        ]
    }
}