{
    "camera": {
        "location": [
            -18.858253479003906,
            -57.52167892456055,
            13.540000915527344
        ],
        "view_vector": [
            0.4243902266025543,
            0.8994258046150208,
            -0.10452841967344284
        ],
        "world": [
            [
                0.9043800830841064,
                0.04460519179701805,
                -0.4243902266025543,
                -18.858253479003906
            ],
            [
                0.0,
                0.9945219159126282,
                0.10452841967344284,
                13.540000915527344
            ],
            [
                0.42672789096832275,
                -0.09453342109918594,
                0.8994258046150208,
                57.52167892456055
            ],
            [
                0.0,
                0.0,
                0.0,
                1.0
            ]
        ],
        "flocal_length": 130.0,
        "film_x": 36.0,
        "film_y": 36.0,
        "angle_x": 0.27517348527908325,
        "angle_y": 0.18409369885921478,
        "near": 0.0010000000474974513,
        "far": 100.0,
        "project_mat": [
            [
                7.222221894264957,
                0,
                0,
                0
            ],
            [
                0,
                7.222221894264957,
                0,
                0
            ],
            [
                0,
                0,
                -1.000020000200952,
                -0.0020000200951968044
            ],
            [
                0,
                0,
                -1,
                0
            ]
        ]
    }
}