{
    "camera": {
        "location": [
            52.90192794799805,
            -44.70510482788086,
            13.540000915527344
        ],
        "view_vector": [
            -0.7095003724098206,
            0.6969096660614014,
            -0.10452841967344284
        ],
        "world": [
            [
                0.7007484436035156,
                -0.07457146048545837,
                0.7095003724098206,
                52.90192794799805
            ],
            [
                0.0,
                0.9945219159126282,
                0.10452841967344284,
                13.540000915527344
            ],
            [
                -0.7134084701538086,
                -0.07324812561273575,
                0.6969096660614014,
                44.70510482788086
            ],
            [
                0.0,
                0.0,
                0.0,
                1.0
            ]
        ],
        "flocal_length": 130.0,
        "film_x": 36.0,
        "film_y": 36.0,
        "angle_x": 0.27517348527908325,
        "angle_y": 0.18409369885921478,
        "near": 0.0010000000474974513,
        "far": 100.0,
        "project_mat": [
            [
                7.222221894264957,
                0,
                0,
                0
            ],
            [
                0,
                7.222221894264957,
                0,
                0
            ],
            [
                0,
                0,
                -1.000020000200952,
                -0.0020000200951968044
            ],
            [
                0,
                0,
                -1,
                0
            ]
        ]
    }
}