{
    "camera": {
        "location": [
            -51.02656936645508,
            -22.44736671447754,
            13.540000915527344
        ],
        "view_vector": [
            0.9326854348182678,
            0.3452126681804657,
            -0.10452841967344284
        ],
        "world": [
            [
                0.3471141755580902,
                0.09802914410829544,
                -0.9326854348182678,
                -51.02656936645508
            ],
            [
                0.0,
                0.9945219159126282,
                0.10452841967344284,
                13.540000915527344
            ],
            [
                0.9378228783607483,
                -0.03628329560160637,
                0.3452126681804657,
                22.44736671447754
            ],
            [
                0.0,
                0.0,
                0.0,
                1.0
            ]
        ],
        "flocal_length": 130.0,
        "film_x": 36.0,
        "film_y": 36.0,
        "angle_x": 0.27517348527908325,
        "angle_y": 0.18409369885921478,
        "near": 0.0010000000474974513,
        "far": 100.0,
        "project_mat": [
            [
                7.222221894264957,
                0,
                0,
                0
            ],
            [
                0,
                7.222221894264957,
                0,
                0
            ],
            [
                0,
                0,
                -1.000020000200952,
                -0.0020000200951968044
            ],
            [
                0,
                0,
                -1,
                0
            ]
        ]
    }
}