{
    "camera": {
        "location": [
            -53.67646408081055,
            11.94819450378418,
            13.540000915527344
        ],
        "view_vector": [
            0.9745566844940186,
            -0.19827541708946228,
            -0.10452841967344284
        ],
        "world": [
            [
                -0.19936756789684296,
                0.10242999345064163,
                -0.9745566844940186,
                -53.67646408081055
            ],
            [
                0.0,
                0.9945219159126282,
                0.10452841967344284,
                13.540000915527344
            ],
            [
                0.9799247980117798,
                0.020839577540755272,
                -0.19827541708946228,
                -11.94819450378418
            ],
            [
                0.0,
                0.0,
                0.0,
                1.0
            ]
        ],
        "flocal_length": 130.0,
        "film_x": 36.0,
        "film_y": 36.0,
        "angle_x": 0.27517348527908325,
        "angle_y": 0.18409369885921478,
        "near": 0.0010000000474974513,
        "far": 100.0,
        "project_mat": [
            [
                7.222221894264957,
                0,
                0,
                0
            ],
            [
                0,
                7.222221894264957,
                0,
                0
            ],
            [
                0,
                0,
                -1.000020000200952,
                -0.0020000200951968044
            ],
            [
                0,
                0,
                -1,
                0
            ]
        ]
    }
}