{
    "camera": {
        "location": [
            -44.64026641845703,
            -35.10283660888672,
            13.540000915527344
        ],
        "view_vector": [
            0.8317747116088867,
            0.5451831817626953,
            -0.10452841967344284
        ],
        "world": [
            [
                0.548186182975769,
                0.08742300420999527,
                -0.8317747116088867,
                -44.64026641845703
            ],
            [
                0.0,
                0.9945219159126282,
                0.10452841967344284,
                13.540000915527344
            ],
            [
                0.8363563418388367,
                -0.05730103701353073,
                0.5451831817626953,
                35.10283660888672
            ],
            [
                0.0,
                0.0,
                0.0,
                1.0
            ]
        ],
        "flocal_length": 130.0,
        "film_x": 36.0,
        "film_y": 36.0,
        "angle_x": 0.27517348527908325,
        "angle_y": 0.18409369885921478,
        "near": 0.0010000000474974513,
        "far": 100.0,
        "project_mat": [
            [
                7.222221894264957,
                0,
                0,
                0
            ],
            [
                0,
                7.222221894264957,
                0,
                0
            ],
            [
                0,
                0,
                -1.000020000200952,
                -0.0020000200951968044
            ],
            [
                0,
                0,
                -1,
                0
            ]
        ]
    }
}