{
    "camera": {
        "location": [
            36.44114685058594,
            -56.74752426147461,
            13.540000915527344
        ],
        "view_vector": [
            -0.44940170645713806,
            0.8871933221817017,
            -0.10452841967344284
        ],
        "world": [
            [
                0.8920801877975464,
                -0.047234002500772476,
                0.44940170645713806,
                36.44114685058594
            ],
            [
                0.0,
                0.9945219159126282,
                0.10452841967344284,
                13.540000915527344
            ],
            [
                -0.4518771171569824,
                -0.09324773401021957,
                0.8871933221817017,
                56.74752426147461
            ],
            [
                0.0,
                0.0,
                0.0,
                1.0
            ]
        ],
        "flocal_length": 130.0,
        "film_x": 36.0,
        "film_y": 36.0,
        "angle_x": 0.27517348527908325,
        "angle_y": 0.18409369885921478,
        "near": 0.0010000000474974513,
        "far": 100.0,
        "project_mat": [
            [
                7.222221894264957,
                0,
                0,
                0
            ],
            [
                0,
                7.222221894264957,
                0,
                0
            ],
            [
                0,
                0,
                -1.000020000200952,
                -0.0020000200951968044
            ],
            [
                0,
                0,
                -1,
                0
            ]
        ]
    }
}