{
    "camera": {
        "location": [
            -24.139389038085938,
            -54.71564483642578,
            13.540000915527344
        ],
        "view_vector": [
            0.5078380703926086,
            0.8550873398780823,
            -0.10452841967344284
        ],
        "world": [
            [
                0.8597973585128784,
                0.053375907242298126,
                -0.5078380703926086,
                -24.139389038085938
            ],
            [
                0.0,
                0.9945219159126282,
                0.10452841967344284,
                13.540000915527344
            ],
            [
                0.5106353759765625,
                -0.08987326174974442,
                0.8550873398780823,
                54.71564483642578
            ],
            [
                0.0,
                0.0,
                0.0,
                1.0
            ]
        ],
        "flocal_length": 130.0,
        "film_x": 36.0,
        "film_y": 36.0,
        "angle_x": 0.27517348527908325,
        "angle_y": 0.18409369885921478,
        "near": 0.0010000000474974513,
        "far": 100.0,
        "project_mat": [
            [
                7.222221894264957,
                0,
                0,
                0
            ],
            [
                0,
                7.222221894264957,
                0,
                0
            ],
            [
                0,
                0,
                -1.000020000200952,
                -0.0020000200951968044
            ],
            [
                0,
                0,
                -1,
                0
            ]
        ]
    }
}