{
    "camera": {
        "location": [
            -53.50239944458008,
            -13.975295066833496,
            13.540000915527344
        ],
        "view_vector": [
            0.9718062281608582,
            0.21134452521800995,
            -0.10452841967344284
        ],
        "world": [
            [
                0.2125086635351181,
                0.10214090347290039,
                -0.9718062281608582,
                -53.50239944458008
            ],
            [
                0.0,
                0.9945219159126282,
                0.10452841967344284,
                13.540000915527344
            ],
            [
                0.9771592020988464,
                -0.022213194519281387,
                0.21134452521800995,
                13.975295066833496
            ],
            [
                0.0,
                0.0,
                0.0,
                1.0
            ]
        ],
        "flocal_length": 130.0,
        "film_x": 36.0,
        "film_y": 36.0,
        "angle_x": 0.27517348527908325,
        "angle_y": 0.18409369885921478,
        "near": 0.0010000000474974513,
        "far": 100.0,
        "project_mat": [
            [
                7.222221894264957,
                0,
                0,
                0
            ],
            [
                0,
                7.222221894264957,
                0,
                0
            ],
            [
                0,
                0,
                -1.000020000200952,
                -0.0020000200951968044
            ],
            [
                0,
                0,
                -1,
                0
            ]
        ]
    }
}