{
    "camera": {
        "location": [
            36.434814453125,
            55.55073547363281,
            13.540000915527344
        ],
        "view_vector": [
            -0.44930168986320496,
            -0.8872439861297607,
            -0.10452841967344284
        ],
        "world": [
            [
                -0.8921311497688293,
                -0.04722348973155022,
                0.44930168986320496,
                36.434814453125
            ],
            [
                0.0,
                0.9945219159126282,
                0.10452841967344284,
                13.540000915527344
            ],
            [
                -0.45177656412124634,
                0.09325306117534637,
                -0.8872439861297607,
                -55.55073547363281
            ],
            [
                0.0,
                0.0,
                0.0,
                1.0
            ]
        ],
        "flocal_length": 130.0,
        "film_x": 36.0,
        "film_y": 36.0,
        "angle_x": 0.27517348527908325,
        "angle_y": 0.18409369885921478,
        "near": 0.0010000000474974513,
        "far": 100.0,
        "project_mat": [
            [
                7.222221894264957,
                0,
                0,
                0
            ],
            [
                0,
                7.222221894264957,
                0,
                0
            ],
            [
                0,
                0,
                -1.000020000200952,
                -0.0020000200951968044
            ],
            [
                0,
                0,
                -1,
                0
            ]
        ]
    }
}