{
    "camera": {
        "location": [
            -30.21411895751953,
            -50.611244201660156,
            13.540000915527344
        ],
        "view_vector": [
            0.603825569152832,
            0.7902332544326782,
            -0.10452841967344284
        ],
        "world": [
            [
                0.7945860624313354,
                0.06346459686756134,
                -0.603825569152832,
                -30.21411895751953
            ],
            [
                0.0,
                0.9945219159126282,
                0.10452841967344284,
                13.540000915527344
            ],
            [
                0.6071515679359436,
                -0.08305682241916656,
                0.7902332544326782,
                50.611244201660156
            ],
            [
                0.0,
                0.0,
                0.0,
                1.0
            ]
        ],
        "flocal_length": 130.0,
        "film_x": 36.0,
        "film_y": 36.0,
        "angle_x": 0.27517348527908325,
        "angle_y": 0.18409369885921478,
        "near": 0.0010000000474974513,
        "far": 100.0,
        "project_mat": [
            [
                7.222221894264957,
                0,
                0,
                0
            ],
            [
                0,
                7.222221894264957,
                0,
                0
            ],
            [
                0,
                0,
                -1.000020000200952,
                -0.0020000200951968044
            ],
            [
                0,
                0,
                -1,
                0
            ]
        ]
    }
}