{
    "camera": {
        "location": [
            -47.999778747558594,
            -29.330961227416992,
            13.540000915527344
        ],
        "view_vector": [
            0.8848587274551392,
            0.45398110151290894,
            -0.10452841967344284
        ],
        "world": [
            [
                0.4564817547798157,
                0.09300236403942108,
                -0.8848587274551392,
                -47.999778747558594
            ],
            [
                0.0,
                0.9945219159126282,
                0.10452841967344284,
                13.540000915527344
            ],
            [
                0.8897327780723572,
                -0.04771531745791435,
                0.45398110151290894,
                29.330961227416992
            ],
            [
                0.0,
                0.0,
                0.0,
                1.0
            ]
        ],
        "flocal_length": 130.0,
        "film_x": 36.0,
        "film_y": 36.0,
        "angle_x": 0.27517348527908325,
        "angle_y": 0.18409369885921478,
        "near": 0.0010000000474974513,
        "far": 100.0,
        "project_mat": [
            [
                7.222221894264957,
                0,
                0,
                0
            ],
            [
                0,
                7.222221894264957,
                0,
                0
            ],
            [
                0,
                0,
                -1.000020000200952,
                -0.0020000200951968044
            ],
            [
                0,
                0,
                -1,
                0
            ]
        ]
    }
}