{
    "camera": {
        "location": [
            -50.62638473510742,
            -23.499574661254883,
            13.540000915527344
        ],
        "view_vector": [
            0.9263620376586914,
            0.3618387281894684,
            -0.10452841967344284
        ],
        "world": [
            [
                0.3638318181037903,
                0.09736452996730804,
                -0.9263620376586914,
                -50.62638473510742
            ],
            [
                0.0,
                0.9945219159126282,
                0.10452841967344284,
                13.540000915527344
            ],
            [
                0.931464672088623,
                -0.03803076595067978,
                0.3618387281894684,
                23.499574661254883
            ],
            [
                0.0,
                0.0,
                0.0,
                1.0
            ]
        ],
        "flocal_length": 130.0,
        "film_x": 36.0,
        "film_y": 36.0,
        "angle_x": 0.27517348527908325,
        "angle_y": 0.18409369885921478,
        "near": 0.0010000000474974513,
        "far": 100.0,
        "project_mat": [
            [
                7.222221894264957,
                0,
                0,
                0
            ],
            [
                0,
                7.222221894264957,
                0,
                0
            ],
            [
                0,
                0,
                -1.000020000200952,
                -0.0020000200951968044
            ],
            [
                0,
                0,
                -1,
                0
            ]
        ]
    }
}