{
    "camera": {
        "location": [
            -49.165157318115234,
            25.736061096191406,
            13.540000915527344
        ],
        "view_vector": [
            0.9032730460166931,
            -0.41613900661468506,
            -0.10452841967344284
        ],
        "world": [
            [
                -0.41843122243881226,
                0.0949377790093422,
                -0.9032730460166931,
                -49.165157318115234
            ],
            [
                0.0,
                0.9945219159126282,
                0.10452841967344284,
                13.540000915527344
            ],
            [
                0.9082484841346741,
                0.04373795539140701,
                -0.41613900661468506,
                -25.736061096191406
            ],
            [
                0.0,
                0.0,
                0.0,
                1.0
            ]
        ],
        "flocal_length": 130.0,
        "film_x": 36.0,
        "film_y": 36.0,
        "angle_x": 0.27517348527908325,
        "angle_y": 0.18409369885921478,
        "near": 0.0010000000474974513,
        "far": 100.0,
        "project_mat": [
            [
                7.222221894264957,
                0,
                0,
                0
            ],
            [
                0,
                7.222221894264957,
                0,
                0
            ],
            [
                0,
                0,
                -1.000020000200952,
                -0.0020000200951968044
            ],
            [
                0,
                0,
                -1,
                0
            ]
        ]
    }
}