{
    "camera": {
        "location": [
            -51.76094055175781,
            19.150278091430664,
            13.540000915527344
        ],
        "view_vector": [
            0.9442892670631409,
            -0.3120763301849365,
            -0.10452841967344284
        ],
        "world": [
            [
                -0.3137953281402588,
                0.09924875944852829,
                -0.9442892670631409,
                -51.76094055175781
            ],
            [
                0.0,
                0.9945219159126282,
                0.10452841967344284,
                13.540000915527344
            ],
            [
                0.9494906663894653,
                0.03280052915215492,
                -0.3120763301849365,
                -19.150278091430664
            ],
            [
                0.0,
                0.0,
                0.0,
                1.0
            ]
        ],
        "flocal_length": 130.0,
        "film_x": 36.0,
        "film_y": 36.0,
        "angle_x": 0.27517348527908325,
        "angle_y": 0.18409369885921478,
        "near": 0.0010000000474974513,
        "far": 100.0,
        "project_mat": [
            [
                7.222221894264957,
                0,
                0,
                0
            ],
            [
                0,
                7.222221894264957,
                0,
                0
            ],
            [
                0,
                0,
                -1.000020000200952,
                -0.0020000200951968044
            ],
            [
                0,
                0,
                -1,
                0
            ]
        ]
    }
}