{
    "camera": {
        "location": [
            48.415794372558594,
            -48.849422454833984,
            13.540000915527344
        ],
        "view_vector": [
            -0.6386144757270813,
            0.7623945474624634,
            -0.10452841967344284
        ],
        "world": [
            [
                0.7665939927101135,
                -0.06712105125188828,
                0.6386144757270813,
                48.415794372558594
            ],
            [
                0.0,
                0.9945219159126282,
                0.10452841967344284,
                13.540000915527344
            ],
            [
                -0.6421321034431458,
                -0.08013086020946503,
                0.7623945474624634,
                48.849422454833984
            ],
            [
                0.0,
                0.0,
                0.0,
                1.0
            ]
        ],
        "flocal_length": 130.0,
        "film_x": 36.0,
        "film_y": 36.0,
        "angle_x": 0.27517348527908325,
        "angle_y": 0.18409369885921478,
        "near": 0.0010000000474974513,
        "far": 100.0,
        "project_mat": [
            [
                7.222221894264957,
                0,
                0,
                0
            ],
            [
                0,
                7.222221894264957,
                0,
                0
            ],
            [
                0,
                0,
                -1.000020000200952,
                -0.0020000200951968044
            ],
            [
                0,
                0,
                -1,
                0
            ]
        ]
    }
}