{
    "camera": {
        "location": [
            18.168676376342773,
            -62.713134765625,
            13.540000915527344
        ],
        "view_vector": [
            -0.16067637503147125,
            0.9814565181732178,
            -0.10452841967344284
        ],
        "world": [
            [
                0.9868626594543457,
                -0.016887761652469635,
                0.16067637503147125,
                18.168676376342773
            ],
            [
                0.0,
                0.9945219159126282,
                0.10452841967344284,
                13.540000915527344
            ],
            [
                -0.16156142950057983,
                -0.10315519571304321,
                0.9814565181732178,
                62.713134765625
            ],
            [
                0.0,
                0.0,
                0.0,
                1.0
            ]
        ],
        "flocal_length": 130.0,
        "film_x": 36.0,
        "film_y": 36.0,
        "angle_x": 0.27517348527908325,
        "angle_y": 0.18409369885921478,
        "near": 0.0010000000474974513,
        "far": 100.0,
        "project_mat": [
            [
                7.222221894264957,
                0,
                0,
                0
            ],
            [
                0,
                7.222221894264957,
                0,
                0
            ],
            [
                0,
                0,
                -1.000020000200952,
                -0.0020000200951968044
            ],
            [
                0,
                0,
                -1,
                0
            ]
        ]
    }
}