{
    "camera": {
        "location": [
            -42.38175964355469,
            -38.324283599853516,
            13.540000915527344
        ],
        "view_vector": [
            0.7960878014564514,
            0.5960856080055237,
            -0.10452841967344284
        ],
        "world": [
            [
                0.5993689894676208,
                0.0836721658706665,
                -0.7960878014564514,
                -42.38175964355469
            ],
            [
                0.0,
                0.9945219159126282,
                0.10452841967344284,
                13.540000915527344
            ],
            [
                0.8004728555679321,
                -0.06265109032392502,
                0.5960856080055237,
                38.324283599853516
            ],
            [
                0.0,
                0.0,
                0.0,
                1.0
            ]
        ],
        "flocal_length": 130.0,
        "film_x": 36.0,
        "film_y": 36.0,
        "angle_x": 0.27517348527908325,
        "angle_y": 0.18409369885921478,
        "near": 0.0010000000474974513,
        "far": 100.0,
        "project_mat": [
            [
                7.222221894264957,
                0,
                0,
                0
            ],
            [
                0,
                7.222221894264957,
                0,
                0
            ],
            [
                0,
                0,
                -1.000020000200952,
                -0.0020000200951968044
            ],
            [
                0,
                0,
                -1,
                0
            ]
        ]
    }
}