{
    "camera": {
        "location": [
            -27.31458282470703,
            -52.69916915893555,
            13.540000915527344
        ],
        "view_vector": [
            0.558009684085846,
            0.8232247829437256,
            -0.10452841967344284
        ],
        "world": [
            [
                0.827759325504303,
                0.058649152517318726,
                -0.558009684085846,
                -27.31458282470703
            ],
            [
                0.0,
                0.9945219159126282,
                0.10452841967344284,
                13.540000915527344
            ],
            [
                0.5610833168029785,
                -0.08652437478303909,
                0.8232247829437256,
                52.69916915893555
            ],
            [
                0.0,
                0.0,
                0.0,
                1.0
            ]
        ],
        "flocal_length": 130.0,
        "film_x": 36.0,
        "film_y": 36.0,
        "angle_x": 0.27517348527908325,
        "angle_y": 0.18409369885921478,
        "near": 0.0010000000474974513,
        "far": 100.0,
        "project_mat": [
            [
                7.222221894264957,
                0,
                0,
                0
            ],
            [
                0,
                7.222221894264957,
                0,
                0
            ],
            [
                0,
                0,
                -1.000020000200952,
                -0.0020000200951968044
            ],
            [
                0,
                0,
                -1,
                0
            ]
        ]
    }
}