{
    "camera": {
        "location": [
            -48.82005310058594,
            26.47258949279785,
            13.540000915527344
        ],
        "view_vector": [
            0.897819995880127,
            -0.4277769923210144,
            -0.10452841967344284
        ],
        "world": [
            [
                -0.43013331294059753,
                0.09436464309692383,
                -0.897819995880127,
                -48.82005310058594
            ],
            [
                0.0,
                0.9945219159126282,
                0.10452841967344284,
                13.540000915527344
            ],
            [
                0.9027653932571411,
                0.04496115446090698,
                -0.4277769923210144,
                -26.47258949279785
            ],
            [
                0.0,
                0.0,
                0.0,
                1.0
            ]
        ],
        "flocal_length": 130.0,
        "film_x": 36.0,
        "film_y": 36.0,
        "angle_x": 0.27517348527908325,
        "angle_y": 0.18409369885921478,
        "near": 0.0010000000474974513,
        "far": 100.0,
        "project_mat": [
            [
                7.222221894264957,
                0,
                0,
                0
            ],
            [
                0,
                7.222221894264957,
                0,
                0
            ],
            [
                0,
                0,
                -1.000020000200952,
                -0.0020000200951968044
            ],
            [
                0,
                0,
                -1,
                0
            ]
        ]
    }
}