{
    "camera": {
        "location": [
            36.41844177246094,
            -56.75901794433594,
            13.540000915527344
        ],
        "view_vector": [
            -0.4490429759025574,
            0.8873749375343323,
            -0.10452841967344284
        ],
        "world": [
            [
                0.8922628164291382,
                -0.04719629883766174,
                0.4490429759025574,
                36.41844177246094
            ],
            [
                0.0,
                0.9945219159126282,
                0.10452841967344284,
                13.540000915527344
            ],
            [
                -0.45151641964912415,
                -0.09326682239770889,
                0.8873749375343323,
                56.75901794433594
            ],
            [
                0.0,
                0.0,
                0.0,
                1.0
            ]
        ],
        "flocal_length": 130.0,
        "film_x": 36.0,
        "film_y": 36.0,
        "angle_x": 0.27517348527908325,
        "angle_y": 0.18409369885921478,
        "near": 0.0010000000474974513,
        "far": 100.0,
        "project_mat": [
            [
                7.222221894264957,
                0,
                0,
                0
            ],
            [
                0,
                7.222221894264957,
                0,
                0
            ],
            [
                0,
                0,
                -1.000020000200952,
                -0.0020000200951968044
            ],
            [
                0,
                0,
                -1,
                0
            ]
        ]
    }
}