{
    "camera": {
        "location": [
            64.6255874633789,
            26.87700843811035,
            13.540000915527344
        ],
        "view_vector": [
            -0.894747257232666,
            -0.4341672658920288,
            -0.10452841967344284
        ],
        "world": [
            [
                -0.4365587830543518,
                -0.09404168277978897,
                0.894747257232666,
                64.6255874633789
            ],
            [
                0.0,
                0.9945219159126282,
                0.10452841967344284,
                13.540000915527344
            ],
            [
                -0.899675726890564,
                0.045632798224687576,
                -0.4341672658920288,
                -26.87700843811035
            ],
            [
                0.0,
                0.0,
                0.0,
                1.0
            ]
        ],
        "flocal_length": 130.0,
        "film_x": 36.0,
        "film_y": 36.0,
        "angle_x": 0.27517348527908325,
        "angle_y": 0.18409369885921478,
        "near": 0.0010000000474974513,
        "far": 100.0,
        "project_mat": [
            [
                7.222221894264957,
                0,
                0,
                0
            ],
            [
                0,
                7.222221894264957,
                0,
                0
            ],
            [
                0,
                0,
                -1.000020000200952,
                -0.0020000200951968044
            ],
            [
                0,
                0,
                -1,
                0
            ]
        ]
    }
}