{
    "camera": {
        "location": [
            43.79555130004883,
            -52.369895935058594,
            13.540000915527344
        ],
        "view_vector": [
            -0.5656094551086426,
            0.8180218935012817,
            -0.10452841967344284
        ],
        "world": [
            [
                0.8225277662277222,
                -0.05944792553782463,
                0.5656094551086426,
                43.79555130004883
            ],
            [
                0.0,
                0.9945219159126282,
                0.10452841967344284,
                13.540000915527344
            ],
            [
                -0.5687249898910522,
                -0.08597752451896667,
                0.8180218935012817,
                52.369895935058594
            ],
            [
                0.0,
                0.0,
                0.0,
                1.0
            ]
        ],
        "flocal_length": 130.0,
        "film_x": 36.0,
        "film_y": 36.0,
        "angle_x": 0.27517348527908325,
        "angle_y": 0.18409369885921478,
        "near": 0.0010000000474974513,
        "far": 100.0,
        "project_mat": [
            [
                7.222221894264957,
                0,
                0,
                0
            ],
            [
                0,
                7.222221894264957,
                0,
                0
            ],
            [
                0,
                0,
                -1.000020000200952,
                -0.0020000200951968044
            ],
            [
                0,
                0,
                -1,
                0
            ]
        ]
    }
}