{
    "camera": {
        "location": [
            28.667774200439453,
            -60.04986572265625,
            13.540000915527344
        ],
        "view_vector": [
            -0.32657381892204285,
            0.9393739104270935,
            -0.10452841967344284
        ],
        "world": [
            [
                0.9445482492446899,
                -0.034324273467063904,
                0.32657381892204285,
                28.667774200439453
            ],
            [
                0.0,
                0.9945219159126282,
                0.10452841967344284,
                13.540000915527344
            ],
            [
                -0.32837265729904175,
                -0.09873213618993759,
                0.9393739104270935,
                60.04986572265625
            ],
            [
                0.0,
                0.0,
                0.0,
                1.0
            ]
        ],
        "flocal_length": 130.0,
        "film_x": 36.0,
        "film_y": 36.0,
        "angle_x": 0.27517348527908325,
        "angle_y": 0.18409369885921478,
        "near": 0.0010000000474974513,
        "far": 100.0,
        "project_mat": [
            [
                7.222221894264957,
                0,
                0,
                0
            ],
            [
                0,
                7.222221894264957,
                0,
                0
            ],
            [
                0,
                0,
                -1.000020000200952,
                -0.0020000200951968044
            ],
            [
                0,
                0,
                -1,
                0
            ]
        ]
    }
}