{
    "camera": {
        "location": [
            -29.612640380859375,
            49.86516571044922,
            13.540000915527344
        ],
        "view_vector": [
            0.5943215489387512,
            -0.7974056601524353,
            -0.10452841967344284
        ],
        "world": [
            [
                -0.8017979860305786,
                0.06246568262577057,
                -0.5943215489387512,
                -29.612640380859375
            ],
            [
                0.0,
                0.9945219159126282,
                0.10452841967344284,
                13.540000915527344
            ],
            [
                0.59759521484375,
                0.08381067961454391,
                -0.7974056601524353,
                -49.86516571044922
            ],
            [
                0.0,
                0.0,
                0.0,
                1.0
            ]
        ],
        "flocal_length": 130.0,
        "film_x": 36.0,
        "film_y": 36.0,
        "angle_x": 0.27517348527908325,
        "angle_y": 0.18409369885921478,
        "near": 0.0010000000474974513,
        "far": 100.0,
        "project_mat": [
            [
                7.222221894264957,
                0,
                0,
                0
            ],
            [
                0,
                7.222221894264957,
                0,
                0
            ],
            [
                0,
                0,
                -1.000020000200952,
                -0.0020000200951968044
            ],
            [
                0,
                0,
                -1,
                0
            ]
        ]
    }
}