{
    "camera": {
        "location": [
            -37.31889724731445,
            -44.276546478271484,
            13.540000915527344
        ],
        "view_vector": [
            0.7160889506340027,
            0.6901379823684692,
            -0.10452841967344284
        ],
        "world": [
            [
                0.6939394474029541,
                0.07526394724845886,
                -0.7160889506340027,
                -37.31889724731445
            ],
            [
                0.0,
                0.9945219159126282,
                0.10452841967344284,
                13.540000915527344
            ],
            [
                0.7200333476066589,
                -0.0725363940000534,
                0.6901379823684692,
                44.276546478271484
            ],
            [
                0.0,
                0.0,
                0.0,
                1.0
            ]
        ],
        "flocal_length": 130.0,
        "film_x": 36.0,
        "film_y": 36.0,
        "angle_x": 0.27517348527908325,
        "angle_y": 0.18409369885921478,
        "near": 0.0010000000474974513,
        "far": 100.0,
        "project_mat": [
            [
                7.222221894264957,
                0,
                0,
                0
            ],
            [
                0,
                7.222221894264957,
                0,
                0
            ],
            [
                0,
                0,
                -1.000020000200952,
                -0.0020000200951968044
            ],
            [
                0,
                0,
                -1,
                0
            ]
        ]
    }
}