{
    "camera": {
        "location": [
            10.399212837219238,
            -63.4942512512207,
            13.540000915527344
        ],
        "view_vector": [
            -0.03791022673249245,
            0.993799090385437,
            -0.10452841967344284
        ],
        "world": [
            [
                0.9992731809616089,
                -0.0039845239371061325,
                0.03791022673249245,
                10.399212837219238
            ],
            [
                0.0,
                0.9945219159126282,
                0.10452841967344284,
                13.540000915527344
            ],
            [
                -0.03811904788017273,
                -0.10445244610309601,
                0.993799090385437,
                63.4942512512207
            ],
            [
                0.0,
                0.0,
                0.0,
                1.0
            ]
        ],
        "flocal_length": 130.0,
        "film_x": 36.0,
        "film_y": 36.0,
        "angle_x": 0.27517348527908325,
        "angle_y": 0.18409369885921478,
        "near": 0.0010000000474974513,
        "far": 100.0,
        "project_mat": [
            [
                7.222221894264957,
                0,
                0,
                0
            ],
            [
                0,
                7.222221894264957,
                0,
                0
            ],
            [
                0,
                0,
                -1.000020000200952,
                -0.0020000200951968044
            ],
            [
                0,
                0,
                -1,
                0
            ]
        ]
    }
}