{
    "camera": {
        "location": [
            36.43422317504883,
            55.5510368347168,
            13.540000915527344
        ],
        "view_vector": [
            -0.4492923319339752,
            -0.887248694896698,
            -0.10452841967344284
        ],
        "world": [
            [
                -0.8921359181404114,
                -0.04722250625491142,
                0.4492923319339752,
                36.43422317504883
            ],
            [
                0.0,
                0.9945219159126282,
                0.10452841967344284,
                13.540000915527344
            ],
            [
                -0.4517671465873718,
                0.09325356036424637,
                -0.887248694896698,
                -55.5510368347168
            ],
            [
                0.0,
                0.0,
                0.0,
                1.0
            ]
        ],
        "flocal_length": 130.0,
        "film_x": 36.0,
        "film_y": 36.0,
        "angle_x": 0.27517348527908325,
        "angle_y": 0.18409369885921478,
        "near": 0.0010000000474974513,
        "far": 100.0,
        "project_mat": [
            [
                7.222221894264957,
                0,
                0,
                0
            ],
            [
                0,
                7.222221894264957,
                0,
                0
            ],
            [
                0,
                0,
                -1.000020000200952,
                -0.0020000200951968044
            ],
            [
                0,
                0,
                -1,
                0
            ]
        ]
    }
}