{
    "camera": {
        "location": [
            -54.93192672729492,
            0.408003568649292,
            13.540000915527344
        ],
        "view_vector": [
            0.9943943619728088,
            -0.015927577391266823,
            -0.10452841967344284
        ],
        "world": [
            [
                -0.01601530984044075,
                0.10451500862836838,
                -0.9943943619728088,
                -54.93192672729492
            ],
            [
                0.0,
                0.9945219159126282,
                0.10452841967344284,
                13.540000915527344
            ],
            [
                0.9998717308044434,
                0.0016740550054237247,
                -0.015927577391266823,
                -0.408003568649292
            ],
            [
                0.0,
                0.0,
                0.0,
                1.0
            ]
        ],
        "flocal_length": 130.0,
        "film_x": 36.0,
        "film_y": 36.0,
        "angle_x": 0.27517348527908325,
        "angle_y": 0.18409369885921478,
        "near": 0.0010000000474974513,
        "far": 100.0,
        "project_mat": [
            [
                7.222221894264957,
                0,
                0,
                0
            ],
            [
                0,
                7.222221894264957,
                0,
                0
            ],
            [
                0,
                0,
                -1.000020000200952,
                -0.0020000200951968044
            ],
            [
                0,
                0,
                -1,
                0
            ]
        ]
    }
}