{
    "camera": {
        "location": [
            41.41954040527344,
            -53.9345817565918,
            13.540000915527344
        ],
        "view_vector": [
            -0.5280659198760986,
            0.8427456617355347,
            -0.10452841967344284
        ],
        "world": [
            [
                0.8473877310752869,
                -0.05550193786621094,
                0.5280659198760986,
                41.41954040527344
            ],
            [
                0.0,
                0.9945219159126282,
                0.10452841967344284,
                13.540000915527344
            ],
            [
                -0.5309746265411377,
                -0.08857610076665878,
                0.8427456617355347,
                53.9345817565918
            ],
            [
                0.0,
                0.0,
                0.0,
                1.0
            ]
        ],
        "flocal_length": 130.0,
        "film_x": 36.0,
        "film_y": 36.0,
        "angle_x": 0.27517348527908325,
        "angle_y": 0.18409369885921478,
        "near": 0.0010000000474974513,
        "far": 100.0,
        "project_mat": [
            [
                7.222221894264957,
                0,
                0,
                0
            ],
            [
                0,
                7.222221894264957,
                0,
                0
            ],
            [
                0,
                0,
                -1.000020000200952,
                -0.0020000200951968044
            ],
            [
                0,
                0,
                -1,
                0
            ]
        ]
    }
}