{
    "camera": {
        "location": [
            -29.97845458984375,
            49.5904426574707,
            13.540000915527344
        ],
        "view_vector": [
            0.6001018285751343,
            -0.7930647134780884,
            -0.10452841967344284
        ],
        "world": [
            [
                -0.7974331378936768,
                0.06307321041822433,
                -0.6001018285751343,
                -29.97845458984375
            ],
            [
                0.0,
                0.9945219159126282,
                0.10452841967344284,
                13.540000915527344
            ],
            [
                0.6034073233604431,
                0.08335442841053009,
                -0.7930647134780884,
                -49.5904426574707
            ],
            [
                0.0,
                0.0,
                0.0,
                1.0
            ]
        ],
        "flocal_length": 130.0,
        "film_x": 36.0,
        "film_y": 36.0,
        "angle_x": 0.27517348527908325,
        "angle_y": 0.18409369885921478,
        "near": 0.0010000000474974513,
        "far": 100.0,
        "project_mat": [
            [
                7.222221894264957,
                0,
                0,
                0
            ],
            [
                0,
                7.222221894264957,
                0,
                0
            ],
            [
                0,
                0,
                -1.000020000200952,
                -0.0020000200951968044
            ],
            [
                0,
                0,
                -1,
                0
            ]
        ]
    }
}