{
    "camera": {
        "location": [
            63.434085845947266,
            -30.40781593322754,
            13.540000915527344
        ],
        "view_vector": [
            -0.8759201169013977,
            0.47099658846855164,
            -0.10452841967344284
        ],
        "world": [
            [
                0.4735909700393677,
                -0.09206287562847137,
                0.8759201169013977,
                63.434085845947266
            ],
            [
                0.0,
                0.9945219159126282,
                0.10452841967344284,
                13.540000915527344
            ],
            [
                -0.8807449340820312,
                -0.049503713846206665,
                0.47099658846855164,
                30.40781593322754
            ],
            [
                0.0,
                0.0,
                0.0,
                1.0
            ]
        ],
        "flocal_length": 130.0,
        "film_x": 36.0,
        "film_y": 36.0,
        "angle_x": 0.27517348527908325,
        "angle_y": 0.18409369885921478,
        "near": 0.0010000000474974513,
        "far": 100.0,
        "project_mat": [
            [
                7.222221894264957,
                0,
                0,
                0
            ],
            [
                0,
                7.222221894264957,
                0,
                0
            ],
            [
                0,
                0,
                -1.000020000200952,
                -0.0020000200951968044
            ],
            [
                0,
                0,
                -1,
                0
            ]
        ]
    }
}