{
    "camera": {
        "location": [
            20.790788650512695,
            -62.22660827636719,
            13.540000915527344
        ],
        "view_vector": [
            -0.20210868120193481,
            0.973768949508667,
            -0.10452841967344284
        ],
        "world": [
            [
                0.9791327118873596,
                -0.021242469549179077,
                0.20210868120193481,
                20.790788650512695
            ],
            [
                0.0,
                0.9945219159126282,
                0.10452841967344284,
                13.540000915527344
            ],
            [
                -0.20322194695472717,
                -0.10234719514846802,
                0.973768949508667,
                62.22660827636719
            ],
            [
                0.0,
                0.0,
                0.0,
                1.0
            ]
        ],
        "flocal_length": 130.0,
        "film_x": 36.0,
        "film_y": 36.0,
        "angle_x": 0.27517348527908325,
        "angle_y": 0.18409369885921478,
        "near": 0.0010000000474974513,
        "far": 100.0,
        "project_mat": [
            [
                7.222221894264957,
                0,
                0,
                0
            ],
            [
                0,
                7.222221894264957,
                0,
                0
            ],
            [
                0,
                0,
                -1.000020000200952,
                -0.0020000200951968044
            ],
            [
                0,
                0,
                -1,
                0
            ]
        ]
    }
}