{
    "camera": {
        "location": [
            -6.044595718383789,
            60.75301742553711,
            13.540000915527344
        ],
        "view_vector": [
            0.2219202220439911,
            -0.9694458246231079,
            -0.10452841967344284
        ],
        "world": [
            [
                -0.9747858047485352,
                0.023324744775891304,
                -0.2219202220439911,
                -6.044595718383789
            ],
            [
                0.0,
                0.9945219159126282,
                0.10452841967344284,
                13.540000915527344
            ],
            [
                0.223142609000206,
                0.10189282149076462,
                -0.9694458246231079,
                -60.75301742553711
            ],
            [
                0.0,
                0.0,
                0.0,
                1.0
            ]
        ],
        "flocal_length": 130.0,
        "film_x": 36.0,
        "film_y": 36.0,
        "angle_x": 0.27517348527908325,
        "angle_y": 0.18409369885921478,
        "near": 0.0010000000474974513,
        "far": 100.0,
        "project_mat": [
            [
                7.222221894264957,
                0,
                0,
                0
            ],
            [
                0,
                7.222221894264957,
                0,
                0
            ],
            [
                0,
                0,
                -1.000020000200952,
                -0.0020000200951968044
            ],
            [
                0,
                0,
                -1,
                0
            ]
        ]
    }
}