{
    "camera": {
        "location": [
            -4.674260139465332,
            61.050682067871094,
            13.540000915527344
        ],
        "view_vector": [
            0.20026740431785583,
            -0.9741492867469788,
            -0.10452841967344284
        ],
        "world": [
            [
                -0.9795151352882385,
                0.02104894258081913,
                -0.20026740431785583,
                -4.674260139465332
            ],
            [
                0.0,
                0.9945219159126282,
                0.10452841967344284,
                13.540000915527344
            ],
            [
                0.20137052237987518,
                0.10238716751337051,
                -0.9741492867469788,
                -61.050682067871094
            ],
            [
                0.0,
                0.0,
                0.0,
                1.0
            ]
        ],
        "flocal_length": 130.0,
        "film_x": 36.0,
        "film_y": 36.0,
        "angle_x": 0.27517348527908325,
        "angle_y": 0.18409369885921478,
        "near": 0.0010000000474974513,
        "far": 100.0,
        "project_mat": [
            [
                7.222221894264957,
                0,
                0,
                0
            ],
            [
                0,
                7.222221894264957,
                0,
                0
            ],
            [
                0,
                0,
                -1.000020000200952,
                -0.0020000200951968044
            ],
            [
                0,
                0,
                -1,
                0
            ]
        ]
    }
}