{
    "camera": {
        "location": [
            42.013614654541016,
            52.35770034790039,
            13.540000915527344
        ],
        "view_vector": [
            -0.5374528765678406,
            -0.8367904424667358,
            -0.10452841967344284
        ],
        "world": [
            [
                -0.8413997292518616,
                -0.05648855119943619,
                0.5374528765678406,
                42.013614654541016
            ],
            [
                0.0,
                0.9945219159126282,
                0.10452841967344284,
                13.540000915527344
            ],
            [
                -0.5404133200645447,
                0.08795018494129181,
                -0.8367904424667358,
                -52.35770034790039
            ],
            [
                0.0,
                0.0,
                0.0,
                1.0
            ]
        ],
        "flocal_length": 130.0,
        "film_x": 36.0,
        "film_y": 36.0,
        "angle_x": 0.27517348527908325,
        "angle_y": 0.18409369885921478,
        "near": 0.0010000000474974513,
        "far": 100.0,
        "project_mat": [
            [
                7.222221894264957,
                0,
                0,
                0
            ],
            [
                0,
                7.222221894264957,
                0,
                0
            ],
            [
                0,
                0,
                -1.000020000200952,
                -0.0020000200951968044
            ],
            [
                0,
                0,
                -1,
                0
            ]
        ]
    }
}