{
    "camera": {
        "location": [
            -41.56792449951172,
            -39.387420654296875,
            13.540000915527344
        ],
        "view_vector": [
            0.7832282781600952,
            0.6128843426704407,
            -0.10452841967344284
        ],
        "world": [
            [
                0.616260290145874,
                0.08232057839632034,
                -0.7832282781600952,
                -41.56792449951172
            ],
            [
                0.0,
                0.9945219159126282,
                0.10452841967344284,
                13.540000915527344
            ],
            [
                0.7875425219535828,
                -0.06441671401262283,
                0.6128843426704407,
                39.387420654296875
            ],
            [
                0.0,
                0.0,
                0.0,
                1.0
            ]
        ],
        "flocal_length": 130.0,
        "film_x": 36.0,
        "film_y": 36.0,
        "angle_x": 0.27517348527908325,
        "angle_y": 0.18409369885921478,
        "near": 0.0010000000474974513,
        "far": 100.0,
        "project_mat": [
            [
                7.222221894264957,
                0,
                0,
                0
            ],
            [
                0,
                7.222221894264957,
                0,
                0
            ],
            [
                0,
                0,
                -1.000020000200952,
                -0.0020000200951968044
            ],
            [
                0,
                0,
                -1,
                0
            ]
        ]
    }
}