{
    "camera": {
        "location": [
            -39.18839645385742,
            -42.24971389770508,
            13.540000915527344
        ],
        "view_vector": [
            0.745629072189331,
            0.6581118106842041,
            -0.10452841967344284
        ],
        "world": [
            [
                0.6617368459701538,
                0.07836873829364777,
                -0.745629072189331,
                -39.18839645385742
            ],
            [
                0.0,
                0.9945219159126282,
                0.10452841967344284,
                13.540000915527344
            ],
            [
                0.7497361898422241,
                -0.06917030364274979,
                0.6581118106842041,
                42.24971389770508
            ],
            [
                0.0,
                0.0,
                0.0,
                1.0
            ]
        ],
        "flocal_length": 130.0,
        "film_x": 36.0,
        "film_y": 36.0,
        "angle_x": 0.27517348527908325,
        "angle_y": 0.18409369885921478,
        "near": 0.0010000000474974513,
        "far": 100.0,
        "project_mat": [
            [
                7.222221894264957,
                0,
                0,
                0
            ],
            [
                0,
                7.222221894264957,
                0,
                0
            ],
            [
                0,
                0,
                -1.000020000200952,
                -0.0020000200951968044
            ],
            [
                0,
                0,
                -1,
                0
            ]
        ]
    }
}