{
    "camera": {
        "location": [
            -42.25476837158203,
            -38.493289947509766,
            13.540000915527344
        ],
        "view_vector": [
            0.7940811514854431,
            0.5987561345100403,
            -0.10452841967344284
        ],
        "world": [
            [
                0.602054238319397,
                0.08346125483512878,
                -0.7940811514854431,
                -42.25476837158203
            ],
            [
                0.0,
                0.9945219159126282,
                0.10452841967344284,
                13.540000915527344
            ],
            [
                0.7984551787376404,
                -0.06293177604675293,
                0.5987561345100403,
                38.493289947509766
            ],
            [
                0.0,
                0.0,
                0.0,
                1.0
            ]
        ],
        "flocal_length": 130.0,
        "film_x": 36.0,
        "film_y": 36.0,
        "angle_x": 0.27517348527908325,
        "angle_y": 0.18409369885921478,
        "near": 0.0010000000474974513,
        "far": 100.0,
        "project_mat": [
            [
                7.222221894264957,
                0,
                0,
                0
            ],
            [
                0,
                7.222221894264957,
                0,
                0
            ],
            [
                0,
                0,
                -1.000020000200952,
                -0.0020000200951968044
            ],
            [
                0,
                0,
                -1,
                0
            ]
        ]
    }
}