{
    "camera": {
        "location": [
            69.8753890991211,
            -12.12734603881836,
            13.540000915527344
        ],
        "view_vector": [
            -0.9776999354362488,
            0.1821448802947998,
            -0.10452841967344284
        ],
        "world": [
            [
                0.18314817547798157,
                -0.10276035964488983,
                0.9776999354362488,
                69.8753890991211
            ],
            [
                0.0,
                0.9945219159126282,
                0.10452841967344284,
                13.540000915527344
            ],
            [
                -0.9830853343009949,
                -0.01914418861269951,
                0.1821448802947998,
                12.12734603881836
            ],
            [
                0.0,
                0.0,
                0.0,
                1.0
            ]
        ],
        "flocal_length": 130.0,
        "film_x": 36.0,
        "film_y": 36.0,
        "angle_x": 0.27517348527908325,
        "angle_y": 0.18409369885921478,
        "near": 0.0010000000474974513,
        "far": 100.0,
        "project_mat": [
            [
                7.222221894264957,
                0,
                0,
                0
            ],
            [
                0,
                7.222221894264957,
                0,
                0
            ],
            [
                0,
                0,
                -1.000020000200952,
                -0.0020000200951968044
            ],
            [
                0,
                0,
                -1,
                0
            ]
        ]
    }
}