{
    "camera": {
        "location": [
            -47.45573425292969,
            -30.367517471313477,
            13.540000915527344
        ],
        "view_vector": [
            0.8762622475624084,
            0.47035983204841614,
            -0.10452841967344284
        ],
        "world": [
            [
                0.47295069694519043,
                0.09209883213043213,
                -0.8762622475624084,
                -47.45573425292969
            ],
            [
                0.0,
                0.9945219159126282,
                0.10452841967344284,
                13.540000915527344
            ],
            [
                0.88108891248703,
                -0.0494367890059948,
                0.47035983204841614,
                30.367517471313477
            ],
            [
                0.0,
                0.0,
                0.0,
                1.0
            ]
        ],
        "flocal_length": 130.0,
        "film_x": 36.0,
        "film_y": 36.0,
        "angle_x": 0.27517348527908325,
        "angle_y": 0.18409369885921478,
        "near": 0.0010000000474974513,
        "far": 100.0,
        "project_mat": [
            [
                7.222221894264957,
                0,
                0,
                0
            ],
            [
                0,
                7.222221894264957,
                0,
                0
            ],
            [
                0,
                0,
                -1.000020000200952,
                -0.0020000200951968044
            ],
            [
                0,
                0,
                -1,
                0
            ]
        ]
    }
}