{
    "camera": {
        "location": [
            -35.89351272583008,
            44.508792877197266,
            13.540000915527344
        ],
        "view_vector": [
            0.6935662627220154,
            -0.7127690315246582,
            -0.10452841967344284
        ],
        "world": [
            [
                -0.7166951298713684,
                0.07289671897888184,
                -0.6935662627220154,
                -35.89351272583008
            ],
            [
                0.0,
                0.9945219159126282,
                0.10452841967344284,
                13.540000915527344
            ],
            [
                0.697386622428894,
                0.07491500675678253,
                -0.7127690315246582,
                -44.508792877197266
            ],
            [
                0.0,
                0.0,
                0.0,
                1.0
            ]
        ],
        "flocal_length": 130.0,
        "film_x": 36.0,
        "film_y": 36.0,
        "angle_x": 0.27517348527908325,
        "angle_y": 0.18409369885921478,
        "near": 0.0010000000474974513,
        "far": 100.0,
        "project_mat": [
            [
                7.222221894264957,
                0,
                0,
                0
            ],
            [
                0,
                7.222221894264957,
                0,
                0
            ],
            [
                0,
                0,
                -1.000020000200952,
                -0.0020000200951968044
            ],
            [
                0,
                0,
                -1,
                0
            ]
        ]
    }
}