{
    "camera": {
        "location": [
            -18.223297119140625,
            56.61697769165039,
            13.540000915527344
        ],
        "view_vector": [
            0.4143572449684143,
            -0.9040917754173279,
            -0.10452841967344284
        ],
        "world": [
            [
                -0.9090717434883118,
                0.043550681322813034,
                -0.4143572449684143,
                -18.223297119140625
            ],
            [
                0.0,
                0.9945219159126282,
                0.10452841967344284,
                13.540000915527344
            ],
            [
                0.41663962602615356,
                0.09502383321523666,
                -0.9040917754173279,
                -56.61697769165039
            ],
            [
                0.0,
                0.0,
                0.0,
                1.0
            ]
        ],
        "flocal_length": 130.0,
        "film_x": 36.0,
        "film_y": 36.0,
        "angle_x": 0.27517348527908325,
        "angle_y": 0.18409369885921478,
        "near": 0.0010000000474974513,
        "far": 100.0,
        "project_mat": [
            [
                7.222221894264957,
                0,
                0,
                0
            ],
            [
                0,
                7.222221894264957,
                0,
                0
            ],
            [
                0,
                0,
                -1.000020000200952,
                -0.0020000200951968044
            ],
            [
                0,
                0,
                -1,
                0
            ]
        ]
    }
}