{
    "camera": {
        "location": [
            -46.46043014526367,
            -32.1516227722168,
            13.540000915527344
        ],
        "view_vector": [
            0.8605353236198425,
            0.49855074286460876,
            -0.10452841967344284
        ],
        "world": [
            [
                0.501296877861023,
                0.0904458686709404,
                -0.8605353236198425,
                -46.46043014526367
            ],
            [
                0.0,
                0.9945219159126282,
                0.10452841967344284,
                13.540000915527344
            ],
            [
                0.8652753829956055,
                -0.05239976942539215,
                0.49855074286460876,
                32.1516227722168
            ],
            [
                0.0,
                0.0,
                0.0,
                1.0
            ]
        ],
        "flocal_length": 130.0,
        "film_x": 36.0,
        "film_y": 36.0,
        "angle_x": 0.27517348527908325,
        "angle_y": 0.18409369885921478,
        "near": 0.0010000000474974513,
        "far": 100.0,
        "project_mat": [
            [
                7.222221894264957,
                0,
                0,
                0
            ],
            [
                0,
                7.222221894264957,
                0,
                0
            ],
            [
                0,
                0,
                -1.000020000200952,
                -0.0020000200951968044
            ],
            [
                0,
                0,
                -1,
                0
            ]
        ]
    }
}