{
    "camera": {
        "location": [
            -23.17020606994629,
            54.07963180541992,
            13.540000915527344
        ],
        "view_vector": [
            0.4925239086151123,
            -0.8639988899230957,
            -0.10452841967344284
        ],
        "world": [
            [
                -0.8687580227851868,
                0.051766324788331985,
                -0.4925239086151123,
                -23.17020606994629
            ],
            [
                0.0,
                0.9945219159126282,
                0.10452841967344284,
                13.540000915527344
            ],
            [
                0.4952368438243866,
                0.0908099040389061,
                -0.8639988899230957,
                -54.07963180541992
            ],
            [
                0.0,
                0.0,
                0.0,
                1.0
            ]
        ],
        "flocal_length": 130.0,
        "film_x": 36.0,
        "film_y": 36.0,
        "angle_x": 0.27517348527908325,
        "angle_y": 0.18409369885921478,
        "near": 0.0010000000474974513,
        "far": 100.0,
        "project_mat": [
            [
                7.222221894264957,
                0,
                0,
                0
            ],
            [
                0,
                7.222221894264957,
                0,
                0
            ],
            [
                0,
                0,
                -1.000020000200952,
                -0.0020000200951968044
            ],
            [
                0,
                0,
                -1,
                0
            ]
        ]
    }
}