{
    "camera": {
        "location": [
            68.54173278808594,
            16.608762741088867,
            13.540000915527344
        ],
        "view_vector": [
            -0.9566267132759094,
            -0.27191758155822754,
            -0.10452841967344284
        ],
        "world": [
            [
                -0.27341538667678833,
                -0.1005454733967781,
                0.9566267132759094,
                68.54173278808594
            ],
            [
                0.0,
                0.9945219159126282,
                0.10452841967344284,
                13.540000915527344
            ],
            [
                -0.9618960618972778,
                0.028579678386449814,
                -0.27191758155822754,
                -16.608762741088867
            ],
            [
                0.0,
                0.0,
                0.0,
                1.0
            ]
        ],
        "flocal_length": 130.0,
        "film_x": 36.0,
        "film_y": 36.0,
        "angle_x": 0.27517348527908325,
        "angle_y": 0.18409369885921478,
        "near": 0.0010000000474974513,
        "far": 100.0,
        "project_mat": [
            [
                7.222221894264957,
                0,
                0,
                0
            ],
            [
                0,
                7.222221894264957,
                0,
                0
            ],
            [
                0,
                0,
                -1.000020000200952,
                -0.0020000200951968044
            ],
            [
                0,
                0,
                -1,
                0
            ]
        ]
    }
}