{
    "camera": {
        "location": [
            -14.572805404663086,
            58.15297317504883,
            13.540000915527344
        ],
        "view_vector": [
            0.3566754162311554,
            -0.928362250328064,
            -0.10452841967344284
        ],
        "world": [
            [
                -0.933475911617279,
                0.03748808056116104,
                -0.3566754162311554,
                -14.572805404663086
            ],
            [
                0.0,
                0.9945219159126282,
                0.10452841967344284,
                13.540000915527344
            ],
            [
                0.35864007472991943,
                0.09757476300001144,
                -0.928362250328064,
                -58.15297317504883
            ],
            [
                0.0,
                0.0,
                0.0,
                1.0
            ]
        ],
        "flocal_length": 130.0,
        "film_x": 36.0,
        "film_y": 36.0,
        "angle_x": 0.27517348527908325,
        "angle_y": 0.18409369885921478,
        "near": 0.0010000000474974513,
        "far": 100.0,
        "project_mat": [
            [
                7.222221894264957,
                0,
                0,
                0
            ],
            [
                0,
                7.222221894264957,
                0,
                0
            ],
            [
                0,
                0,
                -1.000020000200952,
                -0.0020000200951968044
            ],
            [
                0,
                0,
                -1,
                0
            ]
        ]
    }
}