{
    "camera": {
        "location": [
            54.37013626098633,
            41.958831787109375,
            13.540000915527344
        ],
        "view_vector": [
            -0.7326996922492981,
            -0.6724767684936523,
            -0.10452841967344284
        ],
        "world": [
            [
                -0.6761809587478638,
                -0.07700980454683304,
                0.7326996922492981,
                54.37013626098633
            ],
            [
                0.0,
                0.9945219159126282,
                0.10452841967344284,
                13.540000915527344
            ],
            [
                -0.7367355823516846,
                0.07068012654781342,
                -0.6724767684936523,
                -41.958831787109375
            ],
            [
                0.0,
                0.0,
                0.0,
                1.0
            ]
        ],
        "flocal_length": 130.0,
        "film_x": 36.0,
        "film_y": 36.0,
        "angle_x": 0.27517348527908325,
        "angle_y": 0.18409369885921478,
        "near": 0.0010000000474974513,
        "far": 100.0,
        "project_mat": [
            [
                7.222221894264957,
                0,
                0,
                0
            ],
            [
                0,
                7.222221894264957,
                0,
                0
            ],
            [
                0,
                0,
                -1.000020000200952,
                -0.0020000200951968044
            ],
            [
                0,
                0,
                -1,
                0
            ]
        ]
    }
}