{
    "camera": {
        "location": [
            -49.77201843261719,
            24.37673568725586,
            13.540000915527344
        ],
        "view_vector": [
            0.9128620624542236,
            -0.39466017484664917,
            -0.10452841967344284
        ],
        "world": [
            [
                -0.3968340754508972,
                0.09594562649726868,
                -0.9128620624542236,
                -49.77201843261719
            ],
            [
                0.0,
                0.9945219159126282,
                0.10452841967344284,
                13.540000915527344
            ],
            [
                0.9178903698921204,
                0.04148043692111969,
                -0.39466017484664917,
                -24.37673568725586
            ],
            [
                0.0,
                0.0,
                0.0,
                1.0
            ]
        ],
        "flocal_length": 130.0,
        "film_x": 36.0,
        "film_y": 36.0,
        "angle_x": 0.27517348527908325,
        "angle_y": 0.18409369885921478,
        "near": 0.0010000000474974513,
        "far": 100.0,
        "project_mat": [
            [
                7.222221894264957,
                0,
                0,
                0
            ],
            [
                0,
                7.222221894264957,
                0,
                0
            ],
            [
                0,
                0,
                -1.000020000200952,
                -0.0020000200951968044
            ],
            [
                0,
                0,
                -1,
                0
            ]
        ]
    }
}