{
    "camera": {
        "location": [
            -47.70167541503906,
            -29.90471839904785,
            13.540000915527344
        ],
        "view_vector": [
            0.8801484107971191,
            0.4630471169948578,
            -0.10452841967344284
        ],
        "world": [
            [
                0.4655976891517639,
                0.09250728040933609,
                -0.8801484107971191,
                -47.70167541503906
            ],
            [
                0.0,
                0.9945219159126282,
                0.10452841967344284,
                13.540000915527344
            ],
            [
                0.8849964737892151,
                -0.04866819083690643,
                0.4630471169948578,
                29.90471839904785
            ],
            [
                0.0,
                0.0,
                0.0,
                1.0
            ]
        ],
        "flocal_length": 130.0,
        "film_x": 36.0,
        "film_y": 36.0,
        "angle_x": 0.27517348527908325,
        "angle_y": 0.18409369885921478,
        "near": 0.0010000000474974513,
        "far": 100.0,
        "project_mat": [
            [
                7.222221894264957,
                0,
                0,
                0
            ],
            [
                0,
                7.222221894264957,
                0,
                0
            ],
            [
                0,
                0,
                -1.000020000200952,
                -0.0020000200951968044
            ],
            [
                0,
                0,
                -1,
                0
            ]
        ]
    }
}