{
    "camera": {
        "location": [
            70.78184509277344,
            3.8590006828308105,
            13.540000915527344
        ],
        "view_vector": [
            -0.9920229911804199,
            -0.07045716792345047,
            -0.10452841967344284
        ],
        "world": [
            [
                -0.07084526121616364,
                -0.10426577180624008,
                0.9920229911804199,
                70.78184509277344
            ],
            [
                0.0,
                0.9945219159126282,
                0.10452841967344284,
                13.540000915527344
            ],
            [
                -0.9974873065948486,
                0.007405342999845743,
                -0.07045716792345047,
                -3.8590006828308105
            ],
            [
                0.0,
                0.0,
                0.0,
                1.0
            ]
        ],
        "flocal_length": 130.0,
        "film_x": 36.0,
        "film_y": 36.0,
        "angle_x": 0.27517348527908325,
        "angle_y": 0.18409369885921478,
        "near": 0.0010000000474974513,
        "far": 100.0,
        "project_mat": [
            [
                7.222221894264957,
                0,
                0,
                0
            ],
            [
                0,
                7.222221894264957,
                0,
                0
            ],
            [
                0,
                0,
                -1.000020000200952,
                -0.0020000200951968044
            ],
            [
                0,
                0,
                -1,
                0
            ]
        ]
    }
}