{
    "camera": {
        "location": [
            -32.49803924560547,
            -48.78041458129883,
            13.540000915527344
        ],
        "view_vector": [
            0.6399139761924744,
            0.7613040804862976,
            -0.10452841967344284
        ],
        "world": [
            [
                0.7654975652694702,
                0.06725764274597168,
                -0.6399139761924744,
                -32.49803924560547
            ],
            [
                0.0,
                0.9945219159126282,
                0.10452841967344284,
                13.540000915527344
            ],
            [
                0.6434388160705566,
                -0.08001624792814255,
                0.7613040804862976,
                48.78041458129883
            ],
            [
                0.0,
                0.0,
                0.0,
                1.0
            ]
        ],
        "flocal_length": 130.0,
        "film_x": 36.0,
        "film_y": 36.0,
        "angle_x": 0.27517348527908325,
        "angle_y": 0.18409369885921478,
        "near": 0.0010000000474974513,
        "far": 100.0,
        "project_mat": [
            [
                7.222221894264957,
                0,
                0,
                0
            ],
            [
                0,
                7.222221894264957,
                0,
                0
            ],
            [
                0,
                0,
                -1.000020000200952,
                -0.0020000200951968044
            ],
            [
                0,
                0,
                -1,
                0
            ]
        ]
    }
}