{
    "camera": {
        "location": [
            -1.9094371795654297,
            -62.75502014160156,
            13.540000915527344
        ],
        "view_vector": [
            0.1565801203250885,
            0.9821183681488037,
            -0.10452841967344284
        ],
        "world": [
            [
                0.9875281453132629,
                0.016457226127386093,
                -0.1565801203250885,
                -1.9094371795654297
            ],
            [
                0.0,
                0.9945219159126282,
                0.10452841967344284,
                13.540000915527344
            ],
            [
                0.1574425995349884,
                -0.1032247543334961,
                0.9821183681488037,
                62.75502014160156
            ],
            [
                0.0,
                0.0,
                0.0,
                1.0
            ]
        ],
        "flocal_length": 130.0,
        "film_x": 36.0,
        "film_y": 36.0,
        "angle_x": 0.27517348527908325,
        "angle_y": 0.18409369885921478,
        "near": 0.0010000000474974513,
        "far": 100.0,
        "project_mat": [
            [
                7.222221894264957,
                0,
                0,
                0
            ],
            [
                0,
                7.222221894264957,
                0,
                0
            ],
            [
                0,
                0,
                -1.000020000200952,
                -0.0020000200951968044
            ],
            [
                0,
                0,
                -1,
                0
            ]
        ]
    }
}