{
    "camera": {
        "location": [
            -53.926483154296875,
            -11.849627494812012,
            13.540000915527344
        ],
        "view_vector": [
            0.9785072207450867,
            0.17775660753250122,
            -0.10452841967344284
        ],
        "world": [
            [
                0.17873573303222656,
                0.1028452068567276,
                -0.9785072207450867,
                -53.926483154296875
            ],
            [
                0.0,
                0.9945219159126282,
                0.10452841967344284,
                13.540000915527344
            ],
            [
                0.9838970899581909,
                -0.018682964146137238,
                0.17775660753250122,
                11.849627494812012
            ],
            [
                0.0,
                0.0,
                0.0,
                1.0
            ]
        ],
        "flocal_length": 130.0,
        "film_x": 36.0,
        "film_y": 36.0,
        "angle_x": 0.27517348527908325,
        "angle_y": 0.18409369885921478,
        "near": 0.0010000000474974513,
        "far": 100.0,
        "project_mat": [
            [
                7.222221894264957,
                0,
                0,
                0
            ],
            [
                0,
                7.222221894264957,
                0,
                0
            ],
            [
                0,
                0,
                -1.000020000200952,
                -0.0020000200951968044
            ],
            [
                0,
                0,
                -1,
                0
            ]
        ]
    }
}