{
    "camera": {
        "location": [
            -52.54116439819336,
            -17.810787200927734,
            13.540000915527344
        ],
        "view_vector": [
            0.9566176533699036,
            0.27194955945014954,
            -0.10452841967344284
        ],
        "world": [
            [
                0.27344751358032227,
                0.1005445197224617,
                -0.9566176533699036,
                -52.54116439819336
            ],
            [
                0.0,
                0.9945219159126282,
                0.10452841967344284,
                13.540000915527344
            ],
            [
                0.9618869423866272,
                -0.028583036735653877,
                0.27194955945014954,
                17.810787200927734
            ],
            [
                0.0,
                0.0,
                0.0,
                1.0
            ]
        ],
        "flocal_length": 130.0,
        "film_x": 36.0,
        "film_y": 36.0,
        "angle_x": 0.27517348527908325,
        "angle_y": 0.18409369885921478,
        "near": 0.0010000000474974513,
        "far": 100.0,
        "project_mat": [
            [
                7.222221894264957,
                0,
                0,
                0
            ],
            [
                0,
                7.222221894264957,
                0,
                0
            ],
            [
                0,
                0,
                -1.000020000200952,
                -0.0020000200951968044
            ],
            [
                0,
                0,
                -1,
                0
            ]
        ]
    }
}