{
    "camera": {
        "location": [
            54.78103256225586,
            -42.706748962402344,
            13.540000915527344
        ],
        "view_vector": [
            -0.7391923069953918,
            0.6653334498405457,
            -0.10452841967344284
        ],
        "world": [
            [
                0.6689983010292053,
                -0.07769221067428589,
                0.7391923069953918,
                54.78103256225586
            ],
            [
                0.0,
                0.9945219159126282,
                0.10452841967344284,
                13.540000915527344
            ],
            [
                -0.7432639598846436,
                -0.0699293315410614,
                0.6653334498405457,
                42.706748962402344
            ],
            [
                0.0,
                0.0,
                0.0,
                1.0
            ]
        ],
        "flocal_length": 130.0,
        "film_x": 36.0,
        "film_y": 36.0,
        "angle_x": 0.27517348527908325,
        "angle_y": 0.18409369885921478,
        "near": 0.0010000000474974513,
        "far": 100.0,
        "project_mat": [
            [
                7.222221894264957,
                0,
                0,
                0
            ],
            [
                0,
                7.222221894264957,
                0,
                0
            ],
            [
                0,
                0,
                -1.000020000200952,
                -0.0020000200951968044
            ],
            [
                0,
                0,
                -1,
                0
            ]
        ]
    }
}