{
    "camera": {
        "location": [
            38.939659118652344,
            -55.410404205322266,
            13.540000915527344
        ],
        "view_vector": [
            -0.48888102173805237,
            0.8660653233528137,
            -0.10452841967344284
        ],
        "world": [
            [
                0.8708358407020569,
                -0.05138344317674637,
                0.48888102173805237,
                38.939659118652344
            ],
            [
                0.0,
                0.9945219159126282,
                0.10452841967344284,
                13.540000915527344
            ],
            [
                -0.49157389998435974,
                -0.09102709591388702,
                0.8660653233528137,
                55.410404205322266
            ],
            [
                0.0,
                0.0,
                0.0,
                1.0
            ]
        ],
        "flocal_length": 130.0,
        "film_x": 36.0,
        "film_y": 36.0,
        "angle_x": 0.27517348527908325,
        "angle_y": 0.18409369885921478,
        "near": 0.0010000000474974513,
        "far": 100.0,
        "project_mat": [
            [
                7.222221894264957,
                0,
                0,
                0
            ],
            [
                0,
                7.222221894264957,
                0,
                0
            ],
            [
                0,
                0,
                -1.000020000200952,
                -0.0020000200951968044
            ],
            [
                0,
                0,
                -1,
                0
            ]
        ]
    }
}