{
    "camera": {
        "location": [
            -47.83692932128906,
            -29.646183013916016,
            13.540000915527344
        ],
        "view_vector": [
            0.8822855353355408,
            0.45896196365356445,
            -0.10452841967344284
        ],
        "world": [
            [
                0.46149003505706787,
                0.09273190796375275,
                -0.8822855353355408,
                -47.83692932128906
            ],
            [
                0.0,
                0.9945219159126282,
                0.10452841967344284,
                13.540000915527344
            ],
            [
                0.8871454000473022,
                -0.04823882505297661,
                0.45896196365356445,
                29.646183013916016
            ],
            [
                0.0,
                0.0,
                0.0,
                1.0
            ]
        ],
        "flocal_length": 130.0,
        "film_x": 36.0,
        "film_y": 36.0,
        "angle_x": 0.27517348527908325,
        "angle_y": 0.18409369885921478,
        "near": 0.0010000000474974513,
        "far": 100.0,
        "project_mat": [
            [
                7.222221894264957,
                0,
                0,
                0
            ],
            [
                0,
                7.222221894264957,
                0,
                0
            ],
            [
                0,
                0,
                -1.000020000200952,
                -0.0020000200951968044
            ],
            [
                0,
                0,
                -1,
                0
            ]
        ]
    }
}