{
    "camera": {
        "location": [
            16.000774383544922,
            61.829410552978516,
            13.540000915527344
        ],
        "view_vector": [
            -0.12642113864421844,
            -0.9864540696144104,
            -0.10452841967344284
        ],
        "world": [
            [
                -0.9918876886367798,
                -0.013287391513586044,
                0.12642113864421844,
                16.000774383544922
            ],
            [
                0.0,
                0.9945219159126282,
                0.10452841967344284,
                13.540000915527344
            ],
            [
                -0.12711749970912933,
                0.10368045419454575,
                -0.9864540696144104,
                -61.829410552978516
            ],
            [
                0.0,
                0.0,
                0.0,
                1.0
            ]
        ],
        "flocal_length": 130.0,
        "film_x": 36.0,
        "film_y": 36.0,
        "angle_x": 0.27517348527908325,
        "angle_y": 0.18409369885921478,
        "near": 0.0010000000474974513,
        "far": 100.0,
        "project_mat": [
            [
                7.222221894264957,
                0,
                0,
                0
            ],
            [
                0,
                7.222221894264957,
                0,
                0
            ],
            [
                0,
                0,
                -1.000020000200952,
                -0.0020000200951968044
            ],
            [
                0,
                0,
                -1,
                0
            ]
        ]
    }
}