{
    "camera": {
        "location": [
            -52.21329879760742,
            -18.924898147583008,
            13.540000915527344
        ],
        "view_vector": [
            0.9514370560646057,
            0.28955376148223877,
            -0.10452841967344284
        ],
        "world": [
            [
                0.29114869236946106,
                0.10000001639127731,
                -0.9514370560646057,
                -52.21329879760742
            ],
            [
                0.0,
                0.9945219159126282,
                0.10452841967344284,
                13.540000915527344
            ],
            [
                0.9566777944564819,
                -0.03043331205844879,
                0.28955376148223877,
                18.924898147583008
            ],
            [
                0.0,
                0.0,
                0.0,
                1.0
            ]
        ],
        "flocal_length": 130.0,
        "film_x": 36.0,
        "film_y": 36.0,
        "angle_x": 0.27517348527908325,
        "angle_y": 0.18409369885921478,
        "near": 0.0010000000474974513,
        "far": 100.0,
        "project_mat": [
            [
                7.222221894264957,
                0,
                0,
                0
            ],
            [
                0,
                7.222221894264957,
                0,
                0
            ],
            [
                0,
                0,
                -1.000020000200952,
                -0.0020000200951968044
            ],
            [
                0,
                0,
                -1,
                0
            ]
        ]
    }
}