{
    "camera": {
        "location": [
            -52.59248733520508,
            -17.62920570373535,
            13.540000915527344
        ],
        "view_vector": [
            0.9574286341667175,
            0.26908037066459656,
            -0.10452841967344284
        ],
        "world": [
            [
                0.2705625295639038,
                0.1006297618150711,
                -0.9574286341667175,
                -52.59248733520508
            ],
            [
                0.0,
                0.9945219159126282,
                0.10452841967344284,
                13.540000915527344
            ],
            [
                0.9627023935317993,
                -0.028281474485993385,
                0.26908037066459656,
                17.62920570373535
            ],
            [
                0.0,
                0.0,
                0.0,
                1.0
            ]
        ],
        "flocal_length": 130.0,
        "film_x": 36.0,
        "film_y": 36.0,
        "angle_x": 0.27517348527908325,
        "angle_y": 0.18409369885921478,
        "near": 0.0010000000474974513,
        "far": 100.0,
        "project_mat": [
            [
                7.222221894264957,
                0,
                0,
                0
            ],
            [
                0,
                7.222221894264957,
                0,
                0
            ],
            [
                0,
                0,
                -1.000020000200952,
                -0.0020000200951968044
            ],
            [
                0,
                0,
                -1,
                0
            ]
        ]
    }
}