{
    "camera": {
        "location": [
            -54.19440841674805,
            -10.259138107299805,
            13.540000915527344
        ],
        "view_vector": [
            0.9827407598495483,
            0.15262511372566223,
            -0.10452841967344284
        ],
        "world": [
            [
                0.15346580743789673,
                0.10329017043113708,
                -0.9827407598495483,
                -54.19440841674805
            ],
            [
                0.0,
                0.9945219159126282,
                0.10452841967344284,
                13.540000915527344
            ],
            [
                0.9881539344787598,
                -0.01604153774678707,
                0.15262511372566223,
                10.259138107299805
            ],
            [
                0.0,
                0.0,
                0.0,
                1.0
            ]
        ],
        "flocal_length": 130.0,
        "film_x": 36.0,
        "film_y": 36.0,
        "angle_x": 0.27517348527908325,
        "angle_y": 0.18409369885921478,
        "near": 0.0010000000474974513,
        "far": 100.0,
        "project_mat": [
            [
                7.222221894264957,
                0,
                0,
                0
            ],
            [
                0,
                7.222221894264957,
                0,
                0
            ],
            [
                0,
                0,
                -1.000020000200952,
                -0.0020000200951968044
            ],
            [
                0,
                0,
                -1,
                0
            ]
        ]
    }
}