{
    "camera": {
        "location": [
            69.6838607788086,
            11.911786079406738,
            13.540000915527344
        ],
        "view_vector": [
            -0.9746735095977783,
            -0.1977001279592514,
            -0.10452841967344284
        ],
        "world": [
            [
                -0.1987891048192978,
                -0.10244227200746536,
                0.9746735095977783,
                69.6838607788086
            ],
            [
                0.0,
                0.9945219159126282,
                0.10452841967344284,
                13.540000915527344
            ],
            [
                -0.9800422787666321,
                0.020779110491275787,
                -0.1977001279592514,
                -11.911786079406738
            ],
            [
                0.0,
                0.0,
                0.0,
                1.0
            ]
        ],
        "flocal_length": 130.0,
        "film_x": 36.0,
        "film_y": 36.0,
        "angle_x": 0.27517348527908325,
        "angle_y": 0.18409369885921478,
        "near": 0.0010000000474974513,
        "far": 100.0,
        "project_mat": [
            [
                7.222221894264957,
                0,
                0,
                0
            ],
            [
                0,
                7.222221894264957,
                0,
                0
            ],
            [
                0,
                0,
                -1.000020000200952,
                -0.0020000200951968044
            ],
            [
                0,
                0,
                -1,
                0
            ]
        ]
    }
}