{
    "camera": {
        "location": [
            -48.89923858642578,
            -27.505760192871094,
            13.540000915527344
        ],
        "view_vector": [
            0.899071216583252,
            0.425140917301178,
            -0.10452841967344284
        ],
        "world": [
            [
                0.4274826943874359,
                0.09449615329504013,
                -0.899071216583252,
                -48.89923858642578
            ],
            [
                0.0,
                0.9945219159126282,
                0.10452841967344284,
                13.540000915527344
            ],
            [
                0.9040235280990601,
                -0.044684089720249176,
                0.425140917301178,
                27.505760192871094
            ],
            [
                0.0,
                0.0,
                0.0,
                1.0
            ]
        ],
        "flocal_length": 130.0,
        "film_x": 36.0,
        "film_y": 36.0,
        "angle_x": 0.27517348527908325,
        "angle_y": 0.18409369885921478,
        "near": 0.0010000000474974513,
        "far": 100.0,
        "project_mat": [
            [
                7.222221894264957,
                0,
                0,
                0
            ],
            [
                0,
                7.222221894264957,
                0,
                0
            ],
            [
                0,
                0,
                -1.000020000200952,
                -0.0020000200951968044
            ],
            [
                0,
                0,
                -1,
                0
            ]
        ]
    }
}