{
    "camera": {
        "location": [
            -42.89137649536133,
            -37.633914947509766,
            13.540000915527344
        ],
        "view_vector": [
            0.8041403293609619,
            0.5851770639419556,
            -0.10452841967344284
        ],
        "world": [
            [
                0.5884003639221191,
                0.08451851457357407,
                -0.8041403293609619,
                -42.89137649536133
            ],
            [
                0.0,
                0.9945219159126282,
                0.10452841967344284,
                13.540000915527344
            ],
            [
                0.8085697293281555,
                -0.061504561454057693,
                0.5851770639419556,
                37.633914947509766
            ],
            [
                0.0,
                0.0,
                0.0,
                1.0
            ]
        ],
        "flocal_length": 130.0,
        "film_x": 36.0,
        "film_y": 36.0,
        "angle_x": 0.27517348527908325,
        "angle_y": 0.18409369885921478,
        "near": 0.0010000000474974513,
        "far": 100.0,
        "project_mat": [
            [
                7.222221894264957,
                0,
                0,
                0
            ],
            [
                0,
                7.222221894264957,
                0,
                0
            ],
            [
                0,
                0,
                -1.000020000200952,
                -0.0020000200951968044
            ],
            [
                0,
                0,
                -1,
                0
            ]
        ]
    }
}