{
    "camera": {
        "location": [
            -50.111328125,
            -24.77678108215332,
            13.540000915527344
        ],
        "view_vector": [
            0.9182235598564148,
            0.3820200264453888,
            -0.10452841967344284
        ],
        "world": [
            [
                0.3841242790222168,
                0.09650914371013641,
                -0.9182235598564148,
                -50.111328125
            ],
            [
                0.0,
                0.9945219159126282,
                0.10452841967344284,
                13.540000915527344
            ],
            [
                0.9232813715934753,
                -0.04015190526843071,
                0.3820200264453888,
                24.77678108215332
            ],
            [
                0.0,
                0.0,
                0.0,
                1.0
            ]
        ],
        "flocal_length": 130.0,
        "film_x": 36.0,
        "film_y": 36.0,
        "angle_x": 0.27517348527908325,
        "angle_y": 0.18409369885921478,
        "near": 0.0010000000474974513,
        "far": 100.0,
        "project_mat": [
            [
                7.222221894264957,
                0,
                0,
                0
            ],
            [
                0,
                7.222221894264957,
                0,
                0
            ],
            [
                0,
                0,
                -1.000020000200952,
                -0.0020000200951968044
            ],
            [
                0,
                0,
                -1,
                0
            ]
        ]
    }
}