{
    "camera": {
        "location": [
            62.12460708618164,
            31.524293899536133,
            13.540000915527344
        ],
        "view_vector": [
            -0.8552289605140686,
            -0.5075995326042175,
            -0.10452841967344284
        ],
        "world": [
            [
                -0.5103955268859863,
                -0.08988814055919647,
                0.8552289605140686,
                62.12460708618164
            ],
            [
                0.0,
                0.9945219159126282,
                0.10452841967344284,
                13.540000915527344
            ],
            [
                -0.8599397540092468,
                0.05335083603858948,
                -0.5075995326042175,
                -31.524293899536133
            ],
            [
                0.0,
                0.0,
                0.0,
                1.0
            ]
        ],
        "flocal_length": 130.0,
        "film_x": 36.0,
        "film_y": 36.0,
        "angle_x": 0.27517348527908325,
        "angle_y": 0.18409369885921478,
        "near": 0.0010000000474974513,
        "far": 100.0,
        "project_mat": [
            [
                7.222221894264957,
                0,
                0,
                0
            ],
            [
                0,
                7.222221894264957,
                0,
                0
            ],
            [
                0,
                0,
                -1.000020000200952,
                -0.0020000200951968044
            ],
            [
                0,
                0,
                -1,
                0
            ]
        ]
    }
}