{
    "camera": {
        "location": [
            -1.8040151596069336,
            61.571739196777344,
            13.540000915527344
        ],
        "view_vector": [
            0.15491431951522827,
            -0.9823825359344482,
            -0.10452841967344284
        ],
        "world": [
            [
                -0.9877937436103821,
                0.01628214493393898,
                -0.15491431951522827,
                -1.8040151596069336
            ],
            [
                0.0,
                0.9945219159126282,
                0.10452841967344284,
                13.540000915527344
            ],
            [
                0.15576763451099396,
                0.10325252264738083,
                -0.9823825359344482,
                -61.571739196777344
            ],
            [
                0.0,
                0.0,
                0.0,
                1.0
            ]
        ],
        "flocal_length": 130.0,
        "film_x": 36.0,
        "film_y": 36.0,
        "angle_x": 0.27517348527908325,
        "angle_y": 0.18409369885921478,
        "near": 0.0010000000474974513,
        "far": 100.0,
        "project_mat": [
            [
                7.222221894264957,
                0,
                0,
                0
            ],
            [
                0,
                7.222221894264957,
                0,
                0
            ],
            [
                0,
                0,
                -1.000020000200952,
                -0.0020000200951968044
            ],
            [
                0,
                0,
                -1,
                0
            ]
        ]
    }
}