{
    "camera": {
        "location": [
            -46.631107330322266,
            -31.85517120361328,
            13.540000915527344
        ],
        "view_vector": [
            0.8632321953773499,
            0.4938664138317108,
            -0.10452841967344284
        ],
        "world": [
            [
                0.49658676981925964,
                0.09072931855916977,
                -0.8632321953773499,
                -46.631107330322266
            ],
            [
                0.0,
                0.9945219159126282,
                0.10452841967344284,
                13.540000915527344
            ],
            [
                0.8679870963096619,
                -0.051907431334257126,
                0.4938664138317108,
                31.85517120361328
            ],
            [
                0.0,
                0.0,
                0.0,
                1.0
            ]
        ],
        "flocal_length": 130.0,
        "film_x": 36.0,
        "film_y": 36.0,
        "angle_x": 0.27517348527908325,
        "angle_y": 0.18409369885921478,
        "near": 0.0010000000474974513,
        "far": 100.0,
        "project_mat": [
            [
                7.222221894264957,
                0,
                0,
                0
            ],
            [
                0,
                7.222221894264957,
                0,
                0
            ],
            [
                0,
                0,
                -1.000020000200952,
                -0.0020000200951968044
            ],
            [
                0,
                0,
                -1,
                0
            ]
        ]
    }
}