{
    "camera": {
        "location": [
            -41.522727966308594,
            -39.44511413574219,
            13.540000915527344
        ],
        "view_vector": [
            0.7825140953063965,
            0.6137959957122803,
            -0.10452841967344284
        ],
        "world": [
            [
                0.6171769499778748,
                0.08224551379680634,
                -0.7825140953063965,
                -41.522727966308594
            ],
            [
                0.0,
                0.9945219159126282,
                0.10452841967344284,
                13.540000915527344
            ],
            [
                0.7868244051933289,
                -0.06451252847909927,
                0.6137959957122803,
                39.44511413574219
            ],
            [
                0.0,
                0.0,
                0.0,
                1.0
            ]
        ],
        "flocal_length": 130.0,
        "film_x": 36.0,
        "film_y": 36.0,
        "angle_x": 0.27517348527908325,
        "angle_y": 0.18409369885921478,
        "near": 0.0010000000474974513,
        "far": 100.0,
        "project_mat": [
            [
                7.222221894264957,
                0,
                0,
                0
            ],
            [
                0,
                7.222221894264957,
                0,
                0
            ],
            [
                0,
                0,
                -1.000020000200952,
                -0.0020000200951968044
            ],
            [
                0,
                0,
                -1,
                0
            ]
        ]
    }
}