{
    "camera": {
        "location": [
            -54.59129333496094,
            6.01613187789917,
            13.540000915527344
        ],
        "view_vector": [
            0.9890120029449463,
            -0.10454223304986954,
            -0.10452841967344284
        ],
        "world": [
            [
                -0.10511808097362518,
                0.10394930839538574,
                -0.9890120029449463,
                -54.59129333496094
            ],
            [
                0.0,
                0.9945219159126282,
                0.10452841967344284,
                13.540000915527344
            ],
            [
                0.9944597482681274,
                0.010987826623022556,
                -0.10454223304986954,
                -6.01613187789917
            ],
            [
                0.0,
                0.0,
                0.0,
                1.0
            ]
        ],
        "flocal_length": 130.0,
        "film_x": 36.0,
        "film_y": 36.0,
        "angle_x": 0.27517348527908325,
        "angle_y": 0.18409369885921478,
        "near": 0.0010000000474974513,
        "far": 100.0,
        "project_mat": [
            [
                7.222221894264957,
                0,
                0,
                0
            ],
            [
                0,
                7.222221894264957,
                0,
                0
            ],
            [
                0,
                0,
                -1.000020000200952,
                -0.0020000200951968044
            ],
            [
                0,
                0,
                -1,
                0
            ]
        ]
    }
}