{
    "camera": {
        "location": [
            -11.792224884033203,
            59.14706039428711,
            13.540000915527344
        ],
        "view_vector": [
            0.31273916363716125,
            -0.9440699219703674,
            -0.10452841967344284
        ],
        "world": [
            [
                -0.9492701292037964,
                0.03287019580602646,
                -0.31273916363716125,
                -11.792224884033203
            ],
            [
                0.0,
                0.9945219159126282,
                0.10452841967344284,
                13.540000915527344
            ],
            [
                0.3144617974758148,
                0.09922570735216141,
                -0.9440699219703674,
                -59.14706039428711
            ],
            [
                0.0,
                0.0,
                0.0,
                1.0
            ]
        ],
        "flocal_length": 130.0,
        "film_x": 36.0,
        "film_y": 36.0,
        "angle_x": 0.27517348527908325,
        "angle_y": 0.18409369885921478,
        "near": 0.0010000000474974513,
        "far": 100.0,
        "project_mat": [
            [
                7.222221894264957,
                0,
                0,
                0
            ],
            [
                0,
                7.222221894264957,
                0,
                0
            ],
            [
                0,
                0,
                -1.000020000200952,
                -0.0020000200951968044
            ],
            [
                0,
                0,
                -1,
                0
            ]
        ]
    }
}