{
    "camera": {
        "location": [
            46.13869094848633,
            -50.66878890991211,
            13.540000915527344
        ],
        "view_vector": [
            -0.6026337146759033,
            0.7911425232887268,
            -0.10452841967344284
        ],
        "world": [
            [
                0.7955003380775452,
                -0.06333932280540466,
                0.6026337146759033,
                46.13869094848633
            ],
            [
                0.0,
                0.9945219159126282,
                0.10452841967344284,
                13.540000915527344
            ],
            [
                -0.6059531569480896,
                -0.0831523910164833,
                0.7911425232887268,
                50.66878890991211
            ],
            [
                0.0,
                0.0,
                0.0,
                1.0
            ]
        ],
        "flocal_length": 130.0,
        "film_x": 36.0,
        "film_y": 36.0,
        "angle_x": 0.27517348527908325,
        "angle_y": 0.18409369885921478,
        "near": 0.0010000000474974513,
        "far": 100.0,
        "project_mat": [
            [
                7.222221894264957,
                0,
                0,
                0
            ],
            [
                0,
                7.222221894264957,
                0,
                0
            ],
            [
                0,
                0,
                -1.000020000200952,
                -0.0020000200951968044
            ],
            [
                0,
                0,
                -1,
                0
            ]
        ]
    }
}