{
    "camera": {
        "location": [
            49.3697509765625,
            46.83403015136719,
            13.540000915527344
        ],
        "view_vector": [
            -0.6536880731582642,
            -0.7495103478431702,
            -0.10452841967344284
        ],
        "world": [
            [
                -0.7536388635635376,
                -0.06870535016059875,
                0.6536880731582642,
                49.3697509765625
            ],
            [
                0.0,
                0.9945219159126282,
                0.10452841967344284,
                13.540000915527344
            ],
            [
                -0.6572887301445007,
                0.07877667993307114,
                -0.7495103478431702,
                -46.83403015136719
            ],
            [
                0.0,
                0.0,
                0.0,
                1.0
            ]
        ],
        "flocal_length": 130.0,
        "film_x": 36.0,
        "film_y": 36.0,
        "angle_x": 0.27517348527908325,
        "angle_y": 0.18409369885921478,
        "near": 0.0010000000474974513,
        "far": 100.0,
        "project_mat": [
            [
                7.222221894264957,
                0,
                0,
                0
            ],
            [
                0,
                7.222221894264957,
                0,
                0
            ],
            [
                0,
                0,
                -1.000020000200952,
                -0.0020000200951968044
            ],
            [
                0,
                0,
                -1,
                0
            ]
        ]
    }
}