{
    "camera": {
        "location": [
            -44.51704788208008,
            -35.290096282958984,
            13.540000915527344
        ],
        "view_vector": [
            0.8298277258872986,
            0.5481420755386353,
            -0.10452841967344284
        ],
        "world": [
            [
                0.5511614084243774,
                0.08721836656332016,
                -0.8298277258872986,
                -44.51704788208008
            ],
            [
                0.0,
                0.9945219159126282,
                0.10452841967344284,
                13.540000915527344
            ],
            [
                0.834398627281189,
                -0.05761203169822693,
                0.5481420755386353,
                35.290096282958984
            ],
            [
                0.0,
                0.0,
                0.0,
                1.0
            ]
        ],
        "flocal_length": 130.0,
        "film_x": 36.0,
        "film_y": 36.0,
        "angle_x": 0.27517348527908325,
        "angle_y": 0.18409369885921478,
        "near": 0.0010000000474974513,
        "far": 100.0,
        "project_mat": [
            [
                7.222221894264957,
                0,
                0,
                0
            ],
            [
                0,
                7.222221894264957,
                0,
                0
            ],
            [
                0,
                0,
                -1.000020000200952,
                -0.0020000200951968044
            ],
            [
                0,
                0,
                -1,
                0
            ]
        ]
    }
}