{
    "camera": {
        "location": [
            -54.774864196777344,
            -5.156294822692871,
            13.540000915527344
        ],
        "view_vector": [
            0.9919126033782959,
            0.07199452072381973,
            -0.10452841967344284
        ],
        "world": [
            [
                0.0723910853266716,
                0.10425417125225067,
                -0.9919126033782959,
                -54.774864196777344
            ],
            [
                0.0,
                0.9945219159126282,
                0.10452841967344284,
                13.540000915527344
            ],
            [
                0.9973763227462769,
                -0.0075669256038963795,
                0.07199452072381973,
                5.156294822692871
            ],
            [
                0.0,
                0.0,
                0.0,
                1.0
            ]
        ],
        "flocal_length": 130.0,
        "film_x": 36.0,
        "film_y": 36.0,
        "angle_x": 0.27517348527908325,
        "angle_y": 0.18409369885921478,
        "near": 0.0010000000474974513,
        "far": 100.0,
        "project_mat": [
            [
                7.222221894264957,
                0,
                0,
                0
            ],
            [
                0,
                7.222221894264957,
                0,
                0
            ],
            [
                0,
                0,
                -1.000020000200952,
                -0.0020000200951968044
            ],
            [
                0,
                0,
                -1,
                0
            ]
        ]
    }
}