{
    "camera": {
        "location": [
            57.98838424682617,
            37.644020080566406,
            13.540000915527344
        ],
        "view_vector": [
            -0.7898719906806946,
            -0.6042979955673218,
            -0.10452841967344284
        ],
        "world": [
            [
                -0.6076266169548035,
                -0.08301885426044464,
                0.7898719906806946,
                57.98838424682617
            ],
            [
                0.0,
                0.9945219159126282,
                0.10452841967344284,
                13.540000915527344
            ],
            [
                -0.7942228317260742,
                0.06351424753665924,
                -0.6042979955673218,
                -37.644020080566406
            ],
            [
                0.0,
                0.0,
                0.0,
                1.0
            ]
        ],
        "flocal_length": 130.0,
        "film_x": 36.0,
        "film_y": 36.0,
        "angle_x": 0.27517348527908325,
        "angle_y": 0.18409369885921478,
        "near": 0.0010000000474974513,
        "far": 100.0,
        "project_mat": [
            [
                7.222221894264957,
                0,
                0,
                0
            ],
            [
                0,
                7.222221894264957,
                0,
                0
            ],
            [
                0,
                0,
                -1.000020000200952,
                -0.0020000200951968044
            ],
            [
                0,
                0,
                -1,
                0
            ]
        ]
    }
}