{
    "camera": {
        "location": [
            26.046907424926758,
            -60.89720153808594,
            13.540000915527344
        ],
        "view_vector": [
            -0.28516119718551636,
            0.9527627825737,
            -0.10452841967344284
        ],
        "world": [
            [
                0.9580108523368835,
                -0.029971634969115257,
                0.28516119718551636,
                26.046907424926758
            ],
            [
                0.0,
                0.9945219159126282,
                0.10452841967344284,
                13.540000915527344
            ],
            [
                -0.28673192858695984,
                -0.10013935714960098,
                0.9527627825737,
                60.89720153808594
            ],
            [
                0.0,
                0.0,
                0.0,
                1.0
            ]
        ],
        "flocal_length": 130.0,
        "film_x": 36.0,
        "film_y": 36.0,
        "angle_x": 0.27517348527908325,
        "angle_y": 0.18409369885921478,
        "near": 0.0010000000474974513,
        "far": 100.0,
        "project_mat": [
            [
                7.222221894264957,
                0,
                0,
                0
            ],
            [
                0,
                7.222221894264957,
                0,
                0
            ],
            [
                0,
                0,
                -1.000020000200952,
                -0.0020000200951968044
            ],
            [
                0,
                0,
                -1,
                0
            ]
        ]
    }
}