{
    "camera": {
        "location": [
            15.668577194213867,
            -63.071083068847656,
            13.540000915527344
        ],
        "view_vector": [
            -0.12117204070091248,
            0.9871125817298889,
            -0.10452841967344284
        ],
        "world": [
            [
                0.9925498366355896,
                -0.01273568905889988,
                0.12117204070091248,
                15.668577194213867
            ],
            [
                0.0,
                0.9945219159126282,
                0.10452841967344284,
                13.540000915527344
            ],
            [
                -0.1218394860625267,
                -0.10374966263771057,
                0.9871125817298889,
                63.071083068847656
            ],
            [
                0.0,
                0.0,
                0.0,
                1.0
            ]
        ],
        "flocal_length": 130.0,
        "film_x": 36.0,
        "film_y": 36.0,
        "angle_x": 0.27517348527908325,
        "angle_y": 0.18409369885921478,
        "near": 0.0010000000474974513,
        "far": 100.0,
        "project_mat": [
            [
                7.222221894264957,
                0,
                0,
                0
            ],
            [
                0,
                7.222221894264957,
                0,
                0
            ],
            [
                0,
                0,
                -1.000020000200952,
                -0.0020000200951968044
            ],
            [
                0,
                0,
                -1,
                0
            ]
        ]
    }
}