{
    "camera": {
        "location": [
            -22.978914260864258,
            -55.38822937011719,
            13.540000915527344
        ],
        "view_vector": [
            0.4895012676715851,
            0.8657149076461792,
            -0.10452841967344284
        ],
        "world": [
            [
                0.8704835176467896,
                0.05144863575696945,
                -0.4895012676715851,
                -22.978914260864258
            ],
            [
                0.0,
                0.9945219159126282,
                0.10452841967344284,
                13.540000915527344
            ],
            [
                0.49219757318496704,
                -0.09099026769399643,
                0.8657149076461792,
                55.38822937011719
            ],
            [
                0.0,
                0.0,
                0.0,
                1.0
            ]
        ],
        "flocal_length": 130.0,
        "film_x": 36.0,
        "film_y": 36.0,
        "angle_x": 0.27517348527908325,
        "angle_y": 0.18409369885921478,
        "near": 0.0010000000474974513,
        "far": 100.0,
        "project_mat": [
            [
                7.222221894264957,
                0,
                0,
                0
            ],
            [
                0,
                7.222221894264957,
                0,
                0
            ],
            [
                0,
                0,
                -1.000020000200952,
                -0.0020000200951968044
            ],
            [
                0,
                0,
                -1,
                0
            ]
        ]
    }
}