{
    "camera": {
        "location": [
            67.57196807861328,
            19.71314811706543,
            13.540000915527344
        ],
        "view_vector": [
            -0.9413033127784729,
            -0.3209703266620636,
            -0.10452841967344284
        ],
        "world": [
            [
                -0.32273831963539124,
                -0.09893491864204407,
                0.9413033127784729,
                67.57196807861328
            ],
            [
                0.0,
                0.9945219159126282,
                0.10452841967344284,
                13.540000915527344
            ],
            [
                -0.9464882612228394,
                0.033735327422618866,
                -0.3209703266620636,
                -19.71314811706543
            ],
            [
                0.0,
                0.0,
                0.0,
                1.0
            ]
        ],
        "flocal_length": 130.0,
        "film_x": 36.0,
        "film_y": 36.0,
        "angle_x": 0.27517348527908325,
        "angle_y": 0.18409369885921478,
        "near": 0.0010000000474974513,
        "far": 100.0,
        "project_mat": [
            [
                7.222221894264957,
                0,
                0,
                0
            ],
            [
                0,
                7.222221894264957,
                0,
                0
            ],
            [
                0,
                0,
                -1.000020000200952,
                -0.0020000200951968044
            ],
            [
                0,
                0,
                -1,
                0
            ]
        ]
    }
}