{
    "camera": {
        "location": [
            -33.899742126464844,
            46.36653137207031,
            13.540000915527344
        ],
        "view_vector": [
            0.6620625257492065,
            -0.7421233654022217,
            -0.10452841967344284
        ],
        "world": [
            [
                -0.7462111711502075,
                0.06958553940057755,
                -0.6620625257492065,
                -33.899742126464844
            ],
            [
                0.0,
                0.9945219159126282,
                0.10452841967344284,
                13.540000915527344
            ],
            [
                0.6657093167304993,
                0.0780002772808075,
                -0.7421233654022217,
                -46.36653137207031
            ],
            [
                0.0,
                0.0,
                0.0,
                1.0
            ]
        ],
        "flocal_length": 130.0,
        "film_x": 36.0,
        "film_y": 36.0,
        "angle_x": 0.27517348527908325,
        "angle_y": 0.18409369885921478,
        "near": 0.0010000000474974513,
        "far": 100.0,
        "project_mat": [
            [
                7.222221894264957,
                0,
                0,
                0
            ],
            [
                0,
                7.222221894264957,
                0,
                0
            ],
            [
                0,
                0,
                -1.000020000200952,
                -0.0020000200951968044
            ],
            [
                0,
                0,
                -1,
                0
            ]
        ]
    }
}