{
    "camera": {
        "location": [
            -46.94171905517578,
            30.105873107910156,
            13.540000915527344
        ],
        "view_vector": [
            0.8681402206420898,
            -0.48518693447113037,
            -0.10452841967344284
        ],
        "world": [
            [
                -0.48785945773124695,
                0.09124517440795898,
                -0.8681402206420898,
                -46.94171905517578
            ],
            [
                0.0,
                0.9945219159126282,
                0.10452841967344284,
                13.540000915527344
            ],
            [
                0.8729221820831299,
                0.050995178520679474,
                -0.48518693447113037,
                -30.105873107910156
            ],
            [
                0.0,
                0.0,
                0.0,
                1.0
            ]
        ],
        "flocal_length": 130.0,
        "film_x": 36.0,
        "film_y": 36.0,
        "angle_x": 0.27517348527908325,
        "angle_y": 0.18409369885921478,
        "near": 0.0010000000474974513,
        "far": 100.0,
        "project_mat": [
            [
                7.222221894264957,
                0,
                0,
                0
            ],
            [
                0,
                7.222221894264957,
                0,
                0
            ],
            [
                0,
                0,
                -1.000020000200952,
                -0.0020000200951968044
            ],
            [
                0,
                0,
                -1,
                0
            ]
        ]
    }
}