{
    "camera": {
        "location": [
            46.21784973144531,
            -50.60839080810547,
            13.540000915527344
        ],
        "view_vector": [
            -0.6038845181465149,
            0.7901881337165833,
            -0.10452841967344284
        ],
        "world": [
            [
                0.7945407032966614,
                -0.06347079575061798,
                0.6038845181465149,
                46.21784973144531
            ],
            [
                0.0,
                0.9945219159126282,
                0.10452841967344284,
                13.540000915527344
            ],
            [
                -0.6072108745574951,
                -0.08305208384990692,
                0.7901881337165833,
                50.60839080810547
            ],
            [
                0.0,
                0.0,
                0.0,
                1.0
            ]
        ],
        "flocal_length": 130.0,
        "film_x": 36.0,
        "film_y": 36.0,
        "angle_x": 0.27517348527908325,
        "angle_y": 0.18409369885921478,
        "near": 0.0010000000474974513,
        "far": 100.0,
        "project_mat": [
            [
                7.222221894264957,
                0,
                0,
                0
            ],
            [
                0,
                7.222221894264957,
                0,
                0
            ],
            [
                0,
                0,
                -1.000020000200952,
                -0.0020000200951968044
            ],
            [
                0,
                0,
                -1,
                0
            ]
        ]
    }
}