{
    "camera": {
        "location": [
            -4.2930192947387695,
            -62.32783126831055,
            13.540000915527344
        ],
        "view_vector": [
            0.19424335658550262,
            0.975368320941925,
            -0.10452841967344284
        ],
        "world": [
            [
                0.9807409048080444,
                0.020415790379047394,
                -0.19424335658550262,
                -4.2930192947387695
            ],
            [
                0.0,
                0.9945219159126282,
                0.10452841967344284,
                13.540000915527344
            ],
            [
                0.19531330466270447,
                -0.10251529514789581,
                0.975368320941925,
                62.32783126831055
            ],
            [
                0.0,
                0.0,
                0.0,
                1.0
            ]
        ],
        "flocal_length": 130.0,
        "film_x": 36.0,
        "film_y": 36.0,
        "angle_x": 0.27517348527908325,
        "angle_y": 0.18409369885921478,
        "near": 0.0010000000474974513,
        "far": 100.0,
        "project_mat": [
            [
                7.222221894264957,
                0,
                0,
                0
            ],
            [
                0,
                7.222221894264957,
                0,
                0
            ],
            [
                0,
                0,
                -1.000020000200952,
                -0.0020000200951968044
            ],
            [
                0,
                0,
                -1,
                0
            ]
        ]
    }
}