{
    "camera": {
        "location": [
            7.0158209800720215,
            62.332305908203125,
            13.540000915527344
        ],
        "view_vector": [
            0.015551125630736351,
            -0.9944003224372864,
            -0.10452841967344284
        ],
        "world": [
            [
                -0.9998777508735657,
                0.001634488464333117,
                -0.015551125630736351,
                7.0158209800720215
            ],
            [
                0.0,
                0.9945219159126282,
                0.10452841967344284,
                13.540000915527344
            ],
            [
                0.015636784955859184,
                0.10451564192771912,
                -0.9944003224372864,
                -62.332305908203125
            ],
            [
                0.0,
                0.0,
                0.0,
                1.0
            ]
        ],
        "flocal_length": 130.0,
        "film_x": 36.0,
        "film_y": 36.0,
        "angle_x": 0.27517348527908325,
        "angle_y": 0.18409369885921478,
        "near": 0.0010000000474974513,
        "far": 100.0,
        "project_mat": [
            [
                7.222221894264957,
                0,
                0,
                0
            ],
            [
                0,
                7.222221894264957,
                0,
                0
            ],
            [
                0,
                0,
                -1.000020000200952,
                -0.0020000200951968044
            ],
            [
                0,
                0,
                -1,
                0
            ]
        ]
    }
}