{
    "camera": {
        "location": [
            54.96290588378906,
            -42.50379943847656,
            13.540000915527344
        ],
        "view_vector": [
            -0.7420660853385925,
            0.6621266603469849,
            -0.10452841967344284
        ],
        "world": [
            [
                0.6657738089561462,
                -0.07799425721168518,
                0.7420660853385925,
                54.96290588378906
            ],
            [
                0.0,
                0.9945219159126282,
                0.10452841967344284,
                13.540000915527344
            ],
            [
                -0.7461535930633545,
                -0.06959228217601776,
                0.6621266603469849,
                42.50379943847656
            ],
            [
                0.0,
                0.0,
                0.0,
                1.0
            ]
        ],
        "flocal_length": 130.0,
        "film_x": 36.0,
        "film_y": 36.0,
        "angle_x": 0.27517348527908325,
        "angle_y": 0.18409369885921478,
        "near": 0.0010000000474974513,
        "far": 100.0,
        "project_mat": [
            [
                7.222221894264957,
                0,
                0,
                0
            ],
            [
                0,
                7.222221894264957,
                0,
                0
            ],
            [
                0,
                0,
                -1.000020000200952,
                -0.0020000200951968044
            ],
            [
                0,
                0,
                -1,
                0
            ]
        ]
    }
}