{
    "camera": {
        "location": [
            28.747665405273438,
            -60.022029876708984,
            13.540000915527344
        ],
        "view_vector": [
            -0.32783615589141846,
            0.9389341473579407,
            -0.10452841967344284
        ],
        "world": [
            [
                0.9441060423851013,
                -0.03445695340633392,
                0.32783615589141846,
                28.747665405273438
            ],
            [
                0.0,
                0.9945219159126282,
                0.10452841967344284,
                13.540000915527344
            ],
            [
                -0.3296419680118561,
                -0.09868591278791428,
                0.9389341473579407,
                60.022029876708984
            ],
            [
                0.0,
                0.0,
                0.0,
                1.0
            ]
        ],
        "flocal_length": 130.0,
        "film_x": 36.0,
        "film_y": 36.0,
        "angle_x": 0.27517348527908325,
        "angle_y": 0.18409369885921478,
        "near": 0.0010000000474974513,
        "far": 100.0,
        "project_mat": [
            [
                7.222221894264957,
                0,
                0,
                0
            ],
            [
                0,
                7.222221894264957,
                0,
                0
            ],
            [
                0,
                0,
                -1.000020000200952,
                -0.0020000200951968044
            ],
            [
                0,
                0,
                -1,
                0
            ]
        ]
    }
}