{
    "camera": {
        "location": [
            65.15518951416016,
            25.7576847076416,
            13.540000915527344
        ],
        "view_vector": [
            -0.9031155109405518,
            -0.41648069024086,
            -0.10452841967344284
        ],
        "world": [
            [
                -0.4187747836112976,
                -0.09492122381925583,
                0.9031155109405518,
                65.15518951416016
            ],
            [
                0.0,
                0.9945219159126282,
                0.10452841967344284,
                13.540000915527344
            ],
            [
                -0.9080901145935059,
                0.043773867189884186,
                -0.41648069024086,
                -25.7576847076416
            ],
            [
                0.0,
                0.0,
                0.0,
                1.0
            ]
        ],
        "flocal_length": 130.0,
        "film_x": 36.0,
        "film_y": 36.0,
        "angle_x": 0.27517348527908325,
        "angle_y": 0.18409369885921478,
        "near": 0.0010000000474974513,
        "far": 100.0,
        "project_mat": [
            [
                7.222221894264957,
                0,
                0,
                0
            ],
            [
                0,
                7.222221894264957,
                0,
                0
            ],
            [
                0,
                0,
                -1.000020000200952,
                -0.0020000200951968044
            ],
            [
                0,
                0,
                -1,
                0
            ]
        ]
    }
}