{
    "camera": {
        "location": [
            -49.83911895751953,
            -25.420957565307617,
            13.540000915527344
        ],
        "view_vector": [
            0.9139223098754883,
            0.39219868183135986,
            -0.10452841967344284
        ],
        "world": [
            [
                0.3943590223789215,
                0.09605706483125687,
                -0.9139223098754883,
                -49.83911895751953
            ],
            [
                0.0,
                0.9945219159126282,
                0.10452841967344284,
                13.540000915527344
            ],
            [
                0.918956458568573,
                -0.041221726685762405,
                0.39219868183135986,
                25.420957565307617
            ],
            [
                0.0,
                0.0,
                0.0,
                1.0
            ]
        ],
        "flocal_length": 130.0,
        "film_x": 36.0,
        "film_y": 36.0,
        "angle_x": 0.27517348527908325,
        "angle_y": 0.18409369885921478,
        "near": 0.0010000000474974513,
        "far": 100.0,
        "project_mat": [
            [
                7.222221894264957,
                0,
                0,
                0
            ],
            [
                0,
                7.222221894264957,
                0,
                0
            ],
            [
                0,
                0,
                -1.000020000200952,
                -0.0020000200951968044
            ],
            [
                0,
                0,
                -1,
                0
            ]
        ]
    }
}