{
    "camera": {
        "location": [
            -35.981624603271484,
            44.422882080078125,
            13.540000915527344
        ],
        "view_vector": [
            0.6949585676193237,
            -0.7114115357398987,
            -0.10452841967344284
        ],
        "world": [
            [
                -0.715330183506012,
                0.07304305583238602,
                -0.6949585676193237,
                -35.981624603271484
            ],
            [
                0.0,
                0.9945219159126282,
                0.10452841967344284,
                13.540000915527344
            ],
            [
                0.6987865567207336,
                0.07477233558893204,
                -0.7114115357398987,
                -44.422882080078125
            ],
            [
                0.0,
                0.0,
                0.0,
                1.0
            ]
        ],
        "flocal_length": 130.0,
        "film_x": 36.0,
        "film_y": 36.0,
        "angle_x": 0.27517348527908325,
        "angle_y": 0.18409369885921478,
        "near": 0.0010000000474974513,
        "far": 100.0,
        "project_mat": [
            [
                7.222221894264957,
                0,
                0,
                0
            ],
            [
                0,
                7.222221894264957,
                0,
                0
            ],
            [
                0,
                0,
                -1.000020000200952,
                -0.0020000200951968044
            ],
            [
                0,
                0,
                -1,
                0
            ]
        ]
    }
}