{
    "camera": {
        "location": [
            61.57635498046875,
            32.4305534362793,
            13.540000915527344
        ],
        "view_vector": [
            -0.8465659618377686,
            -0.5219194293022156,
            -0.10452841967344284
        ],
        "world": [
            [
                -0.5247942805290222,
                -0.0889776274561882,
                0.8465659618377686,
                61.57635498046875
            ],
            [
                0.0,
                0.9945219159126282,
                0.10452841967344284,
                13.540000915527344
            ],
            [
                -0.8512290716171265,
                0.054855916649103165,
                -0.5219194293022156,
                -32.4305534362793
            ],
            [
                0.0,
                0.0,
                0.0,
                1.0
            ]
        ],
        "flocal_length": 130.0,
        "film_x": 36.0,
        "film_y": 36.0,
        "angle_x": 0.27517348527908325,
        "angle_y": 0.18409369885921478,
        "near": 0.0010000000474974513,
        "far": 100.0,
        "project_mat": [
            [
                7.222221894264957,
                0,
                0,
                0
            ],
            [
                0,
                7.222221894264957,
                0,
                0
            ],
            [
                0,
                0,
                -1.000020000200952,
                -0.0020000200951968044
            ],
            [
                0,
                0,
                -1,
                0
            ]
        ]
    }
}