{
    "camera": {
        "location": [
            33.904998779296875,
            -57.96178436279297,
            13.540000915527344
        ],
        "view_vector": [
            -0.40932777523994446,
            0.9063799381256104,
            -0.10452841967344284
        ],
        "world": [
            [
                0.9113725423812866,
                -0.04302206635475159,
                0.40932777523994446,
                33.904998779296875
            ],
            [
                0.0,
                0.9945219159126282,
                0.10452841967344284,
                13.540000915527344
            ],
            [
                -0.41158246994018555,
                -0.09526433050632477,
                0.9063799381256104,
                57.96178436279297
            ],
            [
                0.0,
                0.0,
                0.0,
                1.0
            ]
        ],
        "flocal_length": 130.0,
        "film_x": 36.0,
        "film_y": 36.0,
        "angle_x": 0.27517348527908325,
        "angle_y": 0.18409369885921478,
        "near": 0.0010000000474974513,
        "far": 100.0,
        "project_mat": [
            [
                7.222221894264957,
                0,
                0,
                0
            ],
            [
                0,
                7.222221894264957,
                0,
                0
            ],
            [
                0,
                0,
                -1.000020000200952,
                -0.0020000200951968044
            ],
            [
                0,
                0,
                -1,
                0
            ]
        ]
    }
}