{
    "camera": {
        "location": [
            -25.52472686767578,
            52.66852569580078,
            13.540000915527344
        ],
        "view_vector": [
            0.5297279357910156,
            -0.8417019248008728,
            -0.10452841967344284
        ],
        "world": [
            [
                -0.8463382124900818,
                0.055676624178886414,
                -0.5297279357910156,
                -25.52472686767578
            ],
            [
                0.0,
                0.9945219159126282,
                0.10452841967344284,
                13.540000915527344
            ],
            [
                0.5326458215713501,
                0.08846639841794968,
                -0.8417019248008728,
                -52.66852569580078
            ],
            [
                0.0,
                0.0,
                0.0,
                1.0
            ]
        ],
        "flocal_length": 130.0,
        "film_x": 36.0,
        "film_y": 36.0,
        "angle_x": 0.27517348527908325,
        "angle_y": 0.18409369885921478,
        "near": 0.0010000000474974513,
        "far": 100.0,
        "project_mat": [
            [
                7.222221894264957,
                0,
                0,
                0
            ],
            [
                0,
                7.222221894264957,
                0,
                0
            ],
            [
                0,
                0,
                -1.000020000200952,
                -0.0020000200951968044
            ],
            [
                0,
                0,
                -1,
                0
            ]
        ]
    }
}