{
    "camera": {
        "location": [
            -54.42790985107422,
            -8.612476348876953,
            13.540000915527344
        ],
        "view_vector": [
            0.9864303469657898,
            0.1266060322523117,
            -0.10452841967344284
        ],
        "world": [
            [
                0.12730340659618378,
                0.10367795825004578,
                -0.9864303469657898,
                -54.42790985107422
            ],
            [
                0.0,
                0.9945219159126282,
                0.10452841967344284,
                13.540000915527344
            ],
            [
                0.9918638467788696,
                -0.013306823559105396,
                0.1266060322523117,
                8.612476348876953
            ],
            [
                0.0,
                0.0,
                0.0,
                1.0
            ]
        ],
        "flocal_length": 130.0,
        "film_x": 36.0,
        "film_y": 36.0,
        "angle_x": 0.27517348527908325,
        "angle_y": 0.18409369885921478,
        "near": 0.0010000000474974513,
        "far": 100.0,
        "project_mat": [
            [
                7.222221894264957,
                0,
                0,
                0
            ],
            [
                0,
                7.222221894264957,
                0,
                0
            ],
            [
                0,
                0,
                -1.000020000200952,
                -0.0020000200951968044
            ],
            [
                0,
                0,
                -1,
                0
            ]
        ]
    }
}