{
    "camera": {
        "location": [
            -45.7507209777832,
            -33.346046447753906,
            13.540000915527344
        ],
        "view_vector": [
            0.8493210673332214,
            0.5174239277839661,
            -0.10452841967344284
        ],
        "world": [
            [
                0.5202740430831909,
                0.08926720172166824,
                -0.8493210673332214,
                -45.7507209777832
            ],
            [
                0.0,
                0.9945219159126282,
                0.10452841967344284,
                13.540000915527344
            ],
            [
                0.8539993762969971,
                -0.054383423179388046,
                0.5174239277839661,
                33.346046447753906
            ],
            [
                0.0,
                0.0,
                0.0,
                1.0
            ]
        ],
        "flocal_length": 130.0,
        "film_x": 36.0,
        "film_y": 36.0,
        "angle_x": 0.27517348527908325,
        "angle_y": 0.18409369885921478,
        "near": 0.0010000000474974513,
        "far": 100.0,
        "project_mat": [
            [
                7.222221894264957,
                0,
                0,
                0
            ],
            [
                0,
                7.222221894264957,
                0,
                0
            ],
            [
                0,
                0,
                -1.000020000200952,
                -0.0020000200951968044
            ],
            [
                0,
                0,
                -1,
                0
            ]
        ]
    }
}