{
    "camera": {
        "location": [
            -20.735143661499023,
            55.39763641357422,
            13.540000915527344
        ],
        "view_vector": [
            0.45404720306396484,
            -0.884824812412262,
            -0.10452841967344284
        ],
        "world": [
            [
                -0.8896986842155457,
                0.047722265124320984,
                -0.45404720306396484,
                -20.735143661499023
            ],
            [
                0.0,
                0.9945219159126282,
                0.10452841967344284,
                13.540000915527344
            ],
            [
                0.45654821395874023,
                0.09299879521131516,
                -0.884824812412262,
                -55.39763641357422
            ],
            [
                0.0,
                0.0,
                0.0,
                1.0
            ]
        ],
        "flocal_length": 130.0,
        "film_x": 36.0,
        "film_y": 36.0,
        "angle_x": 0.27517348527908325,
        "angle_y": 0.18409369885921478,
        "near": 0.0010000000474974513,
        "far": 100.0,
        "project_mat": [
            [
                7.222221894264957,
                0,
                0,
                0
            ],
            [
                0,
                7.222221894264957,
                0,
                0
            ],
            [
                0,
                0,
                -1.000020000200952,
                -0.0020000200951968044
            ],
            [
                0,
                0,
                -1,
                0
            ]
        ]
    }
}