{
    "camera": {
        "location": [
            70.38035583496094,
            -8.974642753601074,
            13.540000915527344
        ],
        "view_vector": [
            -0.9856789112091064,
            0.13232864439487457,
            -0.10452841967344284
        ],
        "world": [
            [
                0.13305754959583282,
                -0.10359898209571838,
                0.9856789112091064,
                70.38035583496094
            ],
            [
                0.0,
                0.9945219159126282,
                0.10452841967344284,
                13.540000915527344
            ],
            [
                -0.9911082983016968,
                -0.013908294960856438,
                0.13232864439487457,
                8.974642753601074
            ],
            [
                0.0,
                0.0,
                0.0,
                1.0
            ]
        ],
        "flocal_length": 130.0,
        "film_x": 36.0,
        "film_y": 36.0,
        "angle_x": 0.27517348527908325,
        "angle_y": 0.18409369885921478,
        "near": 0.0010000000474974513,
        "far": 100.0,
        "project_mat": [
            [
                7.222221894264957,
                0,
                0,
                0
            ],
            [
                0,
                7.222221894264957,
                0,
                0
            ],
            [
                0,
                0,
                -1.000020000200952,
                -0.0020000200951968044
            ],
            [
                0,
                0,
                -1,
                0
            ]
        ]
    }
}