{
    "camera": {
        "location": [
            27.593774795532227,
            59.21243667602539,
            13.540000915527344
        ],
        "view_vector": [
            -0.30960342288017273,
            -0.9451029300689697,
            -0.10452841967344284
        ],
        "world": [
            [
                -0.9503087997436523,
                -0.032540615648031235,
                0.30960342288017273,
                27.593774795532227
            ],
            [
                0.0,
                0.9945219159126282,
                0.10452841967344284,
                13.540000915527344
            ],
            [
                -0.3113088011741638,
                0.09933427721261978,
                -0.9451029300689697,
                -59.21243667602539
            ],
            [
                0.0,
                0.0,
                0.0,
                1.0
            ]
        ],
        "flocal_length": 130.0,
        "film_x": 36.0,
        "film_y": 36.0,
        "angle_x": 0.27517348527908325,
        "angle_y": 0.18409369885921478,
        "near": 0.0010000000474974513,
        "far": 100.0,
        "project_mat": [
            [
                7.222221894264957,
                0,
                0,
                0
            ],
            [
                0,
                7.222221894264957,
                0,
                0
            ],
            [
                0,
                0,
                -1.000020000200952,
                -0.0020000200951968044
            ],
            [
                0,
                0,
                -1,
                0
            ]
        ]
    }
}