{
    "camera": {
        "location": [
            -17.28346061706543,
            57.03844451904297,
            13.540000915527344
        ],
        "view_vector": [
            0.3995067775249481,
            -0.910751461982727,
            -0.10452841967344284
        ],
        "world": [
            [
                -0.9157680869102478,
                0.04198983311653137,
                -0.3995067775249481,
                -17.28346061706543
            ],
            [
                0.0,
                0.9945219159126282,
                0.10452841967344284,
                13.540000915527344
            ],
            [
                0.40170735120773315,
                0.09572379291057587,
                -0.910751461982727,
                -57.03844451904297
            ],
            [
                0.0,
                0.0,
                0.0,
                1.0
            ]
        ],
        "flocal_length": 130.0,
        "film_x": 36.0,
        "film_y": 36.0,
        "angle_x": 0.27517348527908325,
        "angle_y": 0.18409369885921478,
        "near": 0.0010000000474974513,
        "far": 100.0,
        "project_mat": [
            [
                7.222221894264957,
                0,
                0,
                0
            ],
            [
                0,
                7.222221894264957,
                0,
                0
            ],
            [
                0,
                0,
                -1.000020000200952,
                -0.0020000200951968044
            ],
            [
                0,
                0,
                -1,
                0
            ]
        ]
    }
}