{
    "camera": {
        "location": [
            -10.8753662109375,
            -60.64301681518555,
            13.540000915527344
        ],
        "view_vector": [
            0.298251748085022,
            0.948746383190155,
            -0.10452841967344284
        ],
        "world": [
            [
                0.953972339630127,
                0.03134750947356224,
                -0.298251748085022,
                -10.8753662109375
            ],
            [
                0.0,
                0.9945219159126282,
                0.10452841967344284,
                13.540000915527344
            ],
            [
                0.2998946011066437,
                -0.09971722215414047,
                0.948746383190155,
                60.64301681518555
            ],
            [
                0.0,
                0.0,
                0.0,
                1.0
            ]
        ],
        "flocal_length": 130.0,
        "film_x": 36.0,
        "film_y": 36.0,
        "angle_x": 0.27517348527908325,
        "angle_y": 0.18409369885921478,
        "near": 0.0010000000474974513,
        "far": 100.0,
        "project_mat": [
            [
                7.222221894264957,
                0,
                0,
                0
            ],
            [
                0,
                7.222221894264957,
                0,
                0
            ],
            [
                0,
                0,
                -1.000020000200952,
                -0.0020000200951968044
            ],
            [
                0,
                0,
                -1,
                0
            ]
        ]
    }
}