{
    "camera": {
        "location": [
            59.847293853759766,
            35.083351135253906,
            13.540000915527344
        ],
        "view_vector": [
            -0.8192448616027832,
            -0.5638365745544434,
            -0.10452841967344284
        ],
        "world": [
            [
                -0.5669423341751099,
                -0.0861060693860054,
                0.8192448616027832,
                59.847293853759766
            ],
            [
                0.0,
                0.9945219159126282,
                0.10452841967344284,
                13.540000915527344
            ],
            [
                -0.8237574696540833,
                0.059261586517095566,
                -0.5638365745544434,
                -35.083351135253906
            ],
            [
                0.0,
                0.0,
                0.0,
                1.0
            ]
        ],
        "flocal_length": 130.0,
        "film_x": 36.0,
        "film_y": 36.0,
        "angle_x": 0.27517348527908325,
        "angle_y": 0.18409369885921478,
        "near": 0.0010000000474974513,
        "far": 100.0,
        "project_mat": [
            [
                7.222221894264957,
                0,
                0,
                0
            ],
            [
                0,
                7.222221894264957,
                0,
                0
            ],
            [
                0,
                0,
                -1.000020000200952,
                -0.0020000200951968044
            ],
            [
                0,
                0,
                -1,
                0
            ]
        ]
    }
}