{
    "camera": {
        "location": [
            -53.94795608520508,
            10.530779838562012,
            13.540000915527344
        ],
        "view_vector": [
            0.978846549987793,
            -0.17587870359420776,
            -0.10452841967344284
        ],
        "world": [
            [
                -0.17684748768806458,
                0.10288087278604507,
                -0.978846549987793,
                -53.94795608520508
            ],
            [
                0.0,
                0.9945219159126282,
                0.10452841967344284,
                13.540000915527344
            ],
            [
                0.9842382669448853,
                0.01848558895289898,
                -0.17587870359420776,
                -10.530779838562012
            ],
            [
                0.0,
                0.0,
                0.0,
                1.0
            ]
        ],
        "flocal_length": 130.0,
        "film_x": 36.0,
        "film_y": 36.0,
        "angle_x": 0.27517348527908325,
        "angle_y": 0.18409369885921478,
        "near": 0.0010000000474974513,
        "far": 100.0,
        "project_mat": [
            [
                7.222221894264957,
                0,
                0,
                0
            ],
            [
                0,
                7.222221894264957,
                0,
                0
            ],
            [
                0,
                0,
                -1.000020000200952,
                -0.0020000200951968044
            ],
            [
                0,
                0,
                -1,
                0
            ]
        ]
    }
}