{
    "camera": {
        "location": [
            -48.18892288208008,
            -28.959270477294922,
            13.540000915527344
        ],
        "view_vector": [
            0.8878474235534668,
            0.4481079876422882,
            -0.10452841967344284
        ],
        "world": [
            [
                0.4505762755870819,
                0.09331648796796799,
                -0.8878474235534668,
                -48.18892288208008
            ],
            [
                0.0,
                0.9945219159126282,
                0.10452841967344284,
                13.540000915527344
            ],
            [
                0.8927379250526428,
                -0.04709802567958832,
                0.4481079876422882,
                28.959270477294922
            ],
            [
                0.0,
                0.0,
                0.0,
                1.0
            ]
        ],
        "flocal_length": 130.0,
        "film_x": 36.0,
        "film_y": 36.0,
        "angle_x": 0.27517348527908325,
        "angle_y": 0.18409369885921478,
        "near": 0.0010000000474974513,
        "far": 100.0,
        "project_mat": [
            [
                7.222221894264957,
                0,
                0,
                0
            ],
            [
                0,
                7.222221894264957,
                0,
                0
            ],
            [
                0,
                0,
                -1.000020000200952,
                -0.0020000200951968044
            ],
            [
                0,
                0,
                -1,
                0
            ]
        ]
    }
}