{
    "camera": {
        "location": [
            33.86070251464844,
            -57.98176956176758,
            13.540000915527344
        ],
        "view_vector": [
            -0.40862783789634705,
            0.9066957235336304,
            -0.10452841967344284
        ],
        "world": [
            [
                0.9116900563240051,
                -0.04294849559664726,
                0.40862783789634705,
                33.86070251464844
            ],
            [
                0.0,
                0.9945219159126282,
                0.10452841967344284,
                13.540000915527344
            ],
            [
                -0.41087865829467773,
                -0.09529752284288406,
                0.9066957235336304,
                57.98176956176758
            ],
            [
                0.0,
                0.0,
                0.0,
                1.0
            ]
        ],
        "flocal_length": 130.0,
        "film_x": 36.0,
        "film_y": 36.0,
        "angle_x": 0.27517348527908325,
        "angle_y": 0.18409369885921478,
        "near": 0.0010000000474974513,
        "far": 100.0,
        "project_mat": [
            [
                7.222221894264957,
                0,
                0,
                0
            ],
            [
                0,
                7.222221894264957,
                0,
                0
            ],
            [
                0,
                0,
                -1.000020000200952,
                -0.0020000200951968044
            ],
            [
                0,
                0,
                -1,
                0
            ]
        ]
    }
}