{
    "camera": {
        "location": [
            -7.498723030090332,
            60.40190887451172,
            13.540000915527344
        ],
        "view_vector": [
            0.2448970377445221,
            -0.9638979434967041,
            -0.10452841967344284
        ],
        "world": [
            [
                -0.9692073464393616,
                0.025739705190062523,
                -0.2448970377445221,
                -7.498723030090332
            ],
            [
                0.0,
                0.9945219159126282,
                0.10452841967344284,
                13.540000915527344
            ],
            [
                0.24624599516391754,
                0.10130970925092697,
                -0.9638979434967041,
                -60.40190887451172
            ],
            [
                0.0,
                0.0,
                0.0,
                1.0
            ]
        ],
        "flocal_length": 130.0,
        "film_x": 36.0,
        "film_y": 36.0,
        "angle_x": 0.27517348527908325,
        "angle_y": 0.18409369885921478,
        "near": 0.0010000000474974513,
        "far": 100.0,
        "project_mat": [
            [
                7.222221894264957,
                0,
                0,
                0
            ],
            [
                0,
                7.222221894264957,
                0,
                0
            ],
            [
                0,
                0,
                -1.000020000200952,
                -0.0020000200951968044
            ],
            [
                0,
                0,
                -1,
                0
            ]
        ]
    }
}