{
    "camera": {
        "location": [
            -54.88865661621094,
            -3.141737937927246,
            13.540000915527344
        ],
        "view_vector": [
            0.9937106370925903,
            0.04016228765249252,
            -0.10452841967344284
        ],
        "world": [
            [
                0.040383510291576385,
                0.10444314777851105,
                -0.9937106370925903,
                -54.88865661621094
            ],
            [
                0.0,
                0.9945219159126282,
                0.10452841967344284,
                13.540000915527344
            ],
            [
                0.999184250831604,
                -0.004221224691718817,
                0.04016228765249252,
                3.141737937927246
            ],
            [
                0.0,
                0.0,
                0.0,
                1.0
            ]
        ],
        "flocal_length": 130.0,
        "film_x": 36.0,
        "film_y": 36.0,
        "angle_x": 0.27517348527908325,
        "angle_y": 0.18409369885921478,
        "near": 0.0010000000474974513,
        "far": 100.0,
        "project_mat": [
            [
                7.222221894264957,
                0,
                0,
                0
            ],
            [
                0,
                7.222221894264957,
                0,
                0
            ],
            [
                0,
                0,
                -1.000020000200952,
                -0.0020000200951968044
            ],
            [
                0,
                0,
                -1,
                0
            ]
        ]
    }
}