{
    "camera": {
        "location": [
            -54.05088424682617,
            -11.141880989074707,
            13.540000915527344
        ],
        "view_vector": [
            0.9804729223251343,
            0.1665734350681305,
            -0.10452841967344284
        ],
        "world": [
            [
                0.16749095916748047,
                0.1030518114566803,
                -0.9804729223251343,
                -54.05088424682617
            ],
            [
                0.0,
                0.9945219159126282,
                0.10452841967344284,
                13.540000915527344
            ],
            [
                0.9858736395835876,
                -0.017507566139101982,
                0.1665734350681305,
                11.141880989074707
            ],
            [
                0.0,
                0.0,
                0.0,
                1.0
            ]
        ],
        "flocal_length": 130.0,
        "film_x": 36.0,
        "film_y": 36.0,
        "angle_x": 0.27517348527908325,
        "angle_y": 0.18409369885921478,
        "near": 0.0010000000474974513,
        "far": 100.0,
        "project_mat": [
            [
                7.222221894264957,
                0,
                0,
                0
            ],
            [
                0,
                7.222221894264957,
                0,
                0
            ],
            [
                0,
                0,
                -1.000020000200952,
                -0.0020000200951968044
            ],
            [
                0,
                0,
                -1,
                0
            ]
        ]
    }
}