{
    "lights": [
        {
            "location": [
                101.01889038085938,
                -500.0,
                -774.4644775390625
            ],
            "power": 1.899999976158142
        },
        {
            "location": [
                -19.759258270263672,
                334.81591796875,
                423.1336975097656
            ],
            "power": 1.5800000429153442
        },
        {
            "location": [
                -54.05101013183594,
                9.941146850585938,
                13.540000915527344
            ],
            "power": 0.8999999761581421
        }
    ]
}