{
    "lights": [
        {
            "location": [
                750.6727294921875,
                -500.0,
                215.616455078125
            ],
            "power": 1.899999976158142
        },
        {
            "location": [
                -415.42987060546875,
                334.81591796875,
                -82.76823425292969
            ],
            "power": 1.5800000429153442
        },
        {
            "location": [
                -1.8040151596069336,
                61.571739196777344,
                13.540000915527344
            ],
            "power": 0.8999999761581421
        }
    ]
}