{
    "lights": [
        {
            "location": [
                -500.0002136230469,
                -500.0,
                -599.9998168945312
            ],
            "power": 1.899999976158142
        },
        {
            "location": [
                297.2362060546875,
                334.81591796875,
                301.7998962402344
            ],
            "power": 1.5800000429153442
        },
        {
            "location": [
                -47.45573425292969,
                -30.367517471313477,
                13.540000915527344
            ],
            "power": 0.8999999761581421
        }
    ]
}