{
    "lights": [
        {
            "location": [
                -500.00042724609375,
                -500.0,
                -599.9996337890625
            ],
            "power": 1.899999976158142
        },
        {
            "location": [
                297.236328125,
                334.81591796875,
                301.7997741699219
            ],
            "power": 1.5800000429153442
        },
        {
            "location": [
                -47.45574188232422,
                -30.36750030517578,
                13.540000915527344
            ],
            "power": 0.8999999761581421
        }
    ]
}