{
    "lights": [
        {
            "location": [
                -522.8929443359375,
                -500.0,
                -580.1577758789062
            ],
            "power": 1.899999976158142
        },
        {
            "location": [
                308.7168273925781,
                334.81591796875,
                290.0456237792969
            ],
            "power": 1.5800000429153442
        },
        {
            "location": [
                -46.631107330322266,
                -31.85517120361328,
                13.540000915527344
            ],
            "power": 0.8999999761581421
        }
    ]
}