{
    "lights": [
        {
            "location": [
                -595.3739624023438,
                -500.0,
                -505.4996337890625
            ],
            "power": 1.899999976158142
        },
        {
            "location": [
                344.533447265625,
                334.81591796875,
                246.43310546875
            ],
            "power": 1.5800000429153442
        },
        {
            "location": [
                -42.89137649536133,
                -37.633914947509766,
                13.540000915527344
            ],
            "power": 0.8999999761581421
        }
    ]
}