{
    "lights": [
        {
            "location": [
                129.78759765625,
                -500.0,
                770.1656494140625
            ],
            "power": 1.899999976158142
        },
        {
            "location": [
                -104.7956314086914,
                334.81591796875,
                -410.42706298828125
            ],
            "power": 1.5800000429153442
        },
        {
            "location": [
                58.79031753540039,
                -37.772396087646484,
                13.540000915527344
            ],
            "power": 0.8999999761581421
        }
    ]
}