{
    "lights": [
        {
            "location": [
                248.62901306152344,
                -500.0,
                740.3942260742188
            ],
            "power": 1.899999976158142
        },
        {
            "location": [
                -167.68875122070312,
                334.81591796875,
                -388.9897155761719
            ],
            "power": 1.5800000429153442
        },
        {
            "location": [
                -51.76094055175781,
                19.150278091430664,
                13.540000915527344
            ],
            "power": 0.8999999761581421
        }
    ]
}