{
    "lights": [
        {
            "location": [
                -183.772705078125,
                -500.0,
                -759.0965576171875
            ],
            "power": 1.899999976158142
        },
        {
            "location": [
                133.47601318359375,
                334.81591796875,
                402.0157775878906
            ],
            "power": 1.5800000429153442
        },
        {
            "location": [
                54.78103256225586,
                -42.706748962402344,
                13.540000915527344
            ],
            "power": 0.8999999761581421
        }
    ]
}