{
    "lights": [
        {
            "location": [
                634.8411865234375,
                -500.0,
                -454.94683837890625
            ],
            "power": 1.899999976158142
        },
        {
            "location": [
                -322.6580505371094,
                334.81591796875,
                274.4527587890625
            ],
            "power": 1.5800000429153442
        },
        {
            "location": [
                26.14008903503418,
                -60.869232177734375,
                13.540000915527344
            ],
            "power": 0.8999999761581421
        }
    ]
}