{
    "lights": [
        {
            "location": [
                -631.6920776367188,
                -500.0,
                459.3094482421875
            ],
            "power": 1.899999976158142
        },
        {
            "location": [
                320.7597351074219,
                334.81591796875,
                -276.6690368652344
            ],
            "power": 1.5800000429153442
        },
        {
            "location": [
                -36.35269546508789,
                -45.257381439208984,
                13.540000915527344
            ],
            "power": 0.8999999761581421
        }
    ]
}