{
    "lights": [
        {
            "location": [
                -184.07870483398438,
                -500.0,
                -759.0223999023438
            ],
            "power": 1.899999976158142
        },
        {
            "location": [
                133.6380615234375,
                334.81591796875,
                401.9619445800781
            ],
            "power": 1.5800000429153442
        },
        {
            "location": [
                -54.49223709106445,
                -8.094255447387695,
                13.540000915527344
            ],
            "power": 0.8999999761581421
        }
    ]
}