{
    "lights": [
        {
            "location": [
                -779.9849243164062,
                -500.0,
                -40.29296875
            ],
            "power": 1.899999976158142
        },
        {
            "location": [
                423.3855895996094,
                334.81591796875,
                -13.310771942138672
            ],
            "power": 1.5800000429153442
        },
        {
            "location": [
                -16.96131134033203,
                -58.378684997558594,
                13.540000915527344
            ],
            "power": 0.8999999761581421
        }
    ]
}