{
    "lights": [
        {
            "location": [
                -775.141845703125,
                -500.0,
                95.6826171875
            ],
            "power": 1.899999976158142
        },
        {
            "location": [
                414.6509094238281,
                334.81591796875,
                -86.58614349365234
            ],
            "power": 1.5800000429153442
        },
        {
            "location": [
                -8.720518112182617,
                -61.27839660644531,
                13.540000915527344
            ],
            "power": 0.8999999761581421
        }
    ]
}