{
    "lights": [
        {
            "location": [
                734.1365966796875,
                -500.0,
                266.5396423339844
            ],
            "power": 1.899999976158142
        },
        {
            "location": [
                -408.78314208984375,
                334.81591796875,
                -111.03553009033203
            ],
            "power": 1.5800000429153442
        },
        {
            "location": [
                1.105668544769287,
                61.961265563964844,
                13.540000915527344
            ],
            "power": 0.8999999761581421
        }
    ]
}