{
    "lights": [
        {
            "location": [
                766.2642211914062,
                -500.0,
                151.12637329101562
            ],
            "power": 1.899999976158142
        },
        {
            "location": [
                -420.9556884765625,
                334.81591796875,
                -47.21066665649414
            ],
            "power": 1.5800000429153442
        },
        {
            "location": [
                5.415702819824219,
                -63.48691940307617,
                13.540000915527344
            ],
            "power": 0.8999999761581421
        }
    ]
}