{
    "lights": [
        {
            "location": [
                23.28875732421875,
                -500.0,
                780.677734375
            ],
            "power": 1.899999976158142
        },
        {
            "location": [
                -47.707130432128906,
                334.81591796875,
                -420.89971923828125
            ],
            "power": 1.5800000429153442
        },
        {
            "location": [
                46.95109939575195,
                48.839412689208984,
                13.540000915527344
            ],
            "power": 0.8999999761581421
        }
    ]
}