{
    "lights": [
        {
            "location": [
                558.0235595703125,
                -500.0,
                546.451904296875
            ],
            "power": 1.899999976158142
        },
        {
            "location": [
                -326.188232421875,
                334.81591796875,
                -270.2475891113281
            ],
            "power": 1.5800000429153442
        },
        {
            "location": [
                18.997385025024414,
                61.37178039550781,
                13.540000915527344
            ],
            "power": 0.8999999761581421
        }
    ]
}