{
    "lights": [
        {
            "location": [
                -744.457763671875,
                -500.0,
                236.18362426757812
            ],
            "power": 1.899999976158142
        },
        {
            "location": [
                391.7458801269531,
                334.81591796875,
                -161.1449737548828
            ],
            "power": 1.5800000429153442
        },
        {
            "location": [
                -39.634578704833984,
                -41.738670349121094,
                13.540000915527344
            ],
            "power": 0.8999999761581421
        }
    ]
}