{
    "lights": [
        {
            "location": [
                -272.5185546875,
                -500.0,
                -731.938232421875
            ],
            "power": 1.899999976158142
        },
        {
            "location": [
                180.2204132080078,
                334.81591796875,
                383.34466552734375
            ],
            "power": 1.5800000429153442
        },
        {
            "location": [
                -53.50239944458008,
                -13.975295066833496,
                13.540000915527344
            ],
            "power": 0.8999999761581421
        }
    ]
}