{
    "lights": [
        {
            "location": [
                775.795654296875,
                -500.0,
                -90.22796630859375
            ],
            "power": 1.899999976158142
        },
        {
            "location": [
                -415.2496643066406,
                334.81591796875,
                83.6673812866211
            ],
            "power": 1.5800000429153442
        },
        {
            "location": [
                -18.223297119140625,
                56.61697769165039,
                13.540000915527344
            ],
            "power": 0.8999999761581421
        }
    ]
}