{
    "lights": [
        {
            "location": [
                -753.313720703125,
                -500.0,
                206.2001953125
            ],
            "power": 1.899999976158142
        },
        {
            "location": [
                397.88128662109375,
                334.81591796875,
                -145.33766174316406
            ],
            "power": 1.5800000429153442
        },
        {
            "location": [
                -27.324241638183594,
                51.49262237548828,
                13.540000915527344
            ],
            "power": 0.8999999761581421
        }
    ]
}