{
    "lights": [
        {
            "location": [
                -697.6078491210938,
                -500.0,
                351.2026672363281
            ],
            "power": 1.899999976158142
        },
        {
            "location": [
                361.249755859375,
                334.81591796875,
                -221.20384216308594
            ],
            "power": 1.5800000429153442
        },
        {
            "location": [
                -31.80536651611328,
                48.15424728393555,
                13.540000915527344
            ],
            "power": 0.8999999761581421
        }
    ]
}