{
    "lights": [
        {
            "location": [
                -391.9763488769531,
                -500.0,
                -675.5401611328125
            ],
            "power": 1.899999976158142
        },
        {
            "location": [
                242.2488250732422,
                334.81591796875,
                347.4881896972656
            ],
            "power": 1.5800000429153442
        },
        {
            "location": [
                60.30447006225586,
                -35.60979461669922,
                13.540000915527344
            ],
            "power": 0.8999999761581421
        }
    ]
}