{
    "lights": [
        {
            "location": [
                -777.6622924804688,
                -500.0,
                -72.39739990234375
            ],
            "power": 1.899999976158142
        },
        {
            "location": [
                423.574462890625,
                334.81591796875,
                4.145810127258301
            ],
            "power": 1.5800000429153442
        },
        {
            "location": [
                -18.858253479003906,
                -57.52167892456055,
                13.540000915527344
            ],
            "power": 0.8999999761581421
        }
    ]
}