{
    "lights": [
        {
            "location": [
                532.7470092773438,
                -500.0,
                -571.1221923828125
            ],
            "power": 1.899999976158142
        },
        {
            "location": [
                -262.2509765625,
                334.81591796875,
                332.6513671875
            ],
            "power": 1.5800000429153442
        },
        {
            "location": [
                -42.6525993347168,
                36.75984191894531,
                13.540000915527344
            ],
            "power": 0.8999999761581421
        }
    ]
}