{
    "lights": [
        {
            "location": [
                -402.8769836425781,
                -500.0,
                -669.0964965820312
            ],
            "power": 1.899999976158142
        },
        {
            "location": [
                247.85060119628906,
                334.81591796875,
                343.5150451660156
            ],
            "power": 1.5800000429153442
        },
        {
            "location": [
                -50.79180908203125,
                -23.071460723876953,
                13.540000915527344
            ],
            "power": 0.8999999761581421
        }
    ]
}