{
    "lights": [
        {
            "location": [
                -681.7528076171875,
                -500.0,
                -381.0683898925781
            ],
            "power": 1.899999976158142
        },
        {
            "location": [
                385.6224670410156,
                334.81591796875,
                175.2935791015625
            ],
            "power": 1.5800000429153442
        },
        {
            "location": [
                -36.294227600097656,
                -45.31537628173828,
                13.540000915527344
            ],
            "power": 0.8999999761581421
        }
    ]
}