{
    "lights": [
        {
            "location": [
                90.92636108398438,
                -500.0,
                775.714111328125
            ],
            "power": 1.899999976158142
        },
        {
            "location": [
                -84.04117584228516,
                334.81591796875,
                -415.1741943359375
            ],
            "power": 1.5800000429153442
        },
        {
            "location": [
                -50.12687301635742,
                23.539386749267578,
                13.540000915527344
            ],
            "power": 0.8999999761581421
        }
    ]
}