{
    "lights": [
        {
            "location": [
                -516.4899291992188,
                -500.0,
                585.8652954101562
            ],
            "power": 1.899999976158142
        },
        {
            "location": [
                252.80101013183594,
                334.81591796875,
                -339.88848876953125
            ],
            "power": 1.5800000429153442
        },
        {
            "location": [
                26.046907424926758,
                -60.89720153808594,
                13.540000915527344
            ],
            "power": 0.8999999761581421
        }
    ]
}