{
    "lights": [
        {
            "location": [
                -780.8436889648438,
                -500.0,
                -16.825775146484375
            ],
            "power": 1.899999976158142
        },
        {
            "location": [
                422.7940368652344,
                334.81591796875,
                -26.033138275146484
            ],
            "power": 1.5800000429153442
        },
        {
            "location": [
                70.86050415039062,
                -3.7622556686401367,
                13.540000915527344
            ],
            "power": 0.8999999761581421
        }
    ]
}