{
    "lights": [
        {
            "location": [
                370.0032653808594,
                -500.0,
                -687.8209228515625
            ],
            "power": 1.899999976158142
        },
        {
            "location": [
                -169.04000854492188,
                334.81591796875,
                388.4044494628906
            ],
            "power": 1.5800000429153442
        },
        {
            "location": [
                -48.82005310058594,
                26.47258949279785,
                13.540000915527344
            ],
            "power": 0.8999999761581421
        }
    ]
}