{
    "lights": [
        {
            "location": [
                635.8375244140625,
                -500.0,
                453.5533447265625
            ],
            "power": 1.899999976158142
        },
        {
            "location": [
                -364.0666198730469,
                334.81591796875,
                -216.53643798828125
            ],
            "power": 1.5800000429153442
        },
        {
            "location": [
                -54.55263900756836,
                6.372154712677002,
                13.540000915527344
            ],
            "power": 0.8999999761581421
        }
    ]
}