{
    "lights": [
        {
            "location": [
                -769.9267578125,
                -500.0,
                131.1976318359375
            ],
            "power": 1.899999976158142
        },
        {
            "location": [
                410.2345275878906,
                334.81591796875,
                -105.54701232910156
            ],
            "power": 1.5800000429153442
        },
        {
            "location": [
                -6.506103515625,
                -61.84553909301758,
                13.540000915527344
            ],
            "power": 0.8999999761581421
        }
    ]
}