{
    "lights": [
        {
            "location": [
                -503.2970886230469,
                -500.0,
                -597.2369995117188
            ],
            "power": 1.899999976158142
        },
        {
            "location": [
                298.89385986328125,
                334.81591796875,
                300.1582946777344
            ],
            "power": 1.5800000429153442
        },
        {
            "location": [
                -47.388694763183594,
                -30.49207305908203,
                13.540000915527344
            ],
            "power": 0.8999999761581421
        }
    ]
}