{
    "lights": [
        {
            "location": [
                779.9774169921875,
                -500.0,
                -40.437286376953125
            ],
            "power": 1.899999976158142
        },
        {
            "location": [
                -419.7497863769531,
                334.81591796875,
                56.9442138671875
            ],
            "power": 1.5800000429153442
        },
        {
            "location": [
                -15.638931274414062,
                57.73219299316406,
                13.540000915527344
            ],
            "power": 0.8999999761581421
        }
    ]
}