{
    "lights": [
        {
            "location": [
                -436.6714172363281,
                -500.0,
                -647.5477294921875
            ],
            "power": 1.899999976158142
        },
        {
            "location": [
                265.1466979980469,
                334.81591796875,
                330.3479309082031
            ],
            "power": 1.5800000429153442
        },
        {
            "location": [
                -49.78617477416992,
                -25.54397201538086,
                13.540000915527344
            ],
            "power": 0.8999999761581421
        }
    ]
}