{
    "lights": [
        {
            "location": [
                531.1298217773438,
                -500.0,
                -572.6265258789062
            ],
            "power": 1.899999976158142
        },
        {
            "location": [
                -261.3092346191406,
                334.81591796875,
                333.39166259765625
            ],
            "power": 1.5800000429153442
        },
        {
            "location": [
                31.338226318359375,
                -59.05314636230469,
                13.540000915527344
            ],
            "power": 0.8999999761581421
        }
    ]
}