{
    "lights": [
        {
            "location": [
                774.33544921875,
                -500.0,
                102.0028076171875
            ],
            "power": 1.899999976158142
        },
        {
            "location": [
                -423.10821533203125,
                334.81591796875,
                -20.296852111816406
            ],
            "power": 1.5800000429153442
        },
        {
            "location": [
                69.34906005859375,
                13.46185302734375,
                13.540000915527344
            ],
            "power": 0.8999999761581421
        }
    ]
}