{
    "lights": [
        {
            "location": [
                -732.6597900390625,
                -500.0,
                -270.5728759765625
            ],
            "power": 1.899999976158142
        },
        {
            "location": [
                408.1663513183594,
                334.81591796875,
                113.28189086914062
            ],
            "power": 1.5800000429153442
        },
        {
            "location": [
                -30.21411895751953,
                -50.611244201660156,
                13.540000915527344
            ],
            "power": 0.8999999761581421
        }
    ]
}