{
    "lights": [
        {
            "location": [
                534.000244140625,
                -500.0,
                569.9506225585938
            ],
            "power": 1.899999976158142
        },
        {
            "location": [
                -314.2610168457031,
                334.81591796875,
                -284.02911376953125
            ],
            "power": 1.5800000429153442
        },
        {
            "location": [
                -8.861955642700195,
                -61.23924255371094,
                13.540000915527344
            ],
            "power": 0.8999999761581421
        }
    ]
}