{
    "lights": [
        {
            "location": [
                -775.17431640625,
                -500.0,
                -95.41909790039062
            ],
            "power": 1.899999976158142
        },
        {
            "location": [
                423.26544189453125,
                334.81591796875,
                16.70069122314453
            ],
            "power": 1.5800000429153442
        },
        {
            "location": [
                -43.18647384643555,
                -37.22496795654297,
                13.540000915527344
            ],
            "power": 0.8999999761581421
        }
    ]
}