{
    "lights": [
        {
            "location": [
                -504.38116455078125,
                -500.0,
                596.3217163085938
            ],
            "power": 1.899999976158142
        },
        {
            "location": [
                245.7859649658203,
                334.81591796875,
                -344.995361328125
            ],
            "power": 1.5800000429153442
        },
        {
            "location": [
                -39.572792053222656,
                40.610107421875,
                13.540000915527344
            ],
            "power": 0.8999999761581421
        }
    ]
}