{
    "lights": [
        {
            "location": [
                737.9771728515625,
                -500.0,
                -255.71420288085938
            ],
            "power": 1.899999976158142
        },
        {
            "location": [
                -387.3645935058594,
                334.81591796875,
                171.40948486328125
            ],
            "power": 1.5800000429153442
        },
        {
            "location": [
                -54.19440841674805,
                -10.259138107299805,
                13.540000915527344
            ],
            "power": 0.8999999761581421
        }
    ]
}