{
    "lights": [
        {
            "location": [
                -454.4543151855469,
                -500.0,
                -635.1939086914062
            ],
            "power": 1.899999976158142
        },
        {
            "location": [
                274.202392578125,
                334.81591796875,
                322.870849609375
            ],
            "power": 1.5800000429153442
        },
        {
            "location": [
                61.92852020263672,
                -33.05239486694336,
                13.540000915527344
            ],
            "power": 0.8999999761581421
        }
    ]
}