{
    "lights": [
        {
            "location": [
                200.11224365234375,
                -500.0,
                -754.9537353515625
            ],
            "power": 1.899999976158142
        },
        {
            "location": [
                -74.19578552246094,
                334.81591796875,
                417.04620361328125
            ],
            "power": 1.5800000429153442
        },
        {
            "location": [
                -52.70232391357422,
                16.033435821533203,
                13.540000915527344
            ],
            "power": 0.8999999761581421
        }
    ]
}