{
    "lights": [
        {
            "location": [
                -517.6303100585938,
                -500.0,
                -584.8579711914062
            ],
            "power": 1.899999976158142
        },
        {
            "location": [
                306.0838928222656,
                334.81591796875,
                292.82281494140625
            ],
            "power": 1.5800000429153442
        },
        {
            "location": [
                -46.85150909423828,
                -31.46673583984375,
                13.540000915527344
            ],
            "power": 0.8999999761581421
        }
    ]
}