{
    "lights": [
        {
            "location": [
                436.9336853027344,
                -500.0,
                -647.3707885742188
            ],
            "power": 1.899999976158142
        },
        {
            "location": [
                -207.03485107421875,
                334.81591796875,
                369.5526123046875
            ],
            "power": 1.5800000429153442
        },
        {
            "location": [
                -46.638668060302734,
                30.641948699951172,
                13.540000915527344
            ],
            "power": 0.8999999761581421
        }
    ]
}