{
    "lights": [
        {
            "location": [
                -134.02096557617188,
                -500.0,
                -769.4403076171875
            ],
            "power": 1.899999976158142
        },
        {
            "location": [
                107.05109405517578,
                334.81591796875,
                409.8446044921875
            ],
            "power": 1.5800000429153442
        },
        {
            "location": [
                -54.796913146972656,
                -4.841619968414307,
                13.540000915527344
            ],
            "power": 0.8999999761581421
        }
    ]
}