{
    "lights": [
        {
            "location": [
                -275.35308837890625,
                -500.0,
                730.8766479492188
            ],
            "power": 1.899999976158142
        },
        {
            "location": [
                115.94575500488281,
                334.81591796875,
                -407.4176330566406
            ],
            "power": 1.5800000429153442
        },
        {
            "location": [
                41.41954040527344,
                -53.9345817565918,
                13.540000915527344
            ],
            "power": 0.8999999761581421
        }
    ]
}