{
    "lights": [
        {
            "location": [
                -664.6341552734375,
                -500.0,
                -410.19677734375
            ],
            "power": 1.899999976158142
        },
        {
            "location": [
                377.6804504394531,
                334.81591796875,
                191.80723571777344
            ],
            "power": 1.5800000429153442
        },
        {
            "location": [
                -45.89922332763672,
                -33.10103225708008,
                13.540000915527344
            ],
            "power": 0.8999999761581421
        }
    ]
}