{
    "lights": [
        {
            "location": [
                -692.7861938476562,
                -500.0,
                -360.6207275390625
            ],
            "power": 1.899999976158142
        },
        {
            "location": [
                390.6660461425781,
                334.81591796875,
                163.7454833984375
            ],
            "power": 1.5800000429153442
        },
        {
            "location": [
                68.16587829589844,
                -19.080005645751953,
                13.540000915527344
            ],
            "power": 0.8999999761581421
        }
    ]
}