{
    "lights": [
        {
            "location": [
                436.8687744140625,
                -500.0,
                647.4146118164062
            ],
            "power": 1.899999976158142
        },
        {
            "location": [
                -265.24737548828125,
                334.81591796875,
                -330.26708984375
            ],
            "power": 1.5800000429153442
        },
        {
            "location": [
                67.43415069580078,
                -21.312925338745117,
                13.540000915527344
            ],
            "power": 0.8999999761581421
        }
    ]
}