{
    "lights": [
        {
            "location": [
                -579.0418090820312,
                -500.0,
                524.12841796875
            ],
            "power": 1.899999976158142
        },
        {
            "location": [
                289.38690185546875,
                334.81591796875,
                -309.33441162109375
            ],
            "power": 1.5800000429153442
        },
        {
            "location": [
                -35.13302993774414,
                -46.43650436401367,
                13.540000915527344
            ],
            "power": 0.8999999761581421
        }
    ]
}