{
    "lights": [
        {
            "location": [
                -432.59979248046875,
                -500.0,
                -650.27490234375
            ],
            "power": 1.899999976158142
        },
        {
            "location": [
                263.0686950683594,
                334.81591796875,
                332.0050964355469
            ],
            "power": 1.5800000429153442
        },
        {
            "location": [
                -47.89508056640625,
                -29.534128189086914,
                13.540000915527344
            ],
            "power": 0.8999999761581421
        }
    ]
}