{
    "lights": [
        {
            "location": [
                464.31195068359375,
                -500.0,
                628.0242309570312
            ],
            "power": 1.899999976158142
        },
        {
            "location": [
                -279.2077941894531,
                334.81591796875,
                -318.55224609375
            ],
            "power": 1.5800000429153442
        },
        {
            "location": [
                -53.52863311767578,
                12.65407943725586,
                13.540000915527344
            ],
            "power": 0.8999999761581421
        }
    ]
}