{
    "lights": [
        {
            "location": [
                527.4827270507812,
                -500.0,
                575.98779296875
            ],
            "power": 1.899999976158142
        },
        {
            "location": [
                -311.0099792480469,
                334.81591796875,
                -287.5853271484375
            ],
            "power": 1.5800000429153442
        },
        {
            "location": [
                69.21363830566406,
                -15.240148544311523,
                13.540000915527344
            ],
            "power": 0.8999999761581421
        }
    ]
}