{
    "lights": [
        {
            "location": [
                -454.76531982421875,
                -500.0,
                634.9713134765625
            ],
            "power": 1.899999976158142
        },
        {
            "location": [
                217.23043823242188,
                334.81591796875,
                -363.6529235839844
            ],
            "power": 1.5800000429153442
        },
        {
            "location": [
                -32.49803924560547,
                -48.78041458129883,
                13.540000915527344
            ],
            "power": 0.8999999761581421
        }
    ]
}