{
    "lights": [
        {
            "location": [
                -481.461669921875,
                -500.0,
                614.975341796875
            ],
            "power": 1.899999976158142
        },
        {
            "location": [
                232.55908203125,
                334.81591796875,
                -354.04632568359375
            ],
            "power": 1.5800000429153442
        },
        {
            "location": [
                28.667774200439453,
                -60.04986572265625,
                13.540000915527344
            ],
            "power": 0.8999999761581421
        }
    ]
}