{
    "lights": [
        {
            "location": [
                438.2745666503906,
                -500.0,
                -646.4637451171875
            ],
            "power": 1.899999976158142
        },
        {
            "location": [
                -207.80038452148438,
                334.81591796875,
                369.1226501464844
            ],
            "power": 1.5800000429153442
        },
        {
            "location": [
                -52.21329879760742,
                -18.924898147583008,
                13.540000915527344
            ],
            "power": 0.8999999761581421
        }
    ]
}