{
    "lights": [
        {
            "location": [
                -723.2589111328125,
                -500.0,
                -294.7821044921875
            ],
            "power": 1.899999976158142
        },
        {
            "location": [
                404.17437744140625,
                334.81591796875,
                126.78959655761719
            ],
            "power": 1.5800000429153442
        },
        {
            "location": [
                -31.561824798583984,
                -49.55207061767578,
                13.540000915527344
            ],
            "power": 0.8999999761581421
        }
    ]
}