{
    "lights": [
        {
            "location": [
                -51.975921630859375,
                -500.0,
                -779.2935791015625
            ],
            "power": 1.899999976158142
        },
        {
            "location": [
                63.149959564208984,
                334.81591796875,
                418.861083984375
            ],
            "power": 1.5800000429153442
        },
        {
            "location": [
                -54.93211364746094,
                0.3961992859840393,
                13.540000915527344
            ],
            "power": 0.8999999761581421
        }
    ]
}