{
    "lights": [
        {
            "location": [
                -729.121826171875,
                -500.0,
                279.9666748046875
            ],
            "power": 1.899999976158142
        },
        {
            "location": [
                381.48736572265625,
                334.81591796875,
                -184.11932373046875
            ],
            "power": 1.5800000429153442
        },
        {
            "location": [
                -29.612640380859375,
                49.86516571044922,
                13.540000915527344
            ],
            "power": 0.8999999761581421
        }
    ]
}