{
    "lights": [
        {
            "location": [
                -616.6953125,
                -500.0,
                -479.2566223144531
            ],
            "power": 1.899999976158142
        },
        {
            "location": [
                354.8767395019531,
                334.81591796875,
                231.28988647460938
            ],
            "power": 1.5800000429153442
        },
        {
            "location": [
                -46.46043014526367,
                -32.1516227722168,
                13.540000915527344
            ],
            "power": 0.8999999761581421
        }
    ]
}