{
    "lights": [
        {
            "location": [
                -579.8485717773438,
                -500.0,
                523.2357788085938
            ],
            "power": 1.899999976158142
        },
        {
            "location": [
                289.86309814453125,
                334.81591796875,
                -308.8882141113281
            ],
            "power": 1.5800000429153442
        },
        {
            "location": [
                20.790788650512695,
                -62.22660827636719,
                13.540000915527344
            ],
            "power": 0.8999999761581421
        }
    ]
}