{
    "lights": [
        {
            "location": [
                -736.9261474609375,
                -500.0,
                -258.72747802734375
            ],
            "power": 1.899999976158142
        },
        {
            "location": [
                409.9393615722656,
                334.81591796875,
                106.6876449584961
            ],
            "power": 1.5800000429153442
        },
        {
            "location": [
                -44.64026641845703,
                -35.10283660888672,
                13.540000915527344
            ],
            "power": 0.8999999761581421
        }
    ]
}