{
    "lights": [
        {
            "location": [
                746.6006469726562,
                -500.0,
                229.31951904296875
            ],
            "power": 1.899999976158142
        },
        {
            "location": [
                -413.84539794921875,
                334.81591796875,
                -90.35777282714844
            ],
            "power": 1.5800000429153442
        },
        {
            "location": [
                2.9263291358947754,
                -63.335166931152344,
                13.540000915527344
            ],
            "power": 0.8999999761581421
        }
    ]
}