{
    "lights": [
        {
            "location": [
                -328.5402526855469,
                -500.0,
                -708.5628662109375
            ],
            "power": 1.899999976158142
        },
        {
            "location": [
                209.44789123535156,
                334.81591796875,
                368.1903381347656
            ],
            "power": 1.5800000429153442
        },
        {
            "location": [
                -52.54116439819336,
                -17.810787200927734,
                13.540000915527344
            ],
            "power": 0.8999999761581421
        }
    ]
}