{
    "lights": [
        {
            "location": [
                729.9143676757812,
                -500.0,
                -277.8939208984375
            ],
            "power": 1.899999976158142
        },
        {
            "location": [
                -382.00897216796875,
                334.81591796875,
                183.03465270996094
            ],
            "power": 1.5800000429153442
        },
        {
            "location": [
                -27.79509735107422,
                51.17020797729492,
                13.540000915527344
            ],
            "power": 0.8999999761581421
        }
    ]
}