{
    "lights": [
        {
            "location": [
                -470.01458740234375,
                -500.0,
                -623.767822265625
            ],
            "power": 1.899999976158142
        },
        {
            "location": [
                282.0985412597656,
                334.81591796875,
                315.9951477050781
            ],
            "power": 1.5800000429153442
        },
        {
            "location": [
                -48.640323638916016,
                -28.04662322998047,
                13.540000915527344
            ],
            "power": 0.8999999761581421
        }
    ]
}