{
    "lights": [
        {
            "location": [
                763.6804809570312,
                -500.0,
                163.68292236328125
            ],
            "power": 1.899999976158142
        },
        {
            "location": [
                -420.12408447265625,
                334.81591796875,
                -54.11358642578125
            ],
            "power": 1.5800000429153442
        },
        {
            "location": [
                69.99220275878906,
                10.281664848327637,
                13.540000915527344
            ],
            "power": 0.8999999761581421
        }
    ]
}