{
    "lights": [
        {
            "location": [
                -384.6001892089844,
                -500.0,
                679.7666625976562
            ],
            "power": 1.899999976158142
        },
        {
            "location": [
                177.2918243408203,
                334.81591796875,
                -384.7078857421875
            ],
            "power": 1.5800000429153442
        },
        {
            "location": [
                -31.080852508544922,
                -49.93690490722656,
                13.540000915527344
            ],
            "power": 0.8999999761581421
        }
    ]
}