{
    "lights": [
        {
            "location": [
                -715.5484619140625,
                -500.0,
                313.0341796875
            ],
            "power": 1.899999976158142
        },
        {
            "location": [
                372.6635437011719,
                334.81591796875,
                -201.38131713867188
            ],
            "power": 1.5800000429153442
        },
        {
            "location": [
                5.355611801147461,
                -63.48442077636719,
                13.540000915527344
            ],
            "power": 0.8999999761581421
        }
    ]
}