{
    "lights": [
        {
            "location": [
                704.2489013671875,
                -500.0,
                -337.6884765625
            ],
            "power": 1.899999976158142
        },
        {
            "location": [
                -365.4471130371094,
                334.81591796875,
                214.19833374023438
            ],
            "power": 1.5800000429153442
        },
        {
            "location": [
                60.38973617553711,
                34.282073974609375,
                13.540000915527344
            ],
            "power": 0.8999999761581421
        }
    ]
}