{
    "lights": [
        {
            "location": [
                -769.454833984375,
                -500.0,
                -133.9376220703125
            ],
            "power": 1.899999976158142
        },
        {
            "location": [
                421.90692138671875,
                334.81591796875,
                37.776817321777344
            ],
            "power": 1.5800000429153442
        },
        {
            "location": [
                -22.447900772094727,
                -55.68510055541992,
                13.540000915527344
            ],
            "power": 0.8999999761581421
        }
    ]
}