{
    "lights": [
        {
            "location": [
                -287.60791015625,
                -500.0,
                726.1417236328125
            ],
            "power": 1.899999976158142
        },
        {
            "location": [
                122.7823486328125,
                334.81591796875,
                -405.40972900390625
            ],
            "power": 1.5800000429153442
        },
        {
            "location": [
                57.98838424682617,
                37.644020080566406,
                13.540000915527344
            ],
            "power": 0.8999999761581421
        }
    ]
}