{
    "lights": [
        {
            "location": [
                336.060546875,
                -500.0,
                -705.0271606445312
            ],
            "power": 1.899999976158142
        },
        {
            "location": [
                -149.9203338623047,
                334.81591796875,
                396.1772766113281
            ],
            "power": 1.5800000429153442
        },
        {
            "location": [
                -49.77201843261719,
                24.37673568725586,
                13.540000915527344
            ],
            "power": 0.8999999761581421
        }
    ]
}