{
    "lights": [
        {
            "location": [
                -509.08612060546875,
                -500.0,
                -592.3102416992188
            ],
            "power": 1.899999976158142
        },
        {
            "location": [
                301.80108642578125,
                334.81591796875,
                297.2350158691406
            ],
            "power": 1.5800000429153442
        },
        {
            "location": [
                -47.187896728515625,
                -30.861188888549805,
                13.540000915527344
            ],
            "power": 0.8999999761581421
        }
    ]
}