{
    "lights": [
        {
            "location": [
                85.24349975585938,
                -500.0,
                776.359130859375
            ],
            "power": 1.899999976158142
        },
        {
            "location": [
                -80.9986801147461,
                334.81591796875,
                -415.7784729003906
            ],
            "power": 1.5800000429153442
        },
        {
            "location": [
                44.440818786621094,
                50.71773910522461,
                13.540000915527344
            ],
            "power": 0.8999999761581421
        }
    ]
}