{
    "lights": [
        {
            "location": [
                -757.1981201171875,
                -500.0,
                191.44454956054688
            ],
            "power": 1.899999976158142
        },
        {
            "location": [
                400.64459228515625,
                334.81591796875,
                -137.5371551513672
            ],
            "power": 1.5800000429153442
        },
        {
            "location": [
                70.627197265625,
                5.6671953201293945,
                13.540000915527344
            ],
            "power": 0.8999999761581421
        }
    ]
}