{
    "lights": [
        {
            "location": [
                182.80868530273438,
                -500.0,
                759.3292846679688
            ],
            "power": 1.899999976158142
        },
        {
            "location": [
                -132.96543884277344,
                334.81591796875,
                -402.1849365234375
            ],
            "power": 1.5800000429153442
        },
        {
            "location": [
                60.542701721191406,
                -35.25123596191406,
                13.540000915527344
            ],
            "power": 0.8999999761581421
        }
    ]
}