{
    "lights": [
        {
            "location": [
                -102.11883544921875,
                -500.0,
                774.3201904296875
            ],
            "power": 1.899999976158142
        },
        {
            "location": [
                20.36023712158203,
                334.81591796875,
                -423.10516357421875
            ],
            "power": 1.5800000429153442
        },
        {
            "location": [
                51.68950653076172,
                44.70640563964844,
                13.540000915527344
            ],
            "power": 0.8999999761581421
        }
    ]
}