{
    "lights": [
        {
            "location": [
                -361.06805419921875,
                -500.0,
                -692.5531005859375
            ],
            "power": 1.899999976158142
        },
        {
            "location": [
                226.30857849121094,
                334.81591796875,
                358.0739440917969
            ],
            "power": 1.5800000429153442
        },
        {
            "location": [
                -51.84767150878906,
                -20.085880279541016,
                13.540000915527344
            ],
            "power": 0.8999999761581421
        }
    ]
}