{
    "lights": [
        {
            "location": [
                527.3754272460938,
                -500.0,
                576.0861206054688
            ],
            "power": 1.899999976158142
        },
        {
            "location": [
                -310.9563903808594,
                334.81591796875,
                -287.6432800292969
            ],
            "power": 1.5800000429153442
        },
        {
            "location": [
                -53.94795608520508,
                10.530779838562012,
                13.540000915527344
            ],
            "power": 0.8999999761581421
        }
    ]
}