{
    "lights": [
        {
            "location": [
                -283.6192626953125,
                -500.0,
                -727.7088012695312
            ],
            "power": 1.899999976158142
        },
        {
            "location": [
                186.02993774414062,
                334.81591796875,
                380.559326171875
            ],
            "power": 1.5800000429153442
        },
        {
            "location": [
                -48.69728088378906,
                -27.928770065307617,
                13.540000915527344
            ],
            "power": 0.8999999761581421
        }
    ]
}