{
    "lights": [
        {
            "location": [
                -703.1229858398438,
                -500.0,
                -340.0265808105469
            ],
            "power": 1.899999976158142
        },
        {
            "location": [
                395.3265075683594,
                334.81591796875,
                152.1495819091797
            ],
            "power": 1.5800000429153442
        },
        {
            "location": [
                -34.05744171142578,
                -47.42536544799805,
                13.540000915527344
            ],
            "power": 0.8999999761581421
        }
    ]
}