{
    "lights": [
        {
            "location": [
                -500.3684997558594,
                -500.0,
                -599.6926879882812
            ],
            "power": 1.899999976158142
        },
        {
            "location": [
                297.42144775390625,
                334.81591796875,
                301.6173400878906
            ],
            "power": 1.5800000429153442
        },
        {
            "location": [
                -47.45573425292969,
                -30.36751365661621,
                13.540000915527344
            ],
            "power": 0.8999999761581421
        }
    ]
}