{
    "lights": [
        {
            "location": [
                -501.4700622558594,
                -500.0,
                -598.7719116210938
            ],
            "power": 1.899999976158142
        },
        {
            "location": [
                297.9753723144531,
                334.81591796875,
                301.0700988769531
            ],
            "power": 1.5800000429153442
        },
        {
            "location": [
                -47.43893814086914,
                -30.39878273010254,
                13.540000915527344
            ],
            "power": 0.8999999761581421
        }
    ]
}