{
    "lights": [
        {
            "location": [
                -604.3841552734375,
                -500.0,
                494.69158935546875
            ],
            "power": 1.899999976158142
        },
        {
            "location": [
                304.4084167480469,
                334.81591796875,
                -294.5641784667969
            ],
            "power": 1.5800000429153442
        },
        {
            "location": [
                67.10147094726562,
                21.043928146362305,
                13.540000915527344
            ],
            "power": 0.8999999761581421
        }
    ]
}