{
    "lights": [
        {
            "location": [
                -780.9375610351562,
                -500.0,
                -11.686248779296875
            ],
            "power": 1.899999976158142
        },
        {
            "location": [
                422.6135559082031,
                334.81591796875,
                -28.81521987915039
            ],
            "power": 1.5800000429153442
        },
        {
            "location": [
                -42.38175964355469,
                -38.324283599853516,
                13.540000915527344
            ],
            "power": 0.8999999761581421
        }
    ]
}