{
    "lights": [
        {
            "location": [
                -373.7921447753906,
                -500.0,
                685.7692260742188
            ],
            "power": 1.899999976158142
        },
        {
            "location": [
                171.18016052246094,
                334.81591796875,
                -387.4659729003906
            ],
            "power": 1.5800000429153442
        },
        {
            "location": [
                -42.83446502685547,
                36.51200485229492,
                13.540000915527344
            ],
            "power": 0.8999999761581421
        }
    ]
}