{
    "lights": [
        {
            "location": [
                631.1619873046875,
                -500.0,
                460.03753662109375
            ],
            "power": 1.899999976158142
        },
        {
            "location": [
                -361.83123779296875,
                334.81591796875,
                -220.2513885498047
            ],
            "power": 1.5800000429153442
        },
        {
            "location": [
                12.999847412109375,
                62.14109420776367,
                13.540000915527344
            ],
            "power": 0.8999999761581421
        }
    ]
}