{
    "lights": [
        {
            "location": [
                -121.59747314453125,
                -500.0,
                -771.5011596679688
            ],
            "power": 1.899999976158142
        },
        {
            "location": [
                100.42904663085938,
                334.81591796875,
                411.5173645019531
            ],
            "power": 1.5800000429153442
        },
        {
            "location": [
                -49.456844329833984,
                -26.29346466064453,
                13.540000915527344
            ],
            "power": 0.8999999761581421
        }
    ]
}