{
    "lights": [
        {
            "location": [
                748.2608642578125,
                -500.0,
                223.84310913085938
            ],
            "power": 1.899999976158142
        },
        {
            "location": [
                -414.4963073730469,
                334.81591796875,
                -87.32315063476562
            ],
            "power": 1.5800000429153442
        },
        {
            "location": [
                70.46997833251953,
                7.077587604522705,
                13.540000915527344
            ],
            "power": 0.8999999761581421
        }
    ]
}