{
    "lights": [
        {
            "location": [
                640.483154296875,
                -500.0,
                446.9690856933594
            ],
            "power": 1.899999976158142
        },
        {
            "location": [
                -366.28131103515625,
                334.81591796875,
                -212.76870727539062
            ],
            "power": 1.5800000429153442
        },
        {
            "location": [
                -4.2930192947387695,
                -62.32783126831055,
                13.540000915527344
            ],
            "power": 0.8999999761581421
        }
    ]
}