{
    "lights": [
        {
            "location": [
                301.97821044921875,
                -500.0,
                -720.2840576171875
            ],
            "power": 1.899999976158142
        },
        {
            "location": [
                -130.81283569335938,
                334.81591796875,
                402.8902282714844
            ],
            "power": 1.5800000429153442
        },
        {
            "location": [
                -50.633975982666016,
                22.280132293701172,
                13.540000915527344
            ],
            "power": 0.8999999761581421
        }
    ]
}