{
    "lights": [
        {
            "location": [
                -730.4478759765625,
                -500.0,
                276.4885559082031
            ],
            "power": 1.899999976158142
        },
        {
            "location": [
                382.36053466796875,
                334.81591796875,
                -182.29908752441406
            ],
            "power": 1.5800000429153442
        },
        {
            "location": [
                2.889556884765625,
                -63.33218002319336,
                13.540000915527344
            ],
            "power": 0.8999999761581421
        }
    ]
}