{
    "lights": [
        {
            "location": [
                -69.90084838867188,
                -500.0,
                777.8906860351562
            ],
            "power": 1.899999976158142
        },
        {
            "location": [
                2.7861716747283936,
                334.81591796875,
                -423.58563232421875
            ],
            "power": 1.5800000429153442
        },
        {
            "location": [
                -48.104026794433594,
                27.926855087280273,
                13.540000915527344
            ],
            "power": 0.8999999761581421
        }
    ]
}