{
    "lights": [
        {
            "location": [
                -462.8874816894531,
                -500.0,
                -629.0748291015625
            ],
            "power": 1.899999976158142
        },
        {
            "location": [
                278.4851989746094,
                334.81591796875,
                319.1841735839844
            ],
            "power": 1.5800000429153442
        },
        {
            "location": [
                -48.89923858642578,
                -27.505760192871094,
                13.540000915527344
            ],
            "power": 0.8999999761581421
        }
    ]
}