{
    "lights": [
        {
            "location": [
                780.9593505859375,
                -500.0,
                10.129638671875
            ],
            "power": 1.899999976158142
        },
        {
            "location": [
                -422.5552978515625,
                334.81591796875,
                29.657529830932617
            ],
            "power": 1.5800000429153442
        },
        {
            "location": [
                -12.986631393432617,
                58.73805618286133,
                13.540000915527344
            ],
            "power": 0.8999999761581421
        }
    ]
}