{
    "lights": [
        {
            "location": [
                255.33480834960938,
                -500.0,
                738.1084594726562
            ],
            "power": 1.899999976158142
        },
        {
            "location": [
                -171.21034240722656,
                334.81591796875,
                -387.45263671875
            ],
            "power": 1.5800000429153442
        },
        {
            "location": [
                -17.309511184692383,
                -58.22700500488281,
                13.540000915527344
            ],
            "power": 0.8999999761581421
        }
    ]
}