{
    "lights": [
        {
            "location": [
                777.74365234375,
                -500.0,
                71.51840209960938
            ],
            "power": 1.899999976158142
        },
        {
            "location": [
                -423.57891845703125,
                334.81591796875,
                -3.667048215866089
            ],
            "power": 1.5800000429153442
        },
        {
            "location": [
                7.939416408538818,
                -63.53996658325195,
                13.540000915527344
            ],
            "power": 0.8999999761581421
        }
    ]
}