{
    "lights": [
        {
            "location": [
                -535.293212890625,
                -500.0,
                -568.7363891601562
            ],
            "power": 1.899999976158142
        },
        {
            "location": [
                314.9052429199219,
                334.81591796875,
                283.3146667480469
            ],
            "power": 1.5800000429153442
        },
        {
            "location": [
                -46.081756591796875,
                -32.796382904052734,
                13.540000915527344
            ],
            "power": 0.8999999761581421
        }
    ]
}