{
    "lights": [
        {
            "location": [
                423.47015380859375,
                -500.0,
                656.2568359375
            ],
            "power": 1.899999976158142
        },
        {
            "location": [
                -258.4033508300781,
                334.81591796875,
                -335.6489562988281
            ],
            "power": 1.5800000429153442
        },
        {
            "location": [
                27.880884170532227,
                59.117618560791016,
                13.540000915527344
            ],
            "power": 0.8999999761581421
        }
    ]
}