{
    "lights": [
        {
            "location": [
                129.32962036132812,
                -500.0,
                -770.2427368164062
            ],
            "power": 1.899999976158142
        },
        {
            "location": [
                -35.25078582763672,
                334.81591796875,
                422.1254577636719
            ],
            "power": 1.5800000429153442
        },
        {
            "location": [
                -50.62638473510742,
                -23.499574661254883,
                13.540000915527344
            ],
            "power": 0.8999999761581421
        }
    ]
}