{
    "lights": [
        {
            "location": [
                775.993896484375,
                -500.0,
                -88.50640869140625
            ],
            "power": 1.899999976158142
        },
        {
            "location": [
                -415.4342956542969,
                334.81591796875,
                82.74580383300781
            ],
            "power": 1.5800000429153442
        },
        {
            "location": [
                13.070940017700195,
                -63.335384368896484,
                13.540000915527344
            ],
            "power": 0.8999999761581421
        }
    ]
}