{
    "lights": [
        {
            "location": [
                -605.5935668945312,
                -500.0,
                -493.2102966308594
            ],
            "power": 1.899999976158142
        },
        {
            "location": [
                349.504150390625,
                334.81591796875,
                239.33111572265625
            ],
            "power": 1.5800000429153442
        },
        {
            "location": [
                -42.25476837158203,
                -38.493289947509766,
                13.540000915527344
            ],
            "power": 0.8999999761581421
        }
    ]
}