{
    "lights": [
        {
            "location": [
                146.17340087890625,
                -500.0,
                767.2244262695312
            ],
            "power": 1.899999976158142
        },
        {
            "location": [
                -113.5196762084961,
                334.81591796875,
                -408.1002502441406
            ],
            "power": 1.5800000429153442
        },
        {
            "location": [
                41.84624099731445,
                52.46482467651367,
                13.540000915527344
            ],
            "power": 0.8999999761581421
        }
    ]
}