{
    "lights": [
        {
            "location": [
                10.469879150390625,
                -500.0,
                780.9547729492188
            ],
            "power": 1.899999976158142
        },
        {
            "location": [
                -40.79112243652344,
                334.81591796875,
                -421.62615966796875
            ],
            "power": 1.5800000429153442
        },
        {
            "location": [
                -49.165157318115234,
                25.736061096191406,
                13.540000915527344
            ],
            "power": 0.8999999761581421
        }
    ]
}