{
    "lights": [
        {
            "location": [
                -512.56298828125,
                -500.0,
                -589.303955078125
            ],
            "power": 1.899999976158142
        },
        {
            "location": [
                303.5450744628906,
                334.81591796875,
                295.4537353515625
            ],
            "power": 1.5800000429153442
        },
        {
            "location": [
                63.434085845947266,
                -30.40781593322754,
                13.540000915527344
            ],
            "power": 0.8999999761581421
        }
    ]
}