{
    "lights": [
        {
            "location": [
                -711.690185546875,
                -500.0,
                321.70965576171875
            ],
            "power": 1.899999976158142
        },
        {
            "location": [
                370.1878967285156,
                334.81591796875,
                -205.896728515625
            ],
            "power": 1.5800000429153442
        },
        {
            "location": [
                69.6838607788086,
                11.911786079406738,
                13.540000915527344
            ],
            "power": 0.8999999761581421
        }
    ]
}