{
    "lights": [
        {
            "location": [
                -737.2591552734375,
                -500.0,
                257.7767333984375
            ],
            "power": 1.899999976158142
        },
        {
            "location": [
                386.8837585449219,
                334.81591796875,
                -172.49195861816406
            ],
            "power": 1.5800000429153442
        },
        {
            "location": [
                70.23419189453125,
                8.79940128326416,
                13.540000915527344
            ],
            "power": 0.8999999761581421
        }
    ]
}