{
    "lights": [
        {
            "location": [
                386.4971923828125,
                -500.0,
                -678.6898193359375
            ],
            "power": 1.899999976158142
        },
        {
            "location": [
                -178.36557006835938,
                334.81591796875,
                384.2112121582031
            ],
            "power": 1.5800000429153442
        },
        {
            "location": [
                44.68306350708008,
                50.54485321044922,
                13.540000915527344
            ],
            "power": 0.8999999761581421
        }
    ]
}