{
    "lights": [
        {
            "location": [
                166.64535522460938,
                -500.0,
                -763.03955078125
            ],
            "power": 1.899999976158142
        },
        {
            "location": [
                -55.74357223510742,
                334.81591796875,
                419.91094970703125
            ],
            "power": 1.5800000429153442
        },
        {
            "location": [
                -53.227962493896484,
                13.980111122131348,
                13.540000915527344
            ],
            "power": 0.8999999761581421
        }
    ]
}