{
    "lights": [
        {
            "location": [
                319.26483154296875,
                -500.0,
                712.790283203125
            ],
            "power": 1.899999976158142
        },
        {
            "location": [
                -204.6248016357422,
                334.81591796875,
                -370.8924560546875
            ],
            "power": 1.5800000429153442
        },
        {
            "location": [
                33.633750915527344,
                56.883514404296875,
                13.540000915527344
            ],
            "power": 0.8999999761581421
        }
    ]
}