{
    "lights": [
        {
            "location": [
                -346.95062255859375,
                -500.0,
                699.7322998046875
            ],
            "power": 1.899999976158142
        },
        {
            "location": [
                156.04446411132812,
                334.81591796875,
                -393.8053283691406
            ],
            "power": 1.5800000429153442
        },
        {
            "location": [
                59.847293853759766,
                35.083351135253906,
                13.540000915527344
            ],
            "power": 0.8999999761581421
        }
    ]
}