{
    "lights": [
        {
            "location": [
                -754.0697631835938,
                -500.0,
                203.41781616210938
            ],
            "power": 1.899999976158142
        },
        {
            "location": [
                398.41510009765625,
                334.81591796875,
                -143.86782836914062
            ],
            "power": 1.5800000429153442
        },
        {
            "location": [
                -1.9094371795654297,
                -62.75502014160156,
                13.540000915527344
            ],
            "power": 0.8999999761581421
        }
    ]
}