{
    "lights": [
        {
            "location": [
                -375.9214172363281,
                -500.0,
                -684.6043090820312
            ],
            "power": 1.899999976158142
        },
        {
            "location": [
                233.97906494140625,
                334.81591796875,
                353.1094970703125
            ],
            "power": 1.5800000429153442
        },
        {
            "location": [
                -51.49482345581055,
                -21.138002395629883,
                13.540000915527344
            ],
            "power": 0.8999999761581421
        }
    ]
}