{
    "lights": [
        {
            "location": [
                -613.8533935546875,
                -500.0,
                -482.8912658691406
            ],
            "power": 1.899999976158142
        },
        {
            "location": [
                353.5042724609375,
                334.81591796875,
                233.38221740722656
            ],
            "power": 1.5800000429153442
        },
        {
            "location": [
                66.06791687011719,
                -24.88087272644043,
                13.540000915527344
            ],
            "power": 0.8999999761581421
        }
    ]
}