{
    "lights": [
        {
            "location": [
                -634.1141357421875,
                -500.0,
                455.95977783203125
            ],
            "power": 1.899999976158142
        },
        {
            "location": [
                322.219482421875,
                334.81591796875,
                -274.967529296875
            ],
            "power": 1.5800000429153442
        },
        {
            "location": [
                15.558813095092773,
                -63.08445739746094,
                13.540000915527344
            ],
            "power": 0.8999999761581421
        }
    ]
}