{
    "lights": [
        {
            "location": [
                -550.0244140625,
                -500.0,
                -554.5025634765625
            ],
            "power": 1.899999976158142
        },
        {
            "location": [
                322.2269592285156,
                334.81591796875,
                274.958740234375
            ],
            "power": 1.5800000429153442
        },
        {
            "location": [
                -45.38050842285156,
                -33.946136474609375,
                13.540000915527344
            ],
            "power": 0.8999999761581421
        }
    ]
}