{
    "lights": [
        {
            "location": [
                -33.8707275390625,
                -500.0,
                -780.2901611328125
            ],
            "power": 1.899999976158142
        },
        {
            "location": [
                53.40913391113281,
                334.81591796875,
                420.2142028808594
            ],
            "power": 1.5800000429153442
        },
        {
            "location": [
                50.619895935058594,
                -46.91401290893555,
                13.540000915527344
            ],
            "power": 0.8999999761581421
        }
    ]
}