{
    "lights": [
        {
            "location": [
                -494.11614990234375,
                -500.0,
                -604.854736328125
            ],
            "power": 1.899999976158142
        },
        {
            "location": [
                294.27435302734375,
                334.81591796875,
                304.6885986328125
            ],
            "power": 1.5800000429153442
        },
        {
            "location": [
                -47.70167541503906,
                -29.90471839904785,
                13.540000915527344
            ],
            "power": 0.8999999761581421
        }
    ]
}