{
    "lights": [
        {
            "location": [
                -558.1910400390625,
                -500.0,
                -546.2808227539062
            ],
            "power": 1.899999976158142
        },
        {
            "location": [
                326.2710266113281,
                334.81591796875,
                270.1475830078125
            ],
            "power": 1.5800000429153442
        },
        {
            "location": [
                -44.96976089477539,
                -34.594818115234375,
                13.540000915527344
            ],
            "power": 0.8999999761581421
        }
    ]
}