{
    "lights": [
        {
            "location": [
                -310.15753173828125,
                -500.0,
                716.800048828125
            ],
            "power": 1.899999976158142
        },
        {
            "location": [
                135.39041137695312,
                334.81591796875,
                -401.3751220703125
            ],
            "power": 1.5800000429153442
        },
        {
            "location": [
                -29.59632110595703,
                -51.07732009887695,
                13.540000915527344
            ],
            "power": 0.8999999761581421
        }
    ]
}