{
    "lights": [
        {
            "location": [
                267.3768310546875,
                -500.0,
                -733.8321533203125
            ],
            "power": 1.899999976158142
        },
        {
            "location": [
                -111.501708984375,
                334.81591796875,
                408.6562194824219
            ],
            "power": 1.5800000429153442
        },
        {
            "location": [
                41.393489837646484,
                -53.95089340209961,
                13.540000915527344
            ],
            "power": 0.8999999761581421
        }
    ]
}