{
    "lights": [
        {
            "location": [
                -446.2308654785156,
                -500.0,
                -640.9976806640625
            ],
            "power": 1.899999976158142
        },
        {
            "location": [
                270.0188293457031,
                334.81591796875,
                326.377685546875
            ],
            "power": 1.5800000429153442
        },
        {
            "location": [
                -49.47425079345703,
                -26.25450897216797,
                13.540000915527344
            ],
            "power": 0.8999999761581421
        }
    ]
}