{
    "lights": [
        {
            "location": [
                471.4271545410156,
                -500.0,
                622.7008666992188
            ],
            "power": 1.899999976158142
        },
        {
            "location": [
                -282.81402587890625,
                334.81591796875,
                -315.3549499511719
            ],
            "power": 1.5800000429153442
        },
        {
            "location": [
                24.945512771606445,
                60.01594543457031,
                13.540000915527344
            ],
            "power": 0.8999999761581421
        }
    ]
}