{
    "lights": [
        {
            "location": [
                338.68218994140625,
                -500.0,
                703.771484375
            ],
            "power": 1.899999976158142
        },
        {
            "location": [
                -214.7139434814453,
                334.81591796875,
                -365.1444091796875
            ],
            "power": 1.5800000429153442
        },
        {
            "location": [
                65.07551574707031,
                -27.129770278930664,
                13.540000915527344
            ],
            "power": 0.8999999761581421
        }
    ]
}