{
    "lights": [
        {
            "location": [
                53.888580322265625,
                -500.0,
                -779.1636962890625
            ],
            "power": 1.899999976158142
        },
        {
            "location": [
                5.92554235458374,
                334.81591796875,
                423.5533447265625
            ],
            "power": 1.5800000429153442
        },
        {
            "location": [
                30.591663360595703,
                58.14572525024414,
                13.540000915527344
            ],
            "power": 0.8999999761581421
        }
    ]
}