{
    "lights": [
        {
            "location": [
                -519.8330688476562,
                -500.0,
                582.9010009765625
            ],
            "power": 1.899999976158142
        },
        {
            "location": [
                254.74127197265625,
                334.81591796875,
                -338.4367370605469
            ],
            "power": 1.5800000429153442
        },
        {
            "location": [
                -33.8484992980957,
                -47.6121940612793,
                13.540000915527344
            ],
            "power": 0.8999999761581421
        }
    ]
}