{
    "lights": [
        {
            "location": [
                645.1731567382812,
                -500.0,
                -440.1722412109375
            ],
            "power": 1.899999976158142
        },
        {
            "location": [
                -328.906982421875,
                334.81591796875,
                266.93206787109375
            ],
            "power": 1.5800000429153442
        },
        {
            "location": [
                -35.981624603271484,
                44.422882080078125,
                13.540000915527344
            ],
            "power": 0.8999999761581421
        }
    ]
}