{
    "lights": [
        {
            "location": [
                7.0098876953125,
                -500.0,
                -780.9935302734375
            ],
            "power": 1.899999976158142
        },
        {
            "location": [
                31.34524917602539,
                334.81591796875,
                422.4334411621094
            ],
            "power": 1.5800000429153442
        },
        {
            "location": [
                -54.76395034790039,
                4.1042304039001465,
                13.540000915527344
            ],
            "power": 0.8999999761581421
        }
    ]
}