{
    "lights": [
        {
            "location": [
                730.1948852539062,
                -500.0,
                -277.1558532714844
            ],
            "power": 1.899999976158142
        },
        {
            "location": [
                -382.19378662109375,
                334.81591796875,
                182.64837646484375
            ],
            "power": 1.5800000429153442
        },
        {
            "location": [
                62.12460708618164,
                31.524293899536133,
                13.540000915527344
            ],
            "power": 0.8999999761581421
        }
    ]
}