{
    "lights": [
        {
            "location": [
                12.692779541015625,
                -500.0,
                780.921875
            ],
            "power": 1.899999976158142
        },
        {
            "location": [
                -41.99110412597656,
                334.81591796875,
                -421.5083312988281
            ],
            "power": 1.5800000429153442
        },
        {
            "location": [
                -22.978914260864258,
                -55.38822937011719,
                13.540000915527344
            ],
            "power": 0.8999999761581421
        }
    ]
}