{
    "lights": [
        {
            "location": [
                745.3665161132812,
                -500.0,
                233.29974365234375
            ],
            "power": 1.899999976158142
        },
        {
            "location": [
                -413.3573913574219,
                334.81591796875,
                -92.56455993652344
            ],
            "power": 1.5800000429153442
        },
        {
            "location": [
                -54.93192672729492,
                0.408003568649292,
                13.540000915527344
            ],
            "power": 0.8999999761581421
        }
    ]
}