{
    "lights": [
        {
            "location": [
                596.3380737304688,
                -500.0,
                504.3618469238281
            ],
            "power": 1.899999976158142
        },
        {
            "location": [
                -345.0033264160156,
                334.81591796875,
                -245.77476501464844
            ],
            "power": 1.5800000429153442
        },
        {
            "location": [
                16.000774383544922,
                61.829410552978516,
                13.540000915527344
            ],
            "power": 0.8999999761581421
        }
    ]
}