{
    "lights": [
        {
            "location": [
                750.825439453125,
                -500.0,
                -215.08436584472656
            ],
            "power": 1.899999976158142
        },
        {
            "location": [
                -396.13671875,
                334.81591796875,
                150.0275115966797
            ],
            "power": 1.5800000429153442
        },
        {
            "location": [
                63.71464157104492,
                28.68006706237793,
                13.540000915527344
            ],
            "power": 0.8999999761581421
        }
    ]
}