{
    "lights": [
        {
            "location": [
                76.71786499023438,
                -500.0,
                777.2479248046875
            ],
            "power": 1.899999976158142
        },
        {
            "location": [
                -76.43065643310547,
                334.81591796875,
                -416.6424255371094
            ],
            "power": 1.5800000429153442
        },
        {
            "location": [
                56.92808151245117,
                -40.191490173339844,
                13.540000915527344
            ],
            "power": 0.8999999761581421
        }
    ]
}