{
    "lights": [
        {
            "location": [
                619.95361328125,
                -500.0,
                -475.0341796875
            ],
            "power": 1.899999976158142
        },
        {
            "location": [
                -313.70782470703125,
                334.81591796875,
                284.6399841308594
            ],
            "power": 1.5800000429153442
        },
        {
            "location": [
                -53.30385971069336,
                -14.85763168334961,
                13.540000915527344
            ],
            "power": 0.8999999761581421
        }
    ]
}