{
    "lights": [
        {
            "location": [
                -302.0638732910156,
                -500.0,
                720.2481689453125
            ],
            "power": 1.899999976158142
        },
        {
            "location": [
                130.86077880859375,
                334.81591796875,
                -402.8746643066406
            ],
            "power": 1.5800000429153442
        },
        {
            "location": [
                -44.307865142822266,
                34.40472412109375,
                13.540000915527344
            ],
            "power": 0.8999999761581421
        }
    ]
}