{
    "lights": [
        {
            "location": [
                -657.8280029296875,
                -500.0,
                421.02532958984375
            ],
            "power": 1.899999976158142
        },
        {
            "location": [
                336.6081848144531,
                334.81591796875,
                -257.1526184082031
            ],
            "power": 1.5800000429153442
        },
        {
            "location": [
                12.967130661010742,
                -63.343692779541016,
                13.540000915527344
            ],
            "power": 0.8999999761581421
        }
    ]
}