{
    "lights": [
        {
            "location": [
                713.3409423828125,
                -500.0,
                -318.0325927734375
            ],
            "power": 1.899999976158142
        },
        {
            "location": [
                -371.24554443359375,
                334.81591796875,
                203.9835968017578
            ],
            "power": 1.5800000429153442
        },
        {
            "location": [
                20.900043487548828,
                -62.20383071899414,
                13.540000915527344
            ],
            "power": 0.8999999761581421
        }
    ]
}