{
    "lights": [
        {
            "location": [
                118.47454833984375,
                -500.0,
                -771.9868774414062
            ],
            "power": 1.899999976158142
        },
        {
            "location": [
                -29.305280685424805,
                334.81591796875,
                422.579833984375
            ],
            "power": 1.5800000429153442
        },
        {
            "location": [
                46.13869094848633,
                -50.66878890991211,
                13.540000915527344
            ],
            "power": 0.8999999761581421
        }
    ]
}