{
    "lights": [
        {
            "location": [
                -743.2662963867188,
                -500.0,
                239.9066925048828
            ],
            "power": 1.899999976158142
        },
        {
            "location": [
                390.9344482421875,
                334.81591796875,
                -163.1036376953125
            ],
            "power": 1.5800000429153442
        },
        {
            "location": [
                0.4665398597717285,
                -63.087520599365234,
                13.540000915527344
            ],
            "power": 0.8999999761581421
        }
    ]
}