{
    "lights": [
        {
            "location": [
                -363.63836669921875,
                -500.0,
                691.20703125
            ],
            "power": 1.899999976158142
        },
        {
            "location": [
                165.44754028320312,
                334.81591796875,
                -389.9482727050781
            ],
            "power": 1.5800000429153442
        },
        {
            "location": [
                36.41844177246094,
                -56.75901794433594,
                13.540000915527344
            ],
            "power": 0.8999999761581421
        }
    ]
}