{
    "lights": [
        {
            "location": [
                636.7840576171875,
                -500.0,
                -452.2234802246094
            ],
            "power": 1.899999976158142
        },
        {
            "location": [
                -323.83062744140625,
                334.81591796875,
                273.0682067871094
            ],
            "power": 1.5800000429153442
        },
        {
            "location": [
                56.50660705566406,
                39.50676727294922,
                13.540000915527344
            ],
            "power": 0.8999999761581421
        }
    ]
}