{
    "lights": [
        {
            "location": [
                372.67144775390625,
                -500.0,
                686.37890625
            ],
            "power": 1.899999976158142
        },
        {
            "location": [
                -232.30233764648438,
                334.81591796875,
                -354.21484375
            ],
            "power": 1.5800000429153442
        },
        {
            "location": [
                30.779706954956055,
                58.073062896728516,
                13.540000915527344
            ],
            "power": 0.8999999761581421
        }
    ]
}