{
    "lights": [
        {
            "location": [
                -310.8404235839844,
                -500.0,
                -716.504150390625
            ],
            "power": 1.899999976158142
        },
        {
            "location": [
                200.23861694335938,
                334.81591796875,
                373.27874755859375
            ],
            "power": 1.5800000429153442
        },
        {
            "location": [
                -52.875450134277344,
                -16.588212966918945,
                13.540000915527344
            ],
            "power": 0.8999999761581421
        }
    ]
}