{
    "lights": [
        {
            "location": [
                -770.017822265625,
                -500.0,
                130.66156005859375
            ],
            "power": 1.899999976158142
        },
        {
            "location": [
                410.3078918457031,
                334.81591796875,
                -105.26134490966797
            ],
            "power": 1.5800000429153442
        },
        {
            "location": [
                -24.943275451660156,
                53.030067443847656,
                13.540000915527344
            ],
            "power": 0.8999999761581421
        }
    ]
}