{
    "lights": [
        {
            "location": [
                -298.16552734375,
                -500.0,
                -721.8707275390625
            ],
            "power": 1.899999976158142
        },
        {
            "location": [
                193.62939453125,
                334.81591796875,
                376.74951171875
            ],
            "power": 1.5800000429153442
        },
        {
            "location": [
                15.299736022949219,
                61.91525650024414,
                13.540000915527344
            ],
            "power": 0.8999999761581421
        }
    ]
}