{
    "lights": [
        {
            "location": [
                607.9252319335938,
                -500.0,
                490.3334655761719
            ],
            "power": 1.899999976158142
        },
        {
            "location": [
                -350.63494873046875,
                334.81591796875,
                -237.67132568359375
            ],
            "power": 1.5800000429153442
        },
        {
            "location": [
                70.38035583496094,
                -8.974642753601074,
                13.540000915527344
            ],
            "power": 0.8999999761581421
        }
    ]
}