{
    "lights": [
        {
            "location": [
                -498.5306396484375,
                -500.0,
                -601.221435546875
            ],
            "power": 1.899999976158142
        },
        {
            "location": [
                296.4968566894531,
                334.81591796875,
                302.5262756347656
            ],
            "power": 1.5800000429153442
        },
        {
            "location": [
                -47.51801681518555,
                -30.251190185546875,
                13.540000915527344
            ],
            "power": 0.8999999761581421
        }
    ]
}