{
    "lights": [
        {
            "location": [
                -764.91259765625,
                -500.0,
                -157.82501220703125
            ],
            "power": 1.899999976158142
        },
        {
            "location": [
                420.5264892578125,
                334.81591796875,
                50.89202117919922
            ],
            "power": 1.5800000429153442
        },
        {
            "location": [
                70.23556518554688,
                -9.990338325500488,
                13.540000915527344
            ],
            "power": 0.8999999761581421
        }
    ]
}