{
    "lights": [
        {
            "location": [
                -496.6912536621094,
                -500.0,
                -602.7418823242188
            ],
            "power": 1.899999976158142
        },
        {
            "location": [
                295.5710754394531,
                334.81591796875,
                303.4308166503906
            ],
            "power": 1.5800000429153442
        },
        {
            "location": [
                -47.595027923583984,
                -30.10654640197754,
                13.540000915527344
            ],
            "power": 0.8999999761581421
        }
    ]
}