{
    "lights": [
        {
            "location": [
                -760.4505615234375,
                -500.0,
                -178.08700561523438
            ],
            "power": 1.899999976158142
        },
        {
            "location": [
                419.02630615234375,
                334.81591796875,
                62.04412841796875
            ],
            "power": 1.5800000429153442
        },
        {
            "location": [
                -43.93869400024414,
                -36.15018081665039,
                13.540000915527344
            ],
            "power": 0.8999999761581421
        }
    ]
}