{
    "lights": [
        {
            "location": [
                499.2726745605469,
                -500.0,
                -600.6053466796875
            ],
            "power": 1.899999976158142
        },
        {
            "location": [
                -242.83216857910156,
                334.81591796875,
                347.0807800292969
            ],
            "power": 1.5800000429153442
        },
        {
            "location": [
                49.74034118652344,
                46.50825119018555,
                13.540000915527344
            ],
            "power": 0.8999999761581421
        }
    ]
}