{
    "lights": [
        {
            "location": [
                -765.4738159179688,
                -500.0,
                155.080078125
            ],
            "power": 1.899999976158142
        },
        {
            "location": [
                406.7533874511719,
                334.81591796875,
                -118.25487518310547
            ],
            "power": 1.5800000429153442
        },
        {
            "location": [
                -40.607566833496094,
                -40.58434295654297,
                13.540000915527344
            ],
            "power": 0.8999999761581421
        }
    ]
}