{
    "lights": [
        {
            "location": [
                -17.30322265625,
                -500.0,
                -780.833251953125
            ],
            "power": 1.899999976158142
        },
        {
            "location": [
                44.47901916503906,
                334.81591796875,
                421.25311279296875
            ],
            "power": 1.5800000429153442
        },
        {
            "location": [
                27.593774795532227,
                59.21243667602539,
                13.540000915527344
            ],
            "power": 0.8999999761581421
        }
    ]
}