{
    "lights": [
        {
            "location": [
                -771.244873046875,
                -500.0,
                123.21249389648438
            ],
            "power": 1.899999976158142
        },
        {
            "location": [
                411.3061828613281,
                334.81591796875,
                -101.29042053222656
            ],
            "power": 1.5800000429153442
        },
        {
            "location": [
                70.8624267578125,
                2.5237503051757812,
                13.540000915527344
            ],
            "power": 0.8999999761581421
        }
    ]
}