{
    "lights": [
        {
            "location": [
                -228.64413452148438,
                -500.0,
                746.8077392578125
            ],
            "power": 1.899999976158142
        },
        {
            "location": [
                89.98341369628906,
                334.81591796875,
                -413.92694091796875
            ],
            "power": 1.5800000429153442
        },
        {
            "location": [
                43.847843170166016,
                -52.33369827270508,
                13.540000915527344
            ],
            "power": 0.8999999761581421
        }
    ]
}