{
    "lights": [
        {
            "location": [
                69.02044677734375,
                -500.0,
                -777.96923828125
            ],
            "power": 1.899999976158142
        },
        {
            "location": [
                -2.306788444519043,
                334.81591796875,
                423.5884704589844
            ],
            "power": 1.5800000429153442
        },
        {
            "location": [
                -54.35480880737305,
                7.962792873382568,
                13.540000915527344
            ],
            "power": 0.8999999761581421
        }
    ]
}