{
    "lights": [
        {
            "location": [
                233.89108276367188,
                -500.0,
                -745.18115234375
            ],
            "power": 1.899999976158142
        },
        {
            "location": [
                -92.89250183105469,
                334.81591796875,
                413.2838134765625
            ],
            "power": 1.5800000429153442
        },
        {
            "location": [
                -52.09663772583008,
                18.103946685791016,
                13.540000915527344
            ],
            "power": 0.8999999761581421
        }
    ]
}