{
    "lights": [
        {
            "location": [
                -130.86386108398438,
                -500.0,
                769.9835205078125
            ],
            "power": 1.899999976158142
        },
        {
            "location": [
                36.091697692871094,
                334.81591796875,
                -422.05438232421875
            ],
            "power": 1.5800000429153442
        },
        {
            "location": [
                48.52192306518555,
                -48.76032638549805,
                13.540000915527344
            ],
            "power": 0.8999999761581421
        }
    ]
}