{
    "lights": [
        {
            "location": [
                -404.960693359375,
                -500.0,
                667.8374633789062
            ],
            "power": 1.899999976158142
        },
        {
            "location": [
                188.83309936523438,
                334.81591796875,
                -379.1762390136719
            ],
            "power": 1.5800000429153442
        },
        {
            "location": [
                33.86070251464844,
                -57.98176956176758,
                13.540000915527344
            ],
            "power": 0.8999999761581421
        }
    ]
}