{
    "lights": [
        {
            "location": [
                211.19329833984375,
                -500.0,
                -751.9291381835938
            ],
            "power": 1.899999976158142
        },
        {
            "location": [
                -80.32105255126953,
                334.81591796875,
                415.909912109375
            ],
            "power": 1.5800000429153442
        },
        {
            "location": [
                -51.02656936645508,
                -22.44736671447754,
                13.540000915527344
            ],
            "power": 0.8999999761581421
        }
    ]
}