{
    "lights": [
        {
            "location": [
                -774.1197509765625,
                -500.0,
                -103.62750244140625
            ],
            "power": 1.899999976158142
        },
        {
            "location": [
                423.064697265625,
                334.81591796875,
                21.18468475341797
            ],
            "power": 1.5800000429153442
        },
        {
            "location": [
                -20.68736457824707,
                -56.62212371826172,
                13.540000915527344
            ],
            "power": 0.8999999761581421
        }
    ]
}