{
    "lights": [
        {
            "location": [
                -159.52810668945312,
                -500.0,
                -764.5592651367188
            ],
            "power": 1.899999976158142
        },
        {
            "location": [
                120.61785888671875,
                334.81591796875,
                406.0589599609375
            ],
            "power": 1.5800000429153442
        },
        {
            "location": [
                -54.66352844238281,
                -6.492863178253174,
                13.540000915527344
            ],
            "power": 0.8999999761581421
        }
    ]
}