{
    "lights": [
        {
            "location": [
                -704.8653564453125,
                -500.0,
                -336.3998718261719
            ],
            "power": 1.899999976158142
        },
        {
            "location": [
                396.10504150390625,
                334.81591796875,
                150.11099243164062
            ],
            "power": 1.5800000429153442
        },
        {
            "location": [
                -45.293148040771484,
                -34.085575103759766,
                13.540000915527344
            ],
            "power": 0.8999999761581421
        }
    ]
}