{
    "lights": [
        {
            "location": [
                176.24700927734375,
                -500.0,
                760.8790893554688
            ],
            "power": 1.899999976158142
        },
        {
            "location": [
                -129.4886474609375,
                334.81591796875,
                -403.3177490234375
            ],
            "power": 1.5800000429153442
        },
        {
            "location": [
                -19.265207290649414,
                -57.32787322998047,
                13.540000915527344
            ],
            "power": 0.8999999761581421
        }
    ]
}