{
    "lights": [
        {
            "location": [
                706.56884765625,
                -500.0,
                -332.80694580078125
            ],
            "power": 1.899999976158142
        },
        {
            "location": [
                -366.920654296875,
                334.81591796875,
                211.66429138183594
            ],
            "power": 1.5800000429153442
        },
        {
            "location": [
                -53.926483154296875,
                -11.849627494812012,
                13.540000915527344
            ],
            "power": 0.8999999761581421
        }
    ]
}