{
    "lights": [
        {
            "location": [
                643.5339965820312,
                -500.0,
                442.56524658203125
            ],
            "power": 1.899999976158142
        },
        {
            "location": [
                -367.732177734375,
                334.81591796875,
                -210.25123596191406
            ],
            "power": 1.5800000429153442
        },
        {
            "location": [
                70.72559356689453,
                -5.790725231170654,
                13.540000915527344
            ],
            "power": 0.8999999761581421
        }
    ]
}