{
    "lights": [
        {
            "location": [
                -490.80120849609375,
                -500.0,
                -607.5476684570312
            ],
            "power": 1.899999976158142
        },
        {
            "location": [
                292.6037902832031,
                334.81591796875,
                306.2932434082031
            ],
            "power": 1.5800000429153442
        },
        {
            "location": [
                -47.83692932128906,
                -29.646183013916016,
                13.540000915527344
            ],
            "power": 0.8999999761581421
        }
    ]
}