{
    "lights": [
        {
            "location": [
                762.9111938476562,
                -500.0,
                -167.23171997070312
            ],
            "power": 1.899999976158142
        },
        {
            "location": [
                -404.8216857910156,
                334.81591796875,
                124.70741271972656
            ],
            "power": 1.5800000429153442
        },
        {
            "location": [
                15.668577194213867,
                -63.071083068847656,
                13.540000915527344
            ],
            "power": 0.8999999761581421
        }
    ]
}