{
    "lights": [
        {
            "location": [
                -593.7808837890625,
                -500.0,
                -507.3699645996094
            ],
            "power": 1.899999976158142
        },
        {
            "location": [
                343.7565002441406,
                334.81591796875,
                247.51565551757812
            ],
            "power": 1.5800000429153442
        },
        {
            "location": [
                -0.09189605712890625,
                61.817665100097656,
                13.540000915527344
            ],
            "power": 0.8999999761581421
        }
    ]
}