{
    "lights": [
        {
            "location": [
                -777.6864624023438,
                -500.0,
                72.13711547851562
            ],
            "power": 1.899999976158142
        },
        {
            "location": [
                417.0854797363281,
                334.81591796875,
                -73.97452545166016
            ],
            "power": 1.5800000429153442
        },
        {
            "location": [
                -41.522727966308594,
                -39.44511413574219,
                13.540000915527344
            ],
            "power": 0.8999999761581421
        }
    ]
}