{
    "lights": [
        {
            "location": [
                -637.7032470703125,
                -500.0,
                -450.9263000488281
            ],
            "power": 1.899999976158142
        },
        {
            "location": [
                364.95684814453125,
                334.81591796875,
                215.03260803222656
            ],
            "power": 1.5800000429153442
        },
        {
            "location": [
                -40.0364875793457,
                -41.268646240234375,
                13.540000915527344
            ],
            "power": 0.8999999761581421
        }
    ]
}