{
    "lights": [
        {
            "location": [
                -80.15390014648438,
                -500.0,
                776.901123046875
            ],
            "power": 1.899999976158142
        },
        {
            "location": [
                8.372345924377441,
                334.81591796875,
                -423.51202392578125
            ],
            "power": 1.5800000429153442
        },
        {
            "location": [
                50.75246810913086,
                -46.791664123535156,
                13.540000915527344
            ],
            "power": 0.8999999761581421
        }
    ]
}