{
    "lights": [
        {
            "location": [
                -364.2806091308594,
                -500.0,
                -690.8687133789062
            ],
            "power": 1.899999976158142
        },
        {
            "location": [
                227.96914672851562,
                334.81591796875,
                357.0190124511719
            ],
            "power": 1.5800000429153442
        },
        {
            "location": [
                12.195053100585938,
                62.200042724609375,
                13.540000915527344
            ],
            "power": 0.8999999761581421
        }
    ]
}