{
    "lights": [
        {
            "location": [
                569.13671875,
                -500.0,
                534.86767578125
            ],
            "power": 1.899999976158142
        },
        {
            "location": [
                -331.67364501953125,
                334.81591796875,
                -263.48651123046875
            ],
            "power": 1.5800000429153442
        },
        {
            "location": [
                69.8753890991211,
                -12.12734603881836,
                13.540000915527344
            ],
            "power": 0.8999999761581421
        }
    ]
}