{
    "lights": [
        {
            "location": [
                -741.5010375976562,
                -500.0,
                -245.308349609375
            ],
            "power": 1.899999976158142
        },
        {
            "location": [
                411.8083801269531,
                334.81591796875,
                99.22895812988281
            ],
            "power": 1.5800000429153442
        },
        {
            "location": [
                -28.79859161376953,
                -51.66179656982422,
                13.540000915527344
            ],
            "power": 0.8999999761581421
        }
    ]
}