{
    "lights": [
        {
            "location": [
                -38.036224365234375,
                -500.0,
                -780.0982055664062
            ],
            "power": 1.899999976158142
        },
        {
            "location": [
                55.65189743041992,
                334.81591796875,
                419.923095703125
            ],
            "power": 1.5800000429153442
        },
        {
            "location": [
                -49.83911895751953,
                -25.420957565307617,
                13.540000915527344
            ],
            "power": 0.8999999761581421
        }
    ]
}