{
    "lights": [
        {
            "location": [
                -542.8297119140625,
                -500.0,
                -561.5477905273438
            ],
            "power": 1.899999976158142
        },
        {
            "location": [
                318.65521240234375,
                334.81591796875,
                279.09027099609375
            ],
            "power": 1.5800000429153442
        },
        {
            "location": [
                2.9437084197998047,
                62.136573791503906,
                13.540000915527344
            ],
            "power": 0.8999999761581421
        }
    ]
}