{
    "lights": [
        {
            "location": [
                562.8327026367188,
                -500.0,
                -541.497314453125
            ],
            "power": 1.899999976158142
        },
        {
            "location": [
                -279.8446960449219,
                334.81591796875,
                317.9928894042969
            ],
            "power": 1.5800000429153442
        },
        {
            "location": [
                -41.13032150268555,
                38.7402458190918,
                13.540000915527344
            ],
            "power": 0.8999999761581421
        }
    ]
}