{
    "lights": [
        {
            "location": [
                619.22021484375,
                -500.0,
                -475.9898681640625
            ],
            "power": 1.899999976158142
        },
        {
            "location": [
                -313.2684020996094,
                334.81591796875,
                285.12353515625
            ],
            "power": 1.5800000429153442
        },
        {
            "location": [
                -37.794342041015625,
                42.57779312133789,
                13.540000915527344
            ],
            "power": 0.8999999761581421
        }
    ]
}