{
    "lights": [
        {
            "location": [
                590.5078735351562,
                -500.0,
                511.17559814453125
            ],
            "power": 1.899999976158142
        },
        {
            "location": [
                -342.1586608886719,
                334.81591796875,
                -249.71981811523438
            ],
            "power": 1.5800000429153442
        },
        {
            "location": [
                -6.604081153869629,
                -61.8222541809082,
                13.540000915527344
            ],
            "power": 0.8999999761581421
        }
    ]
}