{
    "lights": [
        {
            "location": [
                -513.021728515625,
                -500.0,
                -588.9046630859375
            ],
            "power": 1.899999976158142
        },
        {
            "location": [
                303.7750549316406,
                334.81591796875,
                295.21728515625
            ],
            "power": 1.5800000429153442
        },
        {
            "location": [
                -47.03688049316406,
                -31.13498306274414,
                13.540000915527344
            ],
            "power": 0.8999999761581421
        }
    ]
}