{
    "lights": [
        {
            "location": [
                -680.7918701171875,
                -500.0,
                382.782470703125
            ],
            "power": 1.899999976158142
        },
        {
            "location": [
                350.7402648925781,
                334.81591796875,
                -237.51588439941406
            ],
            "power": 1.5800000429153442
        },
        {
            "location": [
                68.97718811035156,
                14.995701789855957,
                13.540000915527344
            ],
            "power": 0.8999999761581421
        }
    ]
}