{
    "lights": [
        {
            "location": [
                -207.66131591796875,
                -500.0,
                -752.9122314453125
            ],
            "power": 1.899999976158142
        },
        {
            "location": [
                146.10931396484375,
                334.81591796875,
                397.59857177734375
            ],
            "power": 1.5800000429153442
        },
        {
            "location": [
                -54.286781311035156,
                -9.6443510055542,
                13.540000915527344
            ],
            "power": 0.8999999761581421
        }
    ]
}