{
    "lights": [
        {
            "location": [
                263.51507568359375,
                -500.0,
                735.2276611328125
            ],
            "power": 1.899999976158142
        },
        {
            "location": [
                -175.50209045410156,
                334.81591796875,
                -385.5276184082031
            ],
            "power": 1.5800000429153442
        },
        {
            "location": [
                36.434814453125,
                55.55073547363281,
                13.540000915527344
            ],
            "power": 0.8999999761581421
        }
    ]
}