{
    "lights": [
        {
            "location": [
                37.66510009765625,
                -500.0,
                -780.1162109375
            ],
            "power": 1.899999976158142
        },
        {
            "location": [
                14.737006187438965,
                334.81591796875,
                423.33837890625
            ],
            "power": 1.5800000429153442
        },
        {
            "location": [
                -54.59129333496094,
                6.01613187789917,
                13.540000915527344
            ],
            "power": 0.8999999761581421
        }
    ]
}