{
    "lights": [
        {
            "location": [
                667.0857543945312,
                -500.0,
                -406.19775390625
            ],
            "power": 1.899999976158142
        },
        {
            "location": [
                -342.2789001464844,
                334.81591796875,
                249.5550079345703
            ],
            "power": 1.5800000429153442
        },
        {
            "location": [
                -53.628273010253906,
                -13.38277530670166,
                13.540000915527344
            ],
            "power": 0.8999999761581421
        }
    ]
}