{
    "lights": [
        {
            "location": [
                193.23294067382812,
                -500.0,
                -756.74365234375
            ],
            "power": 1.899999976158142
        },
        {
            "location": [
                -70.39707946777344,
                334.81591796875,
                417.70416259765625
            ],
            "power": 1.5800000429153442
        },
        {
            "location": [
                36.43422317504883,
                55.5510368347168,
                13.540000915527344
            ],
            "power": 0.8999999761581421
        }
    ]
}