{
    "lights": [
        {
            "location": [
                -159.75555419921875,
                -500.0,
                -764.51171875
            ],
            "power": 1.899999976158142
        },
        {
            "location": [
                120.73863983154297,
                334.81591796875,
                406.0230712890625
            ],
            "power": 1.5800000429153442
        },
        {
            "location": [
                21.4893798828125,
                60.877479553222656,
                13.540000915527344
            ],
            "power": 0.8999999761581421
        }
    ]
}