{
    "lights": [
        {
            "location": [
                595.568115234375,
                -500.0,
                -505.27081298828125
            ],
            "power": 1.899999976158142
        },
        {
            "location": [
                -299.16754150390625,
                334.81591796875,
                299.88555908203125
            ],
            "power": 1.5800000429153442
        },
        {
            "location": [
                54.37013626098633,
                41.958831787109375,
                13.540000915527344
            ],
            "power": 0.8999999761581421
        }
    ]
}