{
    "lights": [
        {
            "location": [
                -226.98828125,
                -500.0,
                747.312744140625
            ],
            "power": 1.899999976158142
        },
        {
            "location": [
                89.06572723388672,
                334.81591796875,
                -414.1253662109375
            ],
            "power": 1.5800000429153442
        },
        {
            "location": [
                -45.676673889160156,
                32.26728820800781,
                13.540000915527344
            ],
            "power": 0.8999999761581421
        }
    ]
}