{
    "lights": [
        {
            "location": [
                -486.741455078125,
                -500.0,
                -610.8049926757812
            ],
            "power": 1.899999976158142
        },
        {
            "location": [
                290.5561218261719,
                334.81591796875,
                308.2364196777344
            ],
            "power": 1.5800000429153442
        },
        {
            "location": [
                -47.999778747558594,
                -29.330961227416992,
                13.540000915527344
            ],
            "power": 0.8999999761581421
        }
    ]
}