{
    "lights": [
        {
            "location": [
                260.26763916015625,
                -500.0,
                -736.383544921875
            ],
            "power": 1.899999976158142
        },
        {
            "location": [
                -107.54448699951172,
                334.81591796875,
                409.71539306640625
            ],
            "power": 1.5800000429153442
        },
        {
            "location": [
                39.261138916015625,
                54.02769088745117,
                13.540000915527344
            ],
            "power": 0.8999999761581421
        }
    ]
}