{
    "lights": [
        {
            "location": [
                662.4048461914062,
                -500.0,
                413.78717041015625
            ],
            "power": 1.899999976158142
        },
        {
            "location": [
                -376.6370544433594,
                334.81591796875,
                -193.8480987548828
            ],
            "power": 1.5800000429153442
        },
        {
            "location": [
                10.002309799194336,
                62.308143615722656,
                13.540000915527344
            ],
            "power": 0.8999999761581421
        }
    ]
}