{
    "lights": [
        {
            "location": [
                -780.6956787109375,
                -500.0,
                -22.676788330078125
            ],
            "power": 1.899999976158142
        },
        {
            "location": [
                422.977294921875,
                334.81591796875,
                -22.864091873168945
            ],
            "power": 1.5800000429153442
        },
        {
            "location": [
                -19.9185791015625,
                55.80918884277344,
                13.540000915527344
            ],
            "power": 0.8999999761581421
        }
    ]
}