{
    "lights": [
        {
            "location": [
                235.49685668945312,
                -500.0,
                744.6752319335938
            ],
            "power": 1.899999976158142
        },
        {
            "location": [
                -160.78353881835938,
                334.81591796875,
                -391.8943176269531
            ],
            "power": 1.5800000429153442
        },
        {
            "location": [
                62.178558349609375,
                -32.63322448730469,
                13.540000915527344
            ],
            "power": 0.8999999761581421
        }
    ]
}