{
    "lights": [
        {
            "location": [
                -28.501800537109375,
                -500.0,
                780.5047607421875
            ],
            "power": 1.899999976158142
        },
        {
            "location": [
                -19.70714569091797,
                334.81591796875,
                -423.1361083984375
            ],
            "power": 1.5800000429153442
        },
        {
            "location": [
                52.90192794799805,
                -44.70510482788086,
                13.540000915527344
            ],
            "power": 0.8999999761581421
        }
    ]
}