{
    "lights": [
        {
            "location": [
                713.9163818359375,
                -500.0,
                316.73870849609375
            ],
            "power": 1.899999976158142
        },
        {
            "location": [
                -400.112548828125,
                334.81591796875,
                -139.07717895507812
            ],
            "power": 1.5800000429153442
        },
        {
            "location": [
                4.047842025756836,
                62.21579360961914,
                13.540000915527344
            ],
            "power": 0.8999999761581421
        }
    ]
}