{
    "lights": [
        {
            "location": [
                778.619140625,
                -500.0,
                61.25555419921875
            ],
            "power": 1.899999976158142
        },
        {
            "location": [
                -423.5904541015625,
                334.81591796875,
                1.9192795753479004
            ],
            "power": 1.5800000429153442
        },
        {
            "location": [
                -10.271488189697266,
                59.6295280456543,
                13.540000915527344
            ],
            "power": 0.8999999761581421
        }
    ]
}