{
    "lights": [
        {
            "location": [
                777.747802734375,
                -500.0,
                71.47293090820312
            ],
            "power": 1.899999976158142
        },
        {
            "location": [
                -423.5791015625,
                334.81591796875,
                -3.6422924995422363
            ],
            "power": 1.5800000429153442
        },
        {
            "location": [
                -54.879886627197266,
                -3.3501267433166504,
                13.540000915527344
            ],
            "power": 0.8999999761581421
        }
    ]
}