{
    "lights": [
        {
            "location": [
                -164.73779296875,
                -500.0,
                763.45361328125
            ],
            "power": 1.899999976158142
        },
        {
            "location": [
                54.69394302368164,
                334.81591796875,
                -420.0489196777344
            ],
            "power": 1.5800000429153442
        },
        {
            "location": [
                53.903480529785156,
                42.46174621582031,
                13.540000915527344
            ],
            "power": 0.8999999761581421
        }
    ]
}