{
    "lights": [
        {
            "location": [
                -714.8995361328125,
                -500.0,
                314.513427734375
            ],
            "power": 1.899999976158142
        },
        {
            "location": [
                372.2462463378906,
                334.81591796875,
                -202.15164184570312
            ],
            "power": 1.5800000429153442
        },
        {
            "location": [
                -38.60208511352539,
                -42.90471649169922,
                13.540000915527344
            ],
            "power": 0.8999999761581421
        }
    ]
}