{
    "lights": [
        {
            "location": [
                504.9034118652344,
                -500.0,
                -595.879638671875
            ],
            "power": 1.899999976158142
        },
        {
            "location": [
                -246.08810424804688,
                334.81591796875,
                344.77984619140625
            ],
            "power": 1.5800000429153442
        },
        {
            "location": [
                -52.59248733520508,
                -17.62920570373535,
                13.540000915527344
            ],
            "power": 0.8999999761581421
        }
    ]
}