{
    "lights": [
        {
            "location": [
                -774.729248046875,
                -500.0,
                -98.96743774414062
            ],
            "power": 1.899999976158142
        },
        {
            "location": [
                423.1845397949219,
                334.81591796875,
                18.638551712036133
            ],
            "power": 1.5800000429153442
        },
        {
            "location": [
                -17.28346061706543,
                57.03844451904297,
                13.540000915527344
            ],
            "power": 0.8999999761581421
        }
    ]
}