{
    "lights": [
        {
            "location": [
                -698.5101928710938,
                -500.0,
                349.40447998046875
            ],
            "power": 1.899999976158142
        },
        {
            "location": [
                361.818359375,
                334.81591796875,
                -220.27255249023438
            ],
            "power": 1.5800000429153442
        },
        {
            "location": [
                7.860389232635498,
                -63.53984451293945,
                13.540000915527344
            ],
            "power": 0.8999999761581421
        }
    ]
}