{
    "lights": [
        {
            "location": [
                -203.77734375,
                -500.0,
                -753.97265625
            ],
            "power": 1.899999976158142
        },
        {
            "location": [
                144.05776977539062,
                334.81591796875,
                398.3464660644531
            ],
            "power": 1.5800000429153442
        },
        {
            "location": [
                -49.07843780517578,
                -27.12348747253418,
                13.540000915527344
            ],
            "power": 0.8999999761581421
        }
    ]
}