{
    "lights": [
        {
            "location": [
                324.145263671875,
                -500.0,
                710.5841674804688
            ],
            "power": 1.899999976158142
        },
        {
            "location": [
                -207.16339111328125,
                334.81591796875,
                -369.48052978515625
            ],
            "power": 1.5800000429153442
        },
        {
            "location": [
                -52.4383659362793,
                16.968351364135742,
                13.540000915527344
            ],
            "power": 0.8999999761581421
        }
    ]
}