{
    "lights": [
        {
            "location": [
                -613.6699829101562,
                -500.0,
                483.1244201660156
            ],
            "power": 1.899999976158142
        },
        {
            "location": [
                309.9476318359375,
                334.81591796875,
                -288.7300109863281
            ],
            "power": 1.5800000429153442
        },
        {
            "location": [
                -35.89351272583008,
                44.508792877197266,
                13.540000915527344
            ],
            "power": 0.8999999761581421
        }
    ]
}