{
    "lights": [
        {
            "location": [
                403.67352294921875,
                -500.0,
                -668.6162109375
            ],
            "power": 1.899999976158142
        },
        {
            "location": [
                -188.10235595703125,
                334.81591796875,
                379.53924560546875
            ],
            "power": 1.5800000429153442
        },
        {
            "location": [
                -47.776126861572266,
                28.562768936157227,
                13.540000915527344
            ],
            "power": 0.8999999761581421
        }
    ]
}