{
    "lights": [
        {
            "location": [
                -549.29736328125,
                -500.0,
                555.2227783203125
            ],
            "power": 1.899999976158142
        },
        {
            "location": [
                271.9115295410156,
                334.81591796875,
                -324.802490234375
            ],
            "power": 1.5800000429153442
        },
        {
            "location": [
                23.41901397705078,
                -61.62210464477539,
                13.540000915527344
            ],
            "power": 0.8999999761581421
        }
    ]
}