{
    "lights": [
        {
            "location": [
                683.4221801757812,
                -500.0,
                378.0663757324219
            ],
            "power": 1.899999976158142
        },
        {
            "location": [
                -386.38970947265625,
                334.81591796875,
                -173.59591674804688
            ],
            "power": 1.5800000429153442
        },
        {
            "location": [
                -1.9319324493408203,
                -62.751426696777344,
                13.540000915527344
            ],
            "power": 0.8999999761581421
        }
    ]
}