{
    "lights": [
        {
            "location": [
                -559.6384887695312,
                -500.0,
                544.7979736328125
            ],
            "power": 1.899999976158142
        },
        {
            "location": [
                277.9697570800781,
                334.81591796875,
                -319.6331787109375
            ],
            "power": 1.5800000429153442
        },
        {
            "location": [
                65.93706512451172,
                23.991455078125,
                13.540000915527344
            ],
            "power": 0.8999999761581421
        }
    ]
}