{
    "lights": [
        {
            "location": [
                -542.3814086914062,
                -500.0,
                -561.980712890625
            ],
            "power": 1.899999976158142
        },
        {
            "location": [
                318.4324035644531,
                334.81591796875,
                279.34442138671875
            ],
            "power": 1.5800000429153442
        },
        {
            "location": [
                -45.7507209777832,
                -33.346046447753906,
                13.540000915527344
            ],
            "power": 0.8999999761581421
        }
    ]
}