{
    "lights": [
        {
            "location": [
                669.3977661132812,
                -500.0,
                -402.37615966796875
            ],
            "power": 1.899999976158142
        },
        {
            "location": [
                -343.700439453125,
                334.81591796875,
                247.5934600830078
            ],
            "power": 1.5800000429153442
        },
        {
            "location": [
                -34.0737419128418,
                46.210723876953125,
                13.540000915527344
            ],
            "power": 0.8999999761581421
        }
    ]
}