{
    "lights": [
        {
            "location": [
                780.9434814453125,
                -500.0,
                -11.28070068359375
            ],
            "power": 1.899999976158142
        },
        {
            "location": [
                -421.58355712890625,
                334.81591796875,
                41.22886657714844
            ],
            "power": 1.5800000429153442
        },
        {
            "location": [
                -54.774864196777344,
                -5.156294822692871,
                13.540000915527344
            ],
            "power": 0.8999999761581421
        }
    ]
}