{
    "lights": [
        {
            "location": [
                -459.1466979980469,
                -500.0,
                631.8103637695312
            ],
            "power": 1.899999976158142
        },
        {
            "location": [
                219.74072265625,
                334.81591796875,
                -362.1416015625
            ],
            "power": 1.5800000429153442
        },
        {
            "location": [
                63.17068099975586,
                29.69256591796875,
                13.540000915527344
            ],
            "power": 0.8999999761581421
        }
    ]
}