{
    "lights": [
        {
            "location": [
                -229.78076171875,
                -500.0,
                -746.4588623046875
            ],
            "power": 1.899999976158142
        },
        {
            "location": [
                157.77430725097656,
                334.81591796875,
                393.1155090332031
            ],
            "power": 1.5800000429153442
        },
        {
            "location": [
                18.400775909423828,
                61.474693298339844,
                13.540000915527344
            ],
            "power": 0.8999999761581421
        }
    ]
}