{
    "lights": [
        {
            "location": [
                501.62518310546875,
                -500.0,
                -598.6419067382812
            ],
            "power": 1.899999976158142
        },
        {
            "location": [
                -244.1920166015625,
                334.81591796875,
                346.1253967285156
            ],
            "power": 1.5800000429153442
        },
        {
            "location": [
                -44.07777786254883,
                34.746124267578125,
                13.540000915527344
            ],
            "power": 0.8999999761581421
        }
    ]
}