{
    "lights": [
        {
            "location": [
                -575.9569091796875,
                -500.0,
                -527.5165405273438
            ],
            "power": 1.899999976158142
        },
        {
            "location": [
                335.0291748046875,
                334.81591796875,
                259.2065124511719
            ],
            "power": 1.5800000429153442
        },
        {
            "location": [
                -44.02082824707031,
                -36.029884338378906,
                13.540000915527344
            ],
            "power": 0.8999999761581421
        }
    ]
}