{
    "lights": [
        {
            "location": [
                -779.14794921875,
                -500.0,
                54.115814208984375
            ],
            "power": 1.899999976158142
        },
        {
            "location": [
                418.68609619140625,
                334.81591796875,
                -64.29999542236328
            ],
            "power": 1.5800000429153442
        },
        {
            "location": [
                -22.473411560058594,
                54.47100067138672,
                13.540000915527344
            ],
            "power": 0.8999999761581421
        }
    ]
}