{
    "lights": [
        {
            "location": [
                584.7736206054688,
                -500.0,
                517.7256469726562
            ],
            "power": 1.899999976158142
        },
        {
            "location": [
                -339.35406494140625,
                334.81591796875,
                -253.5179901123047
            ],
            "power": 1.5800000429153442
        },
        {
            "location": [
                -54.28807067871094,
                8.435457229614258,
                13.540000915527344
            ],
            "power": 0.8999999761581421
        }
    ]
}