{
    "lights": [
        {
            "location": [
                471.2434997558594,
                -500.0,
                -622.8399047851562
            ],
            "power": 1.899999976158142
        },
        {
            "location": [
                -226.68246459960938,
                334.81591796875,
                357.8373718261719
            ],
            "power": 1.5800000429153442
        },
        {
            "location": [
                33.904998779296875,
                -57.96178436279297,
                13.540000915527344
            ],
            "power": 0.8999999761581421
        }
    ]
}