{
    "lights": [
        {
            "location": [
                -561.6041870117188,
                -500.0,
                -542.7713012695312
            ],
            "power": 1.899999976158142
        },
        {
            "location": [
                327.95794677734375,
                334.81591796875,
                268.0971984863281
            ],
            "power": 1.5800000429153442
        },
        {
            "location": [
                -46.9786376953125,
                -31.239728927612305,
                13.540000915527344
            ],
            "power": 0.8999999761581421
        }
    ]
}