{
    "lights": [
        {
            "location": [
                716.623046875,
                -500.0,
                310.5662841796875
            ],
            "power": 1.899999976158142
        },
        {
            "location": [
                -401.2978210449219,
                334.81591796875,
                -135.61929321289062
            ],
            "power": 1.5800000429153442
        },
        {
            "location": [
                -54.87057876586914,
                2.355226993560791,
                13.540000915527344
            ],
            "power": 0.8999999761581421
        }
    ]
}