{
    "lights": [
        {
            "location": [
                45.930877685546875,
                -500.0,
                -779.6732177734375
            ],
            "power": 1.899999976158142
        },
        {
            "location": [
                10.249515533447266,
                334.81591796875,
                423.47076416015625
            ],
            "power": 1.5800000429153442
        },
        {
            "location": [
                -50.229522705078125,
                -24.490711212158203,
                13.540000915527344
            ],
            "power": 0.8999999761581421
        }
    ]
}