{
    "lights": [
        {
            "location": [
                -565.8328857421875,
                -500.0,
                -538.361572265625
            ],
            "power": 1.899999976158142
        },
        {
            "location": [
                330.0451354980469,
                334.81591796875,
                265.5235595703125
            ],
            "power": 1.5800000429153442
        },
        {
            "location": [
                64.81561279296875,
                -27.681901931762695,
                13.540000915527344
            ],
            "power": 0.8999999761581421
        }
    ]
}