{
    "lights": [
        {
            "location": [
                -561.9673461914062,
                -500.0,
                542.3953247070312
            ],
            "power": 1.899999976158142
        },
        {
            "location": [
                279.3365783691406,
                334.81591796875,
                -318.4393310546875
            ],
            "power": 1.5800000429153442
        },
        {
            "location": [
                -37.784969329833984,
                42.58773422241211,
                13.540000915527344
            ],
            "power": 0.8999999761581421
        }
    ]
}