{
    "lights": [
        {
            "location": [
                406.8588562011719,
                -500.0,
                -666.6827392578125
            ],
            "power": 1.899999976158142
        },
        {
            "location": [
                -189.9109649658203,
                334.81591796875,
                378.63751220703125
            ],
            "power": 1.5800000429153442
        },
        {
            "location": [
                36.44114685058594,
                -56.74752426147461,
                13.540000915527344
            ],
            "power": 0.8999999761581421
        }
    ]
}