{
    "lights": [
        {
            "location": [
                745.4495239257812,
                -500.0,
                -233.0342559814453
            ],
            "power": 1.899999976158142
        },
        {
            "location": [
                -392.4236145019531,
                334.81591796875,
                159.48739624023438
            ],
            "power": 1.5800000429153442
        },
        {
            "location": [
                -25.52472686767578,
                52.66852569580078,
                13.540000915527344
            ],
            "power": 0.8999999761581421
        }
    ]
}