{
    "lights": [
        {
            "location": [
                763.55859375,
                -500.0,
                164.25091552734375
            ],
            "power": 1.899999976158142
        },
        {
            "location": [
                -420.083740234375,
                334.81591796875,
                -54.42607116699219
            ],
            "power": 1.5800000429153442
        },
        {
            "location": [
                -4.674260139465332,
                61.050682067871094,
                13.540000915527344
            ],
            "power": 0.8999999761581421
        }
    ]
}