{
    "lights": [
        {
            "location": [
                -360.1923828125,
                -500.0,
                -693.0089111328125
            ],
            "power": 1.899999976158142
        },
        {
            "location": [
                225.85580444335938,
                334.81591796875,
                358.3597106933594
            ],
            "power": 1.5800000429153442
        },
        {
            "location": [
                -48.30571746826172,
                -28.72667121887207,
                13.540000915527344
            ],
            "power": 0.8999999761581421
        }
    ]
}