{
    "lights": [
        {
            "location": [
                396.3104248046875,
                -500.0,
                673.0067138671875
            ],
            "power": 1.899999976158142
        },
        {
            "location": [
                -244.4773712158203,
                334.81591796875,
                -345.9239196777344
            ],
            "power": 1.5800000429153442
        },
        {
            "location": [
                -53.026554107666016,
                14.801401138305664,
                13.540000915527344
            ],
            "power": 0.8999999761581421
        }
    ]
}