{
    "lights": [
        {
            "location": [
                -648.70654296875,
                -500.0,
                -434.9481201171875
            ],
            "power": 1.899999976158142
        },
        {
            "location": [
                370.1851806640625,
                334.81591796875,
                205.90158081054688
            ],
            "power": 1.5800000429153442
        },
        {
            "location": [
                -39.18839645385742,
                -42.24971389770508,
                13.540000915527344
            ],
            "power": 0.8999999761581421
        }
    ]
}