{
    "lights": [
        {
            "location": [
                193.73095703125,
                -500.0,
                -756.6163330078125
            ],
            "power": 1.899999976158142
        },
        {
            "location": [
                -70.6719970703125,
                334.81591796875,
                417.65777587890625
            ],
            "power": 1.5800000429153442
        },
        {
            "location": [
                43.79555130004883,
                -52.369895935058594,
                13.540000915527344
            ],
            "power": 0.8999999761581421
        }
    ]
}