{
    "lights": [
        {
            "location": [
                42.36083984375,
                -500.0,
                -779.8753662109375
            ],
            "power": 1.899999976158142
        },
        {
            "location": [
                12.188170433044434,
                334.81591796875,
                423.41937255859375
            ],
            "power": 1.5800000429153442
        },
        {
            "location": [
                48.415794372558594,
                -48.849422454833984,
                13.540000915527344
            ],
            "power": 0.8999999761581421
        }
    ]
}