{
    "lights": [
        {
            "location": [
                23.8692626953125,
                -500.0,
                780.66015625
            ],
            "power": 1.899999976158142
        },
        {
            "location": [
                -48.02008819580078,
                334.81591796875,
                -420.8641052246094
            ],
            "power": 1.5800000429153442
        },
        {
            "location": [
                54.96290588378906,
                -42.50379943847656,
                13.540000915527344
            ],
            "power": 0.8999999761581421
        }
    ]
}