{
    "lights": [
        {
            "location": [
                -88.72232055664062,
                -500.0,
                -775.9693603515625
            ],
            "power": 1.899999976158142
        },
        {
            "location": [
                82.86140441894531,
                334.81591796875,
                415.4112854003906
            ],
            "power": 1.5800000429153442
        },
        {
            "location": [
                24.556652069091797,
                60.123313903808594,
                13.540000915527344
            ],
            "power": 0.8999999761581421
        }
    ]
}