{
    "lights": [
        {
            "location": [
                591.714111328125,
                -500.0,
                -509.7787780761719
            ],
            "power": 1.899999976158142
        },
        {
            "location": [
                -296.8816833496094,
                334.81591796875,
                302.1486511230469
            ],
            "power": 1.5800000429153442
        },
        {
            "location": [
                -39.51074981689453,
                40.68162155151367,
                13.540000915527344
            ],
            "power": 0.8999999761581421
        }
    ]
}