{
    "lights": [
        {
            "location": [
                -487.2139892578125,
                -500.0,
                -610.4281005859375
            ],
            "power": 1.899999976158142
        },
        {
            "location": [
                290.7945251464844,
                334.81591796875,
                308.011474609375
            ],
            "power": 1.5800000429153442
        },
        {
            "location": [
                6.008707046508789,
                62.30849075317383,
                13.540000915527344
            ],
            "power": 0.8999999761581421
        }
    ]
}