{
    "lights": [
        {
            "location": [
                768.5484619140625,
                -500.0,
                -139.0440673828125
            ],
            "power": 1.899999976158142
        },
        {
            "location": [
                -409.1366271972656,
                334.81591796875,
                109.72589874267578
            ],
            "power": 1.5800000429153442
        },
        {
            "location": [
                -20.735143661499023,
                55.39763641357422,
                13.540000915527344
            ],
            "power": 0.8999999761581421
        }
    ]
}