{
    "lights": [
        {
            "location": [
                170.60284423828125,
                -500.0,
                762.1644287109375
            ],
            "power": 1.899999976158142
        },
        {
            "location": [
                -126.49588012695312,
                334.81591796875,
                -404.2663879394531
            ],
            "power": 1.5800000429153442
        },
        {
            "location": [
                -50.991355895996094,
                21.342273712158203,
                13.540000915527344
            ],
            "power": 0.8999999761581421
        }
    ]
}