{
    "lights": [
        {
            "location": [
                -454.964599609375,
                -500.0,
                -634.8284912109375
            ],
            "power": 1.899999976158142
        },
        {
            "location": [
                274.4617919921875,
                334.81591796875,
                322.6503601074219
            ],
            "power": 1.5800000429153442
        },
        {
            "location": [
                -49.17790603637695,
                -26.908374786376953,
                13.540000915527344
            ],
            "power": 0.8999999761581421
        }
    ]
}