{
    "lights": [
        {
            "location": [
                -180.42352294921875,
                -500.0,
                759.8995361328125
            ],
            "power": 1.899999976158142
        },
        {
            "location": [
                63.33177185058594,
                334.81591796875,
                -418.8336486816406
            ],
            "power": 1.5800000429153442
        },
        {
            "location": [
                46.21784973144531,
                -50.60839080810547,
                13.540000915527344
            ],
            "power": 0.8999999761581421
        }
    ]
}