{
    "lights": [
        {
            "location": [
                -566.847412109375,
                -500.0,
                -537.2932739257812
            ],
            "power": 1.899999976158142
        },
        {
            "location": [
                330.54541015625,
                334.81591796875,
                264.9004821777344
            ],
            "power": 1.5800000429153442
        },
        {
            "location": [
                -44.51704788208008,
                -35.290096282958984,
                13.540000915527344
            ],
            "power": 0.8999999761581421
        }
    ]
}