{
    "lights": [
        {
            "location": [
                679.9642333984375,
                -500.0,
                384.250732421875
            ],
            "power": 1.899999976158142
        },
        {
            "location": [
                -384.7989501953125,
                334.81591796875,
                -177.0940399169922
            ],
            "power": 1.5800000429153442
        },
        {
            "location": [
                -54.7454948425293,
                4.344350337982178,
                13.540000915527344
            ],
            "power": 0.8999999761581421
        }
    ]
}