{
    "lights": [
        {
            "location": [
                -476.35748291015625,
                -500.0,
                -618.9374389648438
            ],
            "power": 1.899999976158142
        },
        {
            "location": [
                285.3094787597656,
                334.81591796875,
                313.0990295410156
            ],
            "power": 1.5800000429153442
        },
        {
            "location": [
                -48.402984619140625,
                -28.53110694885254,
                13.540000915527344
            ],
            "power": 0.8999999761581421
        }
    ]
}