{
    "lights": [
        {
            "location": [
                324.8489074707031,
                -500.0,
                -710.2628173828125
            ],
            "power": 1.899999976158142
        },
        {
            "location": [
                -143.62501525878906,
                334.81591796875,
                398.502685546875
            ],
            "power": 1.5800000429153442
        },
        {
            "location": [
                42.013614654541016,
                52.35770034790039,
                13.540000915527344
            ],
            "power": 0.8999999761581421
        }
    ]
}