{
    "lights": [
        {
            "location": [
                691.71337890625,
                -500.0,
                -362.6742248535156
            ],
            "power": 1.899999976158142
        },
        {
            "location": [
                -357.5478210449219,
                334.81591796875,
                227.13893127441406
            ],
            "power": 1.5800000429153442
        },
        {
            "location": [
                -32.07210159301758,
                47.935245513916016,
                13.540000915527344
            ],
            "power": 0.8999999761581421
        }
    ]
}