{
    "lights": [
        {
            "location": [
                -659.7597045898438,
                -500.0,
                -417.99176025390625
            ],
            "power": 1.899999976158142
        },
        {
            "location": [
                375.39654541015625,
                334.81591796875,
                196.2396240234375
            ],
            "power": 1.5800000429153442
        },
        {
            "location": [
                -38.28308868408203,
                -43.253475189208984,
                13.540000915527344
            ],
            "power": 0.8999999761581421
        }
    ]
}