{
    "lights": [
        {
            "location": [
                -692.5527954101562,
                -500.0,
                -361.0687255859375
            ],
            "power": 1.899999976158142
        },
        {
            "location": [
                390.56005859375,
                334.81591796875,
                163.9981231689453
            ],
            "power": 1.5800000429153442
        },
        {
            "location": [
                -35.207550048828125,
                -46.36626434326172,
                13.540000915527344
            ],
            "power": 0.8999999761581421
        }
    ]
}