{
    "lights": [
        {
            "location": [
                765.8309326171875,
                -500.0,
                153.30682373046875
            ],
            "power": 1.899999976158142
        },
        {
            "location": [
                -420.819580078125,
                334.81591796875,
                -48.40868377685547
            ],
            "power": 1.5800000429153442
        },
        {
            "location": [
                -54.93363952636719,
                -1.4946622848510742,
                13.540000915527344
            ],
            "power": 0.8999999761581421
        }
    ]
}