{
    "lights": [
        {
            "location": [
                760.9791870117188,
                -500.0,
                -175.81448364257812
            ],
            "power": 1.899999976158142
        },
        {
            "location": [
                -403.39129638671875,
                334.81591796875,
                129.2593994140625
            ],
            "power": 1.5800000429153442
        },
        {
            "location": [
                -54.42790985107422,
                -8.612476348876953,
                13.540000915527344
            ],
            "power": 0.8999999761581421
        }
    ]
}