{
    "lights": [
        {
            "location": [
                366.5590515136719,
                -500.0,
                -689.66259765625
            ],
            "power": 1.899999976158142
        },
        {
            "location": [
                -167.09561157226562,
                334.81591796875,
                389.2449035644531
            ],
            "power": 1.5800000429153442
        },
        {
            "location": [
                -51.82350158691406,
                -20.15996742248535,
                13.540000915527344
            ],
            "power": 0.8999999761581421
        }
    ]
}