{
    "lights": [
        {
            "location": [
                -441.453125,
                -500.0,
                644.29736328125
            ],
            "power": 1.899999976158142
        },
        {
            "location": [
                209.61581420898438,
                334.81591796875,
                -368.0947570800781
            ],
            "power": 1.5800000429153442
        },
        {
            "location": [
                -41.256065368652344,
                38.58269119262695,
                13.540000915527344
            ],
            "power": 0.8999999761581421
        }
    ]
}