{
    "lights": [
        {
            "location": [
                -644.89990234375,
                -500.0,
                440.572509765625
            ],
            "power": 1.899999976158142
        },
        {
            "location": [
                328.7413024902344,
                334.81591796875,
                -267.1361083984375
            ],
            "power": 1.5800000429153442
        },
        {
            "location": [
                68.11569213867188,
                18.042617797851562,
                13.540000915527344
            ],
            "power": 0.8999999761581421
        }
    ]
}