{
    "lights": [
        {
            "location": [
                741.9320678710938,
                -500.0,
                -244.00161743164062
            ],
            "power": 1.899999976158142
        },
        {
            "location": [
                -390.02911376953125,
                334.81591796875,
                165.2568817138672
            ],
            "power": 1.5800000429153442
        },
        {
            "location": [
                18.280197143554688,
                -62.69477462768555,
                13.540000915527344
            ],
            "power": 0.8999999761581421
        }
    ]
}