{
    "lights": [
        {
            "location": [
                585.8665161132812,
                -500.0,
                -516.488525390625
            ],
            "power": 1.899999976158142
        },
        {
            "location": [
                -293.41925048828125,
                334.81591796875,
                305.5121154785156
            ],
            "power": 1.5800000429153442
        },
        {
            "location": [
                28.747665405273438,
                -60.022029876708984,
                13.540000915527344
            ],
            "power": 0.8999999761581421
        }
    ]
}