{
    "lights": [
        {
            "location": [
                549.6417236328125,
                -500.0,
                -554.8818969726562
            ],
            "power": 1.899999976158142
        },
        {
            "location": [
                -272.1130065917969,
                334.81591796875,
                324.63372802734375
            ],
            "power": 1.5800000429153442
        },
        {
            "location": [
                52.112403869628906,
                44.29475784301758,
                13.540000915527344
            ],
            "power": 0.8999999761581421
        }
    ]
}