{
    "lights": [
        {
            "location": [
                -670.7979736328125,
                -500.0,
                -400.0377197265625
            ],
            "power": 1.899999976158142
        },
        {
            "location": [
                380.55487060546875,
                334.81591796875,
                186.03909301757812
            ],
            "power": 1.5800000429153442
        },
        {
            "location": [
                -37.31889724731445,
                -44.276546478271484,
                13.540000915527344
            ],
            "power": 0.8999999761581421
        }
    ]
}