{
    "lights": [
        {
            "location": [
                776.0258178710938,
                -500.0,
                -88.22671508789062
            ],
            "power": 1.899999976158142
        },
        {
            "location": [
                -415.464111328125,
                334.81591796875,
                82.59607696533203
            ],
            "power": 1.5800000429153442
        },
        {
            "location": [
                66.44213104248047,
                22.76580810546875,
                13.540000915527344
            ],
            "power": 0.8999999761581421
        }
    ]
}