{
    "lights": [
        {
            "location": [
                -511.0815124511719,
                -500.0,
                590.5892944335938
            ],
            "power": 1.899999976158142
        },
        {
            "location": [
                249.665283203125,
                334.81591796875,
                -342.1984558105469
            ],
            "power": 1.5800000429153442
        },
        {
            "location": [
                64.6255874633789,
                26.87700843811035,
                13.540000915527344
            ],
            "power": 0.8999999761581421
        }
    ]
}