{
    "lights": [
        {
            "location": [
                711.9441528320312,
                -500.0,
                -321.1471252441406
            ],
            "power": 1.899999976158142
        },
        {
            "location": [
                -370.3504943847656,
                334.81591796875,
                205.60411071777344
            ],
            "power": 1.5800000429153442
        },
        {
            "location": [
                -29.97845458984375,
                49.5904426574707,
                13.540000915527344
            ],
            "power": 0.8999999761581421
        }
    ]
}