{
    "lights": [
        {
            "location": [
                -778.6630859375,
                -500.0,
                60.6939697265625
            ],
            "power": 1.899999976158142
        },
        {
            "location": [
                418.128173828125,
                334.81591796875,
                -67.83361053466797
            ],
            "power": 1.5800000429153442
        },
        {
            "location": [
                -10.8753662109375,
                -60.64301681518555,
                13.540000915527344
            ],
            "power": 0.8999999761581421
        }
    ]
}