{
    "lights": [
        {
            "location": [
                -779.183349609375,
                -500.0,
                53.6033935546875
            ],
            "power": 1.899999976158142
        },
        {
            "location": [
                418.7283020019531,
                334.81591796875,
                -64.02462005615234
            ],
            "power": 1.5800000429153442
        },
        {
            "location": [
                70.93999481201172,
                -0.6222777962684631,
                13.540000915527344
            ],
            "power": 0.8999999761581421
        }
    ]
}