{
    "lights": [
        {
            "location": [
                766.1009521484375,
                -500.0,
                -151.9517822265625
            ],
            "power": 1.899999976158142
        },
        {
            "location": [
                -407.23309326171875,
                334.81591796875,
                116.59227752685547
            ],
            "power": 1.5800000429153442
        },
        {
            "location": [
                65.15518951416016,
                25.7576847076416,
                13.540000915527344
            ],
            "power": 0.8999999761581421
        }
    ]
}