{
    "lights": [
        {
            "location": [
                -256.04449462890625,
                -500.0,
                -737.8626098632812
            ],
            "power": 1.899999976158142
        },
        {
            "location": [
                171.5828399658203,
                334.81591796875,
                387.287841796875
            ],
            "power": 1.5800000429153442
        },
        {
            "location": [
                56.7244758605957,
                -40.441795349121094,
                13.540000915527344
            ],
            "power": 0.8999999761581421
        }
    ]
}