{
    "lights": [
        {
            "location": [
                205.71237182617188,
                -500.0,
                753.447021484375
            ],
            "power": 1.899999976158142
        },
        {
            "location": [
                -145.0800018310547,
                334.81591796875,
                -397.97528076171875
            ],
            "power": 1.5800000429153442
        },
        {
            "location": [
                39.174949645996094,
                54.076927185058594,
                13.540000915527344
            ],
            "power": 0.8999999761581421
        }
    ]
}