{
    "lights": [
        {
            "location": [
                -626.8117065429688,
                -500.0,
                -465.9475402832031
            ],
            "power": 1.899999976158142
        },
        {
            "location": [
                359.745849609375,
                334.81591796875,
                223.64137268066406
            ],
            "power": 1.5800000429153442
        },
        {
            "location": [
                -40.82908248901367,
                -40.31352233886719,
                13.540000915527344
            ],
            "power": 0.8999999761581421
        }
    ]
}