{
    "lights": [
        {
            "location": [
                290.57354736328125,
                -500.0,
                -724.9599609375
            ],
            "power": 1.899999976158142
        },
        {
            "location": [
                -124.43841552734375,
                334.81591796875,
                404.9044494628906
            ],
            "power": 1.5800000429153442
        },
        {
            "location": [
                -51.42674255371094,
                -21.33416748046875,
                13.540000915527344
            ],
            "power": 0.8999999761581421
        }
    ]
}