{
    "lights": [
        {
            "location": [
                718.9054565429688,
                -500.0,
                305.2457275390625
            ],
            "power": 1.899999976158142
        },
        {
            "location": [
                -402.2920837402344,
                334.81591796875,
                -132.64093017578125
            ],
            "power": 1.5800000429153442
        },
        {
            "location": [
                0.47579050064086914,
                -63.0886344909668,
                13.540000915527344
            ],
            "power": 0.8999999761581421
        }
    ]
}