{
    "lights": [
        {
            "location": [
                -757.1460571289062,
                -500.0,
                -191.6502685546875
            ],
            "power": 1.899999976158142
        },
        {
            "location": [
                417.8504638671875,
                334.81591796875,
                69.5235595703125
            ],
            "power": 1.5800000429153442
        },
        {
            "location": [
                -25.7615966796875,
                -53.718711853027344,
                13.540000915527344
            ],
            "power": 0.8999999761581421
        }
    ]
}