{
    "lights": [
        {
            "location": [
                -149.33218383789062,
                -500.0,
                766.6158447265625
            ],
            "power": 1.899999976158142
        },
        {
            "location": [
                46.22511291503906,
                334.81591796875,
                -421.0650329589844
            ],
            "power": 1.5800000429153442
        },
        {
            "location": [
                -46.94171905517578,
                30.105873107910156,
                13.540000915527344
            ],
            "power": 0.8999999761581421
        }
    ]
}