{
    "lights": [
        {
            "location": [
                -585.4799194335938,
                -500.0,
                -516.9268188476562
            ],
            "power": 1.899999976158142
        },
        {
            "location": [
                339.6998596191406,
                334.81591796875,
                253.05447387695312
            ],
            "power": 1.5800000429153442
        },
        {
            "location": [
                -43.479496002197266,
                -36.811946868896484,
                13.540000915527344
            ],
            "power": 0.8999999761581421
        }
    ]
}