{
    "lights": [
        {
            "location": [
                -780.990234375,
                -500.0,
                -7.367401123046875
            ],
            "power": 1.899999976158142
        },
        {
            "location": [
                422.44775390625,
                334.81591796875,
                -31.15188217163086
            ],
            "power": 1.5800000429153442
        },
        {
            "location": [
                -14.99757194519043,
                -59.188011169433594,
                13.540000915527344
            ],
            "power": 0.8999999761581421
        }
    ]
}