{
    "lights": [
        {
            "location": [
                -230.2648468017578,
                -500.0,
                -746.3096923828125
            ],
            "power": 1.899999976158142
        },
        {
            "location": [
                158.02923583984375,
                334.81591796875,
                393.01312255859375
            ],
            "power": 1.5800000429153442
        },
        {
            "location": [
                -54.05088424682617,
                -11.141880989074707,
                13.540000915527344
            ],
            "power": 0.8999999761581421
        }
    ]
}