{
    "lights": [
        {
            "location": [
                -749.6936645507812,
                -500.0,
                -218.99636840820312
            ],
            "power": 1.899999976158142
        },
        {
            "location": [
                415.052734375,
                334.81591796875,
                84.63906860351562
            ],
            "power": 1.5800000429153442
        },
        {
            "location": [
                -27.31458282470703,
                -52.69916915893555,
                13.540000915527344
            ],
            "power": 0.8999999761581421
        }
    ]
}