{
    "lights": [
        {
            "location": [
                -505.83978271484375,
                -500.0,
                -595.0850219726562
            ],
            "power": 1.899999976158142
        },
        {
            "location": [
                300.1712951660156,
                334.81591796875,
                298.88079833984375
            ],
            "power": 1.5800000429153442
        },
        {
            "location": [
                -47.305057525634766,
                -30.646528244018555,
                13.540000915527344
            ],
            "power": 0.8999999761581421
        }
    ]
}