{
    "lights": [
        {
            "location": [
                -151.92257690429688,
                -500.0,
                766.1067504882812
            ],
            "power": 1.899999976158142
        },
        {
            "location": [
                47.648101806640625,
                334.81591796875,
                -420.9064025878906
            ],
            "power": 1.5800000429153442
        },
        {
            "location": [
                -26.423599243164062,
                -53.292118072509766,
                13.540000915527344
            ],
            "power": 0.8999999761581421
        }
    ]
}