{
    "lights": [
        {
            "location": [
                469.6342468261719,
                -500.0,
                -624.0542602539062
            ],
            "power": 1.899999976158142
        },
        {
            "location": [
                -225.758056640625,
                334.81591796875,
                358.42132568359375
            ],
            "power": 1.5800000429153442
        },
        {
            "location": [
                -45.40621566772461,
                32.70494842529297,
                13.540000915527344
            ],
            "power": 0.8999999761581421
        }
    ]
}