{
    "lights": [
        {
            "location": [
                -481.9301452636719,
                -500.0,
                -614.6082763671875
            ],
            "power": 1.899999976158142
        },
        {
            "location": [
                288.126708984375,
                334.81591796875,
                310.50848388671875
            ],
            "power": 1.5800000429153442
        },
        {
            "location": [
                -48.18892288208008,
                -28.959270477294922,
                13.540000915527344
            ],
            "power": 0.8999999761581421
        }
    ]
}