{
    "lights": [
        {
            "location": [
                287.556640625,
                -500.0,
                726.1619873046875
            ],
            "power": 1.899999976158142
        },
        {
            "location": [
                -188.0884246826172,
                334.81591796875,
                -379.546142578125
            ],
            "power": 1.5800000429153442
        },
        {
            "location": [
                63.6915168762207,
                -29.924020767211914,
                13.540000915527344
            ],
            "power": 0.8999999761581421
        }
    ]
}