{
    "lights": [
        {
            "location": [
                -320.39642333984375,
                -500.0,
                712.2823486328125
            ],
            "power": 1.899999976158142
        },
        {
            "location": [
                141.12765502929688,
                334.81591796875,
                -399.3939208984375
            ],
            "power": 1.5800000429153442
        },
        {
            "location": [
                38.9405517578125,
                -55.4099006652832,
                13.540000915527344
            ],
            "power": 0.8999999761581421
        }
    ]
}