{
    "lights": [
        {
            "location": [
                772.849609375,
                -500.0,
                112.7095947265625
            ],
            "power": 1.899999976158142
        },
        {
            "location": [
                -422.7868347167969,
                334.81591796875,
                -26.150571823120117
            ],
            "power": 1.5800000429153442
        },
        {
            "location": [
                -7.498723030090332,
                60.40190887451172,
                13.540000915527344
            ],
            "power": 0.8999999761581421
        }
    ]
}