{
    "lights": [
        {
            "location": [
                690.001953125,
                -500.0,
                365.9198303222656
            ],
            "power": 1.899999976158142
        },
        {
            "location": [
                -389.3995666503906,
                334.81591796875,
                -166.73484802246094
            ],
            "power": 1.5800000429153442
        },
        {
            "location": [
                7.0158209800720215,
                62.332305908203125,
                13.540000915527344
            ],
            "power": 0.8999999761581421
        }
    ]
}