{
    "lights": [
        {
            "location": [
                -762.930419921875,
                -500.0,
                167.14419555664062
            ],
            "power": 1.899999976158142
        },
        {
            "location": [
                404.8359680175781,
                334.81591796875,
                -124.66095733642578
            ],
            "power": 1.5800000429153442
        },
        {
            "location": [
                -4.234757423400879,
                -62.33940124511719,
                13.540000915527344
            ],
            "power": 0.8999999761581421
        }
    ]
}