{
    "lights": [
        {
            "location": [
                -426.26971435546875,
                -500.0,
                -654.44189453125
            ],
            "power": 1.899999976158142
        },
        {
            "location": [
                259.8348388671875,
                334.81591796875,
                334.5420837402344
            ],
            "power": 1.5800000429153442
        },
        {
            "location": [
                -50.111328125,
                -24.77678108215332,
                13.540000915527344
            ],
            "power": 0.8999999761581421
        }
    ]
}