{
    "lights": [
        {
            "location": [
                471.5419616699219,
                -500.0,
                622.614013671875
            ],
            "power": 1.899999976158142
        },
        {
            "location": [
                -282.8721618652344,
                334.81591796875,
                -315.3028259277344
            ],
            "power": 1.5800000429153442
        },
        {
            "location": [
                -11.063793182373047,
                -60.583457946777344,
                13.540000915527344
            ],
            "power": 0.8999999761581421
        }
    ]
}