{
    "lights": [
        {
            "location": [
                -69.94781494140625,
                -500.0,
                777.8864135742188
            ],
            "power": 1.899999976158142
        },
        {
            "location": [
                2.8117501735687256,
                334.81591796875,
                -423.5854187011719
            ],
            "power": 1.5800000429153442
        },
        {
            "location": [
                -24.73513412475586,
                -54.357364654541016,
                13.540000915527344
            ],
            "power": 0.8999999761581421
        }
    ]
}