{
    "lights": [
        {
            "location": [
                338.66217041015625,
                -500.0,
                -703.7811889648438
            ],
            "power": 1.899999976158142
        },
        {
            "location": [
                -151.3825225830078,
                334.81591796875,
                395.6208801269531
            ],
            "power": 1.5800000429153442
        },
        {
            "location": [
                38.939659118652344,
                -55.410404205322266,
                13.540000915527344
            ],
            "power": 0.8999999761581421
        }
    ]
}