{
    "lights": [
        {
            "location": [
                758.3818359375,
                -500.0,
                -186.70037841796875
            ],
            "power": 1.899999976158142
        },
        {
            "location": [
                -401.49774169921875,
                334.81591796875,
                135.02621459960938
            ],
            "power": 1.5800000429153442
        },
        {
            "location": [
                -23.17020606994629,
                54.07963180541992,
                13.540000915527344
            ],
            "power": 0.8999999761581421
        }
    ]
}