{
    "lights": [
        {
            "location": [
                -345.2799377441406,
                -500.0,
                -700.5581665039062
            ],
            "power": 1.899999976158142
        },
        {
            "location": [
                218.13540649414062,
                334.81591796875,
                363.11083984375
            ],
            "power": 1.5800000429153442
        },
        {
            "location": [
                -52.197540283203125,
                -18.976613998413086,
                13.540000915527344
            ],
            "power": 0.8999999761581421
        }
    ]
}