{
    "lights": [
        {
            "location": [
                -107.57626342773438,
                -500.0,
                -773.580810546875
            ],
            "power": 1.899999976158142
        },
        {
            "location": [
                92.94429016113281,
                334.81591796875,
                413.2721862792969
            ],
            "power": 1.5800000429153442
        },
        {
            "location": [
                -54.88865661621094,
                -3.141737937927246,
                13.540000915527344
            ],
            "power": 0.8999999761581421
        }
    ]
}