{
    "lights": [
        {
            "location": [
                780.644775390625,
                -500.0,
                -24.36688232421875
            ],
            "power": 1.899999976158142
        },
        {
            "location": [
                -420.8334045410156,
                334.81591796875,
                48.28835678100586
            ],
            "power": 1.5800000429153442
        },
        {
            "location": [
                67.57196807861328,
                19.71314811706543,
                13.540000915527344
            ],
            "power": 0.8999999761581421
        }
    ]
}