{
    "lights": [
        {
            "location": [
                -109.4862060546875,
                -500.0,
                -773.3128662109375
            ],
            "power": 1.899999976158142
        },
        {
            "location": [
                93.96453094482422,
                334.81591796875,
                413.04144287109375
            ],
            "power": 1.5800000429153442
        },
        {
            "location": [
                52.743934631347656,
                -44.865379333496094,
                13.540000915527344
            ],
            "power": 0.8999999761581421
        }
    ]
}