{
    "lights": [
        {
            "location": [
                -616.090087890625,
                -500.0,
                -480.0343017578125
            ],
            "power": 1.899999976158142
        },
        {
            "location": [
                354.58465576171875,
                334.81591796875,
                231.73744201660156
            ],
            "power": 1.5800000429153442
        },
        {
            "location": [
                -41.56792449951172,
                -39.387420654296875,
                13.540000915527344
            ],
            "power": 0.8999999761581421
        }
    ]
}