{
    "lights": [
        {
            "location": [
                -226.71786499023438,
                -500.0,
                747.394775390625
            ],
            "power": 1.899999976158142
        },
        {
            "location": [
                88.91587829589844,
                334.81591796875,
                -414.1575622558594
            ],
            "power": 1.5800000429153442
        },
        {
            "location": [
                56.005184173583984,
                40.1056022644043,
                13.540000915527344
            ],
            "power": 0.8999999761581421
        }
    ]
}