{
    "lights": [
        {
            "location": [
                -528.7883911132812,
                -500.0,
                -574.7894287109375
            ],
            "power": 1.899999976158142
        },
        {
            "location": [
                311.6617736816406,
                334.81591796875,
                286.8788757324219
            ],
            "power": 1.5800000429153442
        },
        {
            "location": [
                -46.37484359741211,
                -32.29888916015625,
                13.540000915527344
            ],
            "power": 0.8999999761581421
        }
    ]
}