{
    "lights": [
        {
            "location": [
                -679.594482421875,
                -500.0,
                -384.9044189453125
            ],
            "power": 1.899999976158142
        },
        {
            "location": [
                384.6284484863281,
                334.81591796875,
                177.46400451660156
            ],
            "power": 1.5800000429153442
        },
        {
            "location": [
                -6.044595718383789,
                60.75301742553711,
                13.540000915527344
            ],
            "power": 0.8999999761581421
        }
    ]
}