{
    "lights": [
        {
            "location": [
                -22.88623046875,
                -500.0,
                -780.6895751953125
            ],
            "power": 1.899999976158142
        },
        {
            "location": [
                47.49010467529297,
                334.81591796875,
                420.9242248535156
            ],
            "power": 1.5800000429153442
        },
        {
            "location": [
                -54.87633514404297,
                2.230167865753174,
                13.540000915527344
            ],
            "power": 0.8999999761581421
        }
    ]
}