{
    "lights": [
        {
            "location": [
                -251.885009765625,
                -500.0,
                -739.2929077148438
            ],
            "power": 1.899999976158142
        },
        {
            "location": [
                169.3990478515625,
                334.81591796875,
                388.2480163574219
            ],
            "power": 1.5800000429153442
        },
        {
            "location": [
                -53.788230895996094,
                -12.585745811462402,
                13.540000915527344
            ],
            "power": 0.8999999761581421
        }
    ]
}