{
    "lights": [
        {
            "location": [
                780.9771118164062,
                -500.0,
                -8.642425537109375
            ],
            "power": 1.899999976158142
        },
        {
            "location": [
                -421.7204284667969,
                334.81591796875,
                39.80441665649414
            ],
            "power": 1.5800000429153442
        },
        {
            "location": [
                10.492795944213867,
                -63.4906120300293,
                13.540000915527344
            ],
            "power": 0.8999999761581421
        }
    ]
}