{
    "lights": [
        {
            "location": [
                -679.2835083007812,
                -500.0,
                385.452880859375
            ],
            "power": 1.899999976158142
        },
        {
            "location": [
                349.8049011230469,
                334.81591796875,
                -238.891357421875
            ],
            "power": 1.5800000429153442
        },
        {
            "location": [
                10.399212837219238,
                -63.4942512512207,
                13.540000915527344
            ],
            "power": 0.8999999761581421
        }
    ]
}