{
    "lights": [
        {
            "location": [
                -325.6502990722656,
                -500.0,
                -709.8956909179688
            ],
            "power": 1.899999976158142
        },
        {
            "location": [
                207.9458770751953,
                334.81591796875,
                369.04071044921875
            ],
            "power": 1.5800000429153442
        },
        {
            "location": [
                58.56772994995117,
                -38.07463073730469,
                13.540000915527344
            ],
            "power": 0.8999999761581421
        }
    ]
}