{
    "lights": [
        {
            "location": [
                -415.0110778808594,
                -500.0,
                -661.6387329101562
            ],
            "power": 1.899999976158142
        },
        {
            "location": [
                254.07342529296875,
                334.81591796875,
                338.9383544921875
            ],
            "power": 1.5800000429153442
        },
        {
            "location": [
                -50.44746017456055,
                -23.952468872070312,
                13.540000915527344
            ],
            "power": 0.8999999761581421
        }
    ]
}