{
    "lights": [
        {
            "location": [
                -232.29937744140625,
                -500.0,
                745.6788330078125
            ],
            "power": 1.899999976158142
        },
        {
            "location": [
                92.00982666015625,
                334.81591796875,
                -413.4812316894531
            ],
            "power": 1.5800000429153442
        },
        {
            "location": [
                -28.04399871826172,
                -52.19722366333008,
                13.540000915527344
            ],
            "power": 0.8999999761581421
        }
    ]
}