{
    "lights": [
        {
            "location": [
                -677.1589965820312,
                -500.0,
                389.173095703125
            ],
            "power": 1.899999976158142
        },
        {
            "location": [
                348.4892272949219,
                334.81591796875,
                -240.80648803710938
            ],
            "power": 1.5800000429153442
        },
        {
            "location": [
                -37.50862121582031,
                -44.078834533691406,
                13.540000915527344
            ],
            "power": 0.8999999761581421
        }
    ]
}