{
    "lights": [
        {
            "location": [
                -659.016845703125,
                -500.0,
                419.162109375
            ],
            "power": 1.899999976158142
        },
        {
            "location": [
                337.33453369140625,
                334.81591796875,
                -256.1990661621094
            ],
            "power": 1.5800000429153442
        },
        {
            "location": [
                -33.899742126464844,
                46.36653137207031,
                13.540000915527344
            ],
            "power": 0.8999999761581421
        }
    ]
}