{
    "lights": [
        {
            "location": [
                -763.7648315429688,
                -500.0,
                -163.28900146484375
            ],
            "power": 1.899999976158142
        },
        {
            "location": [
                420.1519470214844,
                334.81591796875,
                53.89687728881836
            ],
            "power": 1.5800000429153442
        },
        {
            "location": [
                -24.139389038085938,
                -54.71564483642578,
                13.540000915527344
            ],
            "power": 0.8999999761581421
        }
    ]
}