{
    "lights": [
        {
            "location": [
                728.28857421875,
                -500.0,
                282.12713623046875
            ],
            "power": 1.899999976158142
        },
        {
            "location": [
                -406.32354736328125,
                334.81591796875,
                -119.72348022460938
            ],
            "power": 1.5800000429153442
        },
        {
            "location": [
                70.78184509277344,
                3.8590006828308105,
                13.540000915527344
            ],
            "power": 0.8999999761581421
        }
    ]
}