{
    "lights": [
        {
            "location": [
                780.0414428710938,
                -500.0,
                39.183990478515625
            ],
            "power": 1.899999976158142
        },
        {
            "location": [
                -423.36627197265625,
                334.81591796875,
                13.91269302368164
            ],
            "power": 1.5800000429153442
        },
        {
            "location": [
                68.54173278808594,
                16.608762741088867,
                13.540000915527344
            ],
            "power": 0.8999999761581421
        }
    ]
}