{
    "lights": [
        {
            "location": [
                444.7716369628906,
                -500.0,
                -642.0110473632812
            ],
            "power": 1.899999976158142
        },
        {
            "location": [
                -211.5122833251953,
                334.81591796875,
                367.00830078125
            ],
            "power": 1.5800000429153442
        },
        {
            "location": [
                47.26131820678711,
                48.59341812133789,
                13.540000915527344
            ],
            "power": 0.8999999761581421
        }
    ]
}