{
    "lights": [
        {
            "location": [
                -723.1699829101562,
                -500.0,
                -295.000244140625
            ],
            "power": 1.899999976158142
        },
        {
            "location": [
                404.1361083984375,
                334.81591796875,
                126.91149139404297
            ],
            "power": 1.5800000429153442
        },
        {
            "location": [
                69.00300598144531,
                -16.094396591186523,
                13.540000915527344
            ],
            "power": 0.8999999761581421
        }
    ]
}