{
    "lights": [
        {
            "location": [
                -747.2496337890625,
                -500.0,
                -227.19589233398438
            ],
            "power": 1.899999976158142
        },
        {
            "location": [
                414.1006164550781,
                334.81591796875,
                89.18077850341797
            ],
            "power": 1.5800000429153442
        },
        {
            "location": [
                69.6939468383789,
                -13.061944961547852,
                13.540000915527344
            ],
            "power": 0.8999999761581421
        }
    ]
}