{
    "lights": [
        {
            "location": [
                -656.2689208984375,
                -500.0,
                -423.451416015625
            ],
            "power": 1.899999976158142
        },
        {
            "location": [
                373.75537109375,
                334.81591796875,
                199.34754943847656
            ],
            "power": 1.5800000429153442
        },
        {
            "location": [
                67.18617248535156,
                -22.01122283935547,
                13.540000915527344
            ],
            "power": 0.8999999761581421
        }
    ]
}