{
    "lights": [
        {
            "location": [
                133.5855712890625,
                -500.0,
                -769.5159912109375
            ],
            "power": 1.899999976158142
        },
        {
            "location": [
                -37.58378219604492,
                334.81591796875,
                421.92413330078125
            ],
            "power": 1.5800000429153442
        },
        {
            "location": [
                -53.67646408081055,
                11.94819450378418,
                13.540000915527344
            ],
            "power": 0.8999999761581421
        }
    ]
}