{
    "lights": [
        {
            "location": [
                95.06533813476562,
                -500.0,
                775.2177734375
            ],
            "power": 1.899999976158142
        },
        {
            "location": [
                -86.25591278076172,
                334.81591796875,
                -414.7196960449219
            ],
            "power": 1.5800000429153442
        },
        {
            "location": [
                -21.155323028564453,
                -56.3800163269043,
                13.540000915527344
            ],
            "power": 0.8999999761581421
        }
    ]
}