{
    "lights": [
        {
            "location": [
                483.28472900390625,
                -500.0,
                613.543701171875
            ],
            "power": 1.899999976158142
        },
        {
            "location": [
                -288.8109436035156,
                334.81591796875,
                -309.8721923828125
            ],
            "power": 1.5800000429153442
        },
        {
            "location": [
                68.3985595703125,
                -18.30471420288086,
                13.540000915527344
            ],
            "power": 0.8999999761581421
        }
    ]
}