{
    "lights": [
        {
            "location": [
                -427.5006103515625,
                -500.0,
                -653.6384887695312
            ],
            "power": 1.899999976158142
        },
        {
            "location": [
                260.4639892578125,
                334.81591796875,
                334.0524597167969
            ],
            "power": 1.5800000429153442
        },
        {
            "location": [
                9.095216751098633,
                62.33047103881836,
                13.540000915527344
            ],
            "power": 0.8999999761581421
        }
    ]
}