{
    "lights": [
        {
            "location": [
                -761.3905639648438,
                -500.0,
                -174.024169921875
            ],
            "power": 1.899999976158142
        },
        {
            "location": [
                419.3516540527344,
                334.81591796875,
                59.8058967590332
            ],
            "power": 1.5800000429153442
        },
        {
            "location": [
                -14.572805404663086,
                58.15297317504883,
                13.540000915527344
            ],
            "power": 0.8999999761581421
        }
    ]
}