{
    "lights": [
        {
            "location": [
                565.6915893554688,
                -500.0,
                -538.510009765625
            ],
            "power": 1.899999976158142
        },
        {
            "location": [
                -281.5242919921875,
                334.81591796875,
                316.5069274902344
            ],
            "power": 1.5800000429153442
        },
        {
            "location": [
                -52.9572868347168,
                -16.27330207824707,
                13.540000915527344
            ],
            "power": 0.8999999761581421
        }
    ]
}