{
    "lights": [
        {
            "location": [
                -740.8921508789062,
                -500.0,
                -247.14138793945312
            ],
            "power": 1.899999976158142
        },
        {
            "location": [
                411.5617370605469,
                334.81591796875,
                100.2470932006836
            ],
            "power": 1.5800000429153442
        },
        {
            "location": [
                -11.792224884033203,
                59.14706039428711,
                13.540000915527344
            ],
            "power": 0.8999999761581421
        }
    ]
}