{
    "lights": [
        {
            "location": [
                -608.123046875,
                -500.0,
                490.08819580078125
            ],
            "power": 1.899999976158142
        },
        {
            "location": [
                306.6363220214844,
                334.81591796875,
                -292.2442932128906
            ],
            "power": 1.5800000429153442
        },
        {
            "location": [
                18.168676376342773,
                -62.713134765625,
                13.540000915527344
            ],
            "power": 0.8999999761581421
        }
    ]
}