{
    "lights": [
        {
            "location": [
                -639.5340576171875,
                -500.0,
                -448.32586669921875
            ],
            "power": 1.899999976158142
        },
        {
            "location": [
                365.8293762207031,
                334.81591796875,
                213.54473876953125
            ],
            "power": 1.5800000429153442
        },
        {
            "location": [
                -3.090418815612793,
                61.35519790649414,
                13.540000915527344
            ],
            "power": 0.8999999761581421
        }
    ]
}