{
    "lights": [
        {
            "location": [
                -780.5814208984375,
                -500.0,
                26.31805419921875
            ],
            "power": 1.899999976158142
        },
        {
            "location": [
                420.7113952636719,
                334.81591796875,
                -49.3400993347168
            ],
            "power": 1.5800000429153442
        },
        {
            "location": [
                -12.968376159667969,
                -59.94450759887695,
                13.540000915527344
            ],
            "power": 0.8999999761581421
        }
    ]
}