{
    "lights": [
        {
            "location": [
                -444.262939453125,
                -500.0,
                642.3631591796875
            ],
            "power": 1.899999976158142
        },
        {
            "location": [
                211.22149658203125,
                334.81591796875,
                -367.17572021484375
            ],
            "power": 1.5800000429153442
        },
        {
            "location": [
                31.27472686767578,
                -59.078460693359375,
                13.540000915527344
            ],
            "power": 0.8999999761581421
        }
    ]
}