{
    "lights": [
        {
            "location": [
                -713.3853759765625,
                -500.0,
                -317.932861328125
            ],
            "power": 1.899999976158142
        },
        {
            "location": [
                399.8793029785156,
                334.81591796875,
                139.74649047851562
            ],
            "power": 1.5800000429153442
        },
        {
            "location": [
                -32.84259796142578,
                -48.48868179321289,
                13.540000915527344
            ],
            "power": 0.8999999761581421
        }
    ]
}