{
    "lights": [
        {
            "location": [
                775.3447875976562,
                -500.0,
                -94.0235595703125
            ],
            "power": 1.899999976158142
        },
        {
            "location": [
                -414.8352355957031,
                334.81591796875,
                85.69857025146484
            ],
            "power": 1.5800000429153442
        },
        {
            "location": [
                -54.622798919677734,
                -6.910982608795166,
                13.540000915527344
            ],
            "power": 0.8999999761581421
        }
    ]
}