{
    "lights": [
        {
            "location": [
                124.258544921875,
                -500.0,
                -771.0770874023438
            ],
            "power": 1.899999976158142
        },
        {
            "location": [
                -32.4724006652832,
                334.81591796875,
                422.3482971191406
            ],
            "power": 1.5800000429153442
        },
        {
            "location": [
                33.541419982910156,
                56.92459487915039,
                13.540000915527344
            ],
            "power": 0.8999999761581421
        }
    ]
}