{
    "lights": [
        {
            "location": [
                516.3377075195312,
                -500.0,
                585.99951171875
            ],
            "power": 1.899999976158142
        },
        {
            "location": [
                -305.4366149902344,
                334.81591796875,
                -293.4979248046875
            ],
            "power": 1.5800000429153442
        },
        {
            "location": [
                21.98159408569336,
                60.76740646362305,
                13.540000915527344
            ],
            "power": 0.8999999761581421
        }
    ]
}