{
    "lights": [
        {
            "location": [
                704.0008544921875,
                -500.0,
                338.2052001953125
            ],
            "power": 1.899999976158142
        },
        {
            "location": [
                -395.71905517578125,
                334.81591796875,
                -151.1256561279297
            ],
            "power": 1.5800000429153442
        },
        {
            "location": [
                70.9278793334961,
                0.6352001428604126,
                13.540000915527344
            ],
            "power": 0.8999999761581421
        }
    ]
}