{
    "lights": [
        {
            "location": [
                673.0692749023438,
                -500.0,
                -396.2041931152344
            ],
            "power": 1.899999976158142
        },
        {
            "location": [
                -345.9624938964844,
                334.81591796875,
                244.42274475097656
            ],
            "power": 1.5800000429153442
        },
        {
            "location": [
                58.51517868041992,
                36.945438385009766,
                13.540000915527344
            ],
            "power": 0.8999999761581421
        }
    ]
}