{
    "lights": [
        {
            "location": [
                -776.1080322265625,
                -500.0,
                -87.49990844726562
            ],
            "power": 1.899999976158142
        },
        {
            "location": [
                423.4138488769531,
                334.81591796875,
                12.378461837768555
            ],
            "power": 1.5800000429153442
        },
        {
            "location": [
                70.62513732910156,
                -6.887698173522949,
                13.540000915527344
            ],
            "power": 0.8999999761581421
        }
    ]
}