{
    "lights": [
        {
            "location": [
                -389.8514404296875,
                -500.0,
                -676.7686767578125
            ],
            "power": 1.899999976158142
        },
        {
            "location": [
                241.15560913085938,
                334.81591796875,
                348.2477722167969
            ],
            "power": 1.5800000429153442
        },
        {
            "location": [
                -51.1418571472168,
                -22.133325576782227,
                13.540000915527344
            ],
            "power": 0.8999999761581421
        }
    ]
}