{
    "lights": [
        {
            "location": [
                -499.63525390625,
                -500.0,
                -600.3037719726562
            ],
            "power": 1.899999976158142
        },
        {
            "location": [
                297.0526428222656,
                334.81591796875,
                301.9805603027344
            ],
            "power": 1.5800000429153442
        },
        {
            "location": [
                -47.471435546875,
                -30.33824920654297,
                13.540000915527344
            ],
            "power": 0.8999999761581421
        }
    ]
}