{
    "lights": [
        {
            "location": [
                403.78778076171875,
                -500.0,
                668.5471801757812
            ],
            "power": 1.899999976158142
        },
        {
            "location": [
                -248.3181610107422,
                334.81591796875,
                -343.1772155761719
            ],
            "power": 1.5800000429153442
        },
        {
            "location": [
                -13.20705795288086,
                -59.8596305847168,
                13.540000915527344
            ],
            "power": 0.8999999761581421
        }
    ]
}