{
    "lights": [
        {
            "location": [
                -80.2169189453125,
                -500.0,
                -776.8946533203125
            ],
            "power": 1.899999976158142
        },
        {
            "location": [
                78.30596160888672,
                334.81591796875,
                416.29400634765625
            ],
            "power": 1.5800000429153442
        },
        {
            "location": [
                -54.934974670410156,
                -1.3951020240783691,
                13.540000915527344
            ],
            "power": 0.8999999761581421
        }
    ]
}