{
    "lights": [
        {
            "location": [
                -404.2850646972656,
                -500.0,
                668.2466430664062
            ],
            "power": 1.899999976158142
        },
        {
            "location": [
                188.44952392578125,
                334.81591796875,
                -379.3669738769531
            ],
            "power": 1.5800000429153442
        },
        {
            "location": [
                61.57635498046875,
                32.4305534362793,
                13.540000915527344
            ],
            "power": 0.8999999761581421
        }
    ]
}