{
    "lights": [
        {
            "location": [
                -292.16845703125,
                -500.0,
                -724.3187255859375
            ],
            "power": 1.899999976158142
        },
        {
            "location": [
                190.49813842773438,
                334.81591796875,
                378.3424072265625
            ],
            "power": 1.5800000429153442
        },
        {
            "location": [
                -53.196983337402344,
                -15.309615135192871,
                13.540000915527344
            ],
            "power": 0.8999999761581421
        }
    ]
}