{
    "lights": [
        {
            "location": [
                -713.5128173828125,
                -500.0,
                -317.6468505859375
            ],
            "power": 1.899999976158142
        },
        {
            "location": [
                399.935302734375,
                334.81591796875,
                139.58616638183594
            ],
            "power": 1.5800000429153442
        },
        {
            "location": [
                -8.947381973266602,
                60.01542663574219,
                13.540000915527344
            ],
            "power": 0.8999999761581421
        }
    ]
}