{
    "lights": [
        {
            "location": [
                677.4996337890625,
                -500.0,
                -388.5797119140625
            ],
            "power": 1.899999976158142
        },
        {
            "location": [
                -348.7000427246094,
                334.81591796875,
                240.5010986328125
            ],
            "power": 1.5800000429153442
        },
        {
            "location": [
                23.52206039428711,
                -61.595977783203125,
                13.540000915527344
            ],
            "power": 0.8999999761581421
        }
    ]
}