{
    "lights": [
        {
            "location": [
                267.88299560546875,
                -500.0,
                -733.6475219726562
            ],
            "power": 1.899999976158142
        },
        {
            "location": [
                -111.7835922241211,
                334.81591796875,
                408.5792236328125
            ],
            "power": 1.5800000429153442
        },
        {
            "location": [
                -51.40804672241211,
                20.18767547607422,
                13.540000915527344
            ],
            "power": 0.8999999761581421
        }
    ]
}