{
    "lights": [
        {
            "location": [
                -39.30120849609375,
                -500.0,
                780.0355224609375
            ],
            "power": 1.899999976158142
        },
        {
            "location": [
                -13.849071502685547,
                334.81591796875,
                -423.36834716796875
            ],
            "power": 1.5800000429153442
        },
        {
            "location": [
                49.3697509765625,
                46.83403015136719,
                13.540000915527344
            ],
            "power": 0.8999999761581421
        }
    ]
}