{
    "lights": [
        {
            "location": [
                388.5594482421875,
                -500.0,
                677.5112915039062
            ],
            "power": 1.899999976158142
        },
        {
            "location": [
                -240.4906768798828,
                334.81591796875,
                -348.7072448730469
            ],
            "power": 1.5800000429153442
        },
        {
            "location": [
                66.32481384277344,
                -24.257108688354492,
                13.540000915527344
            ],
            "power": 0.8999999761581421
        }
    ]
}