{
    "lights": [
        {
            "location": [
                675.65673828125,
                -500.0,
                391.77545166015625
            ],
            "power": 1.899999976158142
        },
        {
            "location": [
                -382.8092956542969,
                334.81591796875,
                -181.35487365722656
            ],
            "power": 1.5800000429153442
        },
        {
            "location": [
                70.90870666503906,
                -2.584423065185547,
                13.540000915527344
            ],
            "power": 0.8999999761581421
        }
    ]
}