{
    "lights": [
        {
            "location": [
                331.45867919921875,
                -500.0,
                707.202392578125
            ],
            "power": 1.899999976158142
        },
        {
            "location": [
                -210.96405029296875,
                334.81591796875,
                -367.3236999511719
            ],
            "power": 1.5800000429153442
        },
        {
            "location": [
                -15.289615631103516,
                -59.072532653808594,
                13.540000915527344
            ],
            "power": 0.8999999761581421
        }
    ]
}